id,gender,age,hypertension,heart_disease,ever_married,work_type,Residence_type,avg_glucose_level,bmi,smoking_status,stroke,age_norm,avg_glucose_level_norm,bmi_norm
9046,Male,67.0,No,Yes,Yes,Private,Urban,228.69,36.6,formerly smoked,Yes,0.7541981291558661,0.8012648878219923,0.3012600229095075
51676,Female,61.0,No,No,Yes,Self-employed,Rural,202.21,28.1,never smoked,Yes,0.6865772568466133,0.6790231742221402,0.2038946162657503
31112,Male,80.0,No,Yes,Yes,Private,Rural,105.92,32.5,never smoked,Yes,0.9007100191592471,0.2345120487489613,0.2542955326460481
60182,Female,49.0,No,No,Yes,Private,Urban,171.23,34.4,smokes,Yes,0.5513355122281077,0.5360077555165728,0.2760595647193585
1665,Female,79.0,Yes,No,Yes,Self-employed,Rural,174.12,24.0,never smoked,Yes,0.8894398737743716,0.5493490905733542,0.1569301260022909
56669,Male,81.0,No,No,Yes,Private,Urban,186.21,29.0,formerly smoked,Yes,0.9119801645441226,0.6051611116240421,0.2142038946162657
53882,Male,74.0,No,Yes,Yes,Private,Rural,70.09,27.4,never smoked,Yes,0.8330891468499944,0.0691071923183455,0.1958762886597937
10434,Female,69.0,No,No,No,Private,Urban,94.39,22.8,never smoked,Yes,0.776738419925617,0.1812851998892069,0.143184421534937
27419,Female,45.0,No,No,Yes,Private,Rural,76.15,28.1,Unknown,Yes,0.5062549306886058,0.0970824485273751,0.2038946162657503
60491,Female,78.0,No,No,Yes,Private,Urban,58.57,24.2,Unknown,Yes,0.8781697283894963,0.0159265072477149,0.1592210767468499
12109,Female,81.0,Yes,No,Yes,Private,Rural,80.43,29.7,never smoked,Yes,0.9119801645441226,0.1168405502723664,0.2222222222222222
12095,Female,61.0,No,Yes,Yes,Govt_job,Rural,120.46,36.8,smokes,Yes,0.6865772568466133,0.3016341981349829,0.3035509736540664
12175,Female,54.0,No,No,Yes,Private,Urban,104.51,27.3,smokes,Yes,0.6076862391524851,0.2280029544825039,0.1947308132875143
8213,Male,78.0,No,Yes,Yes,Private,Urban,219.84,28.1,Unknown,Yes,0.8781697283894963,0.7604099344474194,0.2038946162657503
5317,Female,79.0,No,Yes,Yes,Private,Urban,214.09,28.2,never smoked,Yes,0.8894398737743716,0.7338657557012279,0.2050400916380297
58202,Female,50.0,Yes,No,Yes,Self-employed,Rural,167.41,30.9,never smoked,Yes,0.5626056576129832,0.5183731880712769,0.2359679266895761
56112,Male,64.0,No,Yes,Yes,Private,Urban,191.61,37.5,smokes,Yes,0.7203876930012397,0.6300895577509003,0.3115693012600229
34120,Male,75.0,Yes,No,Yes,Private,Urban,221.29,25.8,smokes,Yes,0.8443592922348698,0.767103683870372,0.1775486827033219
27458,Female,60.0,No,No,No,Private,Urban,89.22,37.8,never smoked,Yes,0.6753071114617378,0.1574185209121964,0.3150057273768614
25226,Male,57.0,No,No,No,Govt_job,Urban,217.08,28.1,Unknown,Yes,0.6414966753071114,0.7476687286492476,0.2038946162657503
70630,Female,71.0,No,No,Yes,Govt_job,Rural,193.94,22.4,smokes,Yes,0.7992787106953679,0.6408457206167482,0.138602520045819
13861,Female,52.0,Yes,No,Yes,Self-employed,Urban,233.29,48.9,never smoked,Yes,0.5851459483827341,0.8225002308189455,0.4421534936998854
68794,Female,79.0,No,No,Yes,Self-employed,Urban,228.7,26.6,never smoked,Yes,0.8894398737743716,0.8013110516111162,0.1867124856815578
64778,Male,45.0,No,Yes,Yes,Private,Rural,208.3,32.5,Unknown,Yes,0.5062549306886058,0.7071369217985413,0.2542955326460481
4219,Male,71.0,No,No,Yes,Private,Urban,102.87,27.2,formerly smoked,Yes,0.7992787106953679,0.2204320930661989,0.1935853379152348
70822,Male,80.0,No,No,Yes,Self-employed,Rural,104.12,23.5,never smoked,Yes,0.9007100191592471,0.2262025667066753,0.1512027491408934
38047,Female,65.0,No,No,Yes,Private,Rural,100.98,28.2,formerly smoked,Yes,0.7316578383861152,0.2117071369217985,0.2050400916380297
61843,Male,58.0,No,No,Yes,Private,Rural,189.84,28.1,Unknown,Yes,0.6527668206919869,0.6219185670759856,0.2038946162657503
54827,Male,69.0,No,Yes,Yes,Self-employed,Urban,195.23,28.3,smokes,Yes,0.776738419925617,0.6468008494137198,0.2061855670103093
69160,Male,45.0,No,No,Yes,Private,Rural,211.78,28.1,formerly smoked,Yes,0.5062549306886058,0.7232019204136275,0.2038946162657503
43717,Male,57.0,Yes,No,Yes,Private,Urban,212.08,44.2,smokes,Yes,0.6414966753071114,0.7245868340873419,0.3883161512027492
33879,Male,42.0,No,No,Yes,Private,Rural,83.41,25.4,Unknown,Yes,0.4724444945339794,0.1305973594312621,0.1729667812142038
39373,Female,82.0,Yes,No,Yes,Self-employed,Urban,196.92,22.2,never smoked,Yes,0.923250309928998,0.6546025297756439,0.13631156930126
54401,Male,45.0,No,Yes,Yes,Self-employed,Urban,252.72,30.5,formerly smoked,Yes,0.5062549306886058,0.9121964730865108,0.2313860252004582
14248,Male,48.0,No,No,No,Govt_job,Urban,84.2,29.7,never smoked,Yes,0.5400653668432323,0.1342442987720432,0.2222222222222222
712,Female,82.0,Yes,Yes,No,Private,Rural,84.03,26.5,formerly smoked,Yes,0.923250309928998,0.1334595143569384,0.1855670103092783
47269,Male,74.0,No,No,Yes,Private,Rural,219.72,33.7,formerly smoked,Yes,0.8330891468499944,0.7598559689779336,0.2680412371134021
24977,Female,72.0,Yes,No,Yes,Private,Rural,74.63,23.1,formerly smoked,Yes,0.8105488560802434,0.0900655525805558,0.1466208476517755
47306,Male,58.0,No,No,No,Private,Rural,92.62,32.0,Unknown,Yes,0.6527668206919869,0.1731142092142923,0.2485681557846506
62602,Female,49.0,No,No,Yes,Private,Urban,60.91,29.9,never smoked,Yes,0.5513355122281077,0.0267288339026867,0.2245131729667812
4651,Male,78.0,No,No,Yes,Private,Rural,78.03,23.9,formerly smoked,Yes,0.8781697283894963,0.1057612408826516,0.1557846506300114
1261,Male,54.0,No,No,Yes,Private,Urban,71.22,28.5,never smoked,Yes,0.6076862391524851,0.0743237004893361,0.2084765177548682
61960,Male,82.0,No,Yes,Yes,Private,Urban,144.9,26.4,smokes,Yes,0.923250309928998,0.4144584987535777,0.1844215349369988
1845,Female,63.0,No,No,Yes,Private,Urban,90.9,28.1,formerly smoked,Yes,0.7091175476163643,0.1651740374849968,0.2038946162657503
7937,Male,60.0,Yes,No,Yes,Govt_job,Urban,213.03,20.2,smokes,Yes,0.6753071114617378,0.728972394054104,0.11340206185567
19824,Male,76.0,Yes,No,Yes,Private,Rural,243.58,33.6,never smoked,Yes,0.8556294376197453,0.8700027698273475,0.2668957617411225
37937,Female,75.0,No,Yes,No,Self-employed,Urban,109.78,28.1,Unknown,Yes,0.8443592922348698,0.2523312713507525,0.2038946162657503
47472,Female,58.0,No,No,Yes,Private,Urban,107.26,38.6,formerly smoked,Yes,0.6527668206919869,0.240697996491552,0.3241695303550974
35626,Male,81.0,No,No,Yes,Self-employed,Urban,99.33,33.7,never smoked,Yes,0.9119801645441226,0.2040901117163696,0.2680412371134021
36338,Female,39.0,Yes,No,Yes,Private,Rural,58.09,39.2,smokes,Yes,0.4386340583793531,0.0137106453697719,0.3310423825887744
18587,Female,76.0,No,No,No,Private,Urban,89.96,28.1,Unknown,Yes,0.8556294376197453,0.1608346413073585,0.2038946162657503
15102,Male,78.0,Yes,No,Yes,Private,Urban,75.32,28.1,formerly smoked,Yes,0.8781697283894963,0.0932508540300987,0.2038946162657503
59190,Female,79.0,No,Yes,Yes,Private,Rural,127.29,27.7,never smoked,Yes,0.8894398737743716,0.3331640661065461,0.1993127147766323
47167,Female,77.0,Yes,No,Yes,Self-employed,Urban,124.13,31.4,never smoked,Yes,0.8668995830046208,0.3185763087434216,0.2416953035509736
8752,Female,63.0,No,No,Yes,Govt_job,Urban,197.54,28.1,never smoked,Yes,0.7091175476163643,0.6574646847013202,0.2038946162657503
25831,Male,63.0,No,Yes,Yes,Private,Rural,196.71,36.5,formerly smoked,Yes,0.7091175476163643,0.6536330902040439,0.3001145475372279
38829,Female,82.0,No,No,Yes,Private,Rural,59.32,33.2,never smoked,Yes,0.923250309928998,0.0193887914320007,0.2623138602520046
66400,Male,78.0,No,No,Yes,Private,Urban,237.75,28.1,formerly smoked,Yes,0.8781697283894963,0.8430892807681654,0.2038946162657503
58631,Male,73.0,Yes,No,Yes,Self-employed,Urban,194.99,32.8,never smoked,Yes,0.8218190014651189,0.6456929184747484,0.2577319587628865
5111,Female,54.0,Yes,No,Yes,Govt_job,Urban,180.93,27.7,never smoked,Yes,0.6076862391524851,0.5807866309666697,0.1993127147766323
10710,Female,56.0,No,No,Yes,Private,Urban,185.17,40.4,formerly smoked,Yes,0.6302265299222359,0.6003600775551656,0.3447880870561283
55927,Female,80.0,Yes,No,Yes,Private,Rural,74.9,22.2,never smoked,Yes,0.9007100191592471,0.0913119748868987,0.13631156930126
65842,Female,67.0,Yes,No,Yes,Self-employed,Rural,61.94,25.3,smokes,Yes,0.7541981291558661,0.0314837041824392,0.1718213058419244
19557,Female,45.0,No,No,Yes,Private,Rural,93.72,30.2,formerly smoked,Yes,0.5062549306886058,0.1781922260179115,0.2279495990836197
7356,Male,75.0,No,No,Yes,Private,Urban,104.72,28.1,Unknown,Yes,0.8443592922348698,0.2289723940541039,0.2038946162657503
17013,Male,45.0,Yes,No,No,Private,Urban,113.01,24.0,never smoked,Yes,0.5062549306886058,0.2672421752377435,0.1569301260022909
17004,Female,70.0,No,No,Yes,Private,Urban,221.58,47.5,never smoked,Yes,0.7880085653104925,0.7684424337549626,0.4261168384879725
72366,Male,76.0,No,No,Yes,Private,Urban,104.47,20.3,Unknown,Yes,0.8556294376197453,0.2278182993260087,0.1145475372279496
6118,Male,59.0,No,No,Yes,Private,Urban,86.23,30.0,formerly smoked,Yes,0.6640369660768624,0.1436155479641769,0.2256586483390607
7371,Female,80.0,Yes,No,Yes,Self-employed,Rural,72.67,28.9,never smoked,Yes,0.9007100191592471,0.0810174499122888,0.2130584192439862
70676,Female,76.0,No,No,Yes,Govt_job,Rural,62.57,28.1,formerly smoked,Yes,0.8556294376197453,0.0343920228972394,0.2038946162657503
2326,Female,67.0,Yes,No,Yes,Private,Rural,179.12,28.1,formerly smoked,Yes,0.7541981291558661,0.5724309851352599,0.2038946162657503
27169,Female,66.0,Yes,No,Yes,Govt_job,Rural,116.55,31.1,formerly smoked,Yes,0.7429279837709907,0.2835841565875727,0.2382588774341351
50784,Male,63.0,No,No,Yes,Private,Rural,228.56,27.4,never smoked,Yes,0.7091175476163643,0.8006647585633828,0.1958762886597937
19773,Female,52.0,No,No,Yes,Private,Rural,96.59,26.4,never smoked,Yes,0.5851459483827341,0.1914412334964454,0.1844215349369988
66159,Female,80.0,No,Yes,Yes,Self-employed,Rural,66.72,21.7,formerly smoked,Yes,0.9007100191592471,0.053549995383621,0.1305841924398625
36236,Male,80.0,Yes,No,Yes,Private,Urban,240.09,27.0,never smoked,Yes,0.9007100191592471,0.8538916074231373,0.1912943871706758
71673,Female,79.0,No,No,Yes,Private,Urban,110.85,24.1,formerly smoked,Yes,0.8894398737743716,0.2572707967870002,0.1580756013745704
45805,Female,51.0,No,No,Yes,Private,Urban,165.31,28.1,never smoked,Yes,0.5738758029978587,0.5086787923552765,0.2038946162657503
42117,Male,45.0,No,No,Yes,Self-employed,Urban,143.43,45.9,Unknown,Yes,0.5062549306886058,0.4076724217523774,0.4077892325315005
57419,Male,7.85,No,No,Yes,Private,Rural,96.16,44.1,Unknown,Yes,0.0875690296404823,0.1894561905641215,0.3871706758304696
26015,Female,66.0,No,No,Yes,Self-employed,Urban,101.45,28.1,Unknown,Yes,0.7429279837709907,0.2138768350106177,0.2038946162657503
26727,Female,79.0,No,No,No,Private,Rural,88.92,22.9,never smoked,Yes,0.8894398737743716,0.1560336072384821,0.1443298969072164
66638,Female,68.0,Yes,No,No,Self-employed,Urban,79.79,29.7,never smoked,Yes,0.7654682745407415,0.1138860677684424,0.2222222222222222
70042,Male,45.0,No,No,Yes,Private,Urban,71.2,28.1,Unknown,Yes,0.5062549306886058,0.0742313729110885,0.2038946162657503
32399,Male,54.0,No,No,Yes,Private,Rural,96.97,29.1,smokes,Yes,0.6076862391524851,0.1931954574831502,0.2153493699885452
3253,Male,61.0,No,Yes,Yes,Private,Rural,111.81,27.3,smokes,Yes,0.6865772568466133,0.2617025205428862,0.1947308132875143
71796,Female,70.0,No,Yes,Yes,Private,Rural,59.35,32.3,formerly smoked,Yes,0.7880085653104925,0.0195272827993721,0.2520045819014891
14499,Male,47.0,No,No,Yes,Private,Urban,86.94,41.1,formerly smoked,Yes,0.5287952214583568,0.1468931769919675,0.3528064146620848
49130,Male,74.0,No,No,Yes,Private,Urban,98.55,25.6,Unknown,Yes,0.8330891468499944,0.2004893361647124,0.1752577319587629
28291,Female,79.0,No,Yes,Yes,Private,Urban,226.98,29.8,never smoked,Yes,0.8894398737743716,0.7933708798818206,0.2233676975945017
51169,Male,81.0,No,No,Yes,Private,Urban,72.81,26.3,never smoked,Yes,0.9119801645441226,0.0816637429600221,0.1832760595647193
66315,Female,57.0,No,No,No,Self-employed,Urban,68.02,37.5,never smoked,Yes,0.6414966753071114,0.0595512879697165,0.3115693012600229
37726,Female,80.0,Yes,No,Yes,Self-employed,Urban,68.56,26.2,Unknown,Yes,0.9007100191592471,0.0620441325824023,0.1821305841924398
54385,Male,45.0,No,No,Yes,Private,Rural,64.14,29.4,never smoked,Yes,0.5062549306886058,0.0416397377896777,0.2187857961053837
2458,Female,78.0,No,No,Yes,Private,Rural,235.63,32.3,never smoked,Yes,0.8781697283894963,0.8333025574739173,0.2520045819014891
35512,Female,70.0,No,No,Yes,Self-employed,Rural,76.34,24.4,formerly smoked,Yes,0.7880085653104925,0.0979595605207275,0.1615120274914089
56841,Male,58.0,No,Yes,Yes,Private,Rural,240.59,31.4,smokes,Yes,0.6527668206919869,0.8561997968793278,0.2416953035509736
8154,Male,57.0,Yes,No,Yes,Govt_job,Urban,78.92,27.7,formerly smoked,Yes,0.6414966753071114,0.1098698181146708,0.1993127147766323
4639,Female,69.0,No,No,Yes,Govt_job,Urban,82.81,28.0,never smoked,Yes,0.776738419925617,0.1278275320838334,0.2027491408934708
12363,Male,64.0,No,Yes,Yes,Govt_job,Urban,74.1,28.8,Unknown,Yes,0.7203876930012397,0.0876188717569938,0.2119129438717067
63973,Female,77.0,No,No,Yes,Govt_job,Rural,190.32,31.4,never smoked,Yes,0.8668995830046208,0.6241344289539285,0.2416953035509736
45277,Female,74.0,No,No,Yes,Private,Rural,231.61,34.6,formerly smoked,Yes,0.8330891468499944,0.8147447142461454,0.2783505154639175
4712,Female,81.0,No,Yes,Yes,Self-employed,Rural,78.7,19.4,Unknown,Yes,0.9119801645441226,0.108854214753947,0.1042382588774341
33175,Female,57.0,No,No,Yes,Govt_job,Urban,110.52,28.5,Unknown,Yes,0.6414966753071114,0.2557473917459145,0.2084765177548682
2346,Male,58.0,No,No,Yes,Private,Urban,82.3,28.1,smokes,Yes,0.6527668206919869,0.125473178838519,0.2038946162657503
42072,Female,45.0,Yes,No,Yes,Private,Rural,73.18,30.3,formerly smoked,Yes,0.5062549306886058,0.0833718031576032,0.2290950744558992
12062,Female,54.0,No,No,Yes,Self-employed,Rural,191.82,40.4,smokes,Yes,0.6076862391524851,0.6310589973225001,0.3447880870561283
30456,Female,79.0,No,No,Yes,Private,Rural,93.05,24.2,never smoked,Yes,0.8894398737743716,0.1750992521466162,0.1592210767468499
59125,Female,53.0,No,No,Yes,Govt_job,Urban,64.17,41.5,never smoked,Yes,0.5964160937676096,0.0417782291570492,0.3573883161512027
56546,Male,79.0,No,Yes,Yes,Private,Rural,129.98,22.6,formerly smoked,Yes,0.8894398737743716,0.3455821253808512,0.140893470790378
48405,Male,80.0,No,Yes,Yes,Private,Urban,68.53,24.2,smokes,Yes,0.9007100191592471,0.0619056412150309,0.1592210767468499
36706,Female,76.0,No,No,Yes,Self-employed,Urban,106.41,28.1,formerly smoked,Yes,0.8556294376197453,0.236774074416028,0.2038946162657503
41069,Female,45.0,No,No,Yes,Private,Rural,224.1,56.6,never smoked,Yes,0.5062549306886058,0.780075708614163,0.5303550973654066
71639,Female,68.0,No,No,No,Govt_job,Urban,82.1,27.1,Unknown,Yes,0.7654682745407415,0.1245499030560428,0.1924398625429553
53401,Male,71.0,Yes,Yes,No,Govt_job,Rural,216.94,30.9,never smoked,Yes,0.7992787106953679,0.7470224356015142,0.2359679266895761
60744,Male,61.0,Yes,No,Yes,Self-employed,Rural,76.11,27.3,smokes,Yes,0.6865772568466133,0.0968977933708798,0.1947308132875143
7547,Male,74.0,No,No,Yes,Private,Urban,72.96,31.3,smokes,Yes,0.8330891468499944,0.0823561997968793,0.2405498281786941
31720,Female,38.0,No,No,No,Self-employed,Urban,82.28,24.0,formerly smoked,Yes,0.4273639129944776,0.1253808512602714,0.1569301260022909
5563,Female,77.0,No,No,Yes,Private,Urban,105.22,31.0,never smoked,Yes,0.8668995830046208,0.2312805835102945,0.2371134020618556
68798,Female,58.0,No,No,Yes,Private,Rural,59.86,28.0,formerly smoked,Yes,0.6527668206919869,0.0218816360446865,0.2027491408934708
72918,Female,53.0,Yes,No,Yes,Private,Urban,62.55,30.3,Unknown,Yes,0.5964160937676096,0.0342996953189917,0.2290950744558992
13491,Male,80.0,No,No,Yes,Private,Rural,259.63,31.7,smokes,Yes,0.9007100191592471,0.9440956513710644,0.2451317296678121
44033,Male,56.0,Yes,No,Yes,Private,Rural,249.31,35.8,never smoked,Yes,0.6302265299222359,0.8964546209952913,0.2920962199312714
14164,Female,72.0,No,No,Yes,Private,Urban,219.91,28.1,Unknown,Yes,0.8105488560802434,0.7607330809712861,0.2038946162657503
50522,Female,72.0,No,No,Yes,Govt_job,Urban,131.41,28.4,never smoked,Yes,0.8105488560802434,0.3521835472255562,0.2073310423825887
3352,Male,78.0,Yes,No,Yes,Self-employed,Urban,93.13,28.1,formerly smoked,Yes,0.8781697283894963,0.1754685624596066,0.2038946162657503
70943,Female,80.0,No,No,Yes,Private,Urban,73.54,24.0,Unknown,Yes,0.9007100191592471,0.0850336995660604,0.1569301260022909
37132,Male,82.0,No,No,Yes,Govt_job,Urban,200.59,29.0,formerly smoked,Yes,0.923250309928998,0.6715446403840827,0.2142038946162657
48796,Female,75.0,No,No,Yes,Govt_job,Urban,62.48,28.1,Unknown,Yes,0.8443592922348698,0.0339765487951251,0.2038946162657503
53440,Female,73.0,Yes,No,Yes,Private,Rural,190.14,36.5,never smoked,Yes,0.8218190014651189,0.6233034807496999,0.3001145475372279
16817,Female,78.0,Yes,No,No,Private,Urban,130.54,20.1,never smoked,Yes,0.8781697283894963,0.3481672975717846,0.1122565864833906
69551,Male,69.0,Yes,No,No,Private,Rural,182.99,36.5,never smoked,Yes,0.776738419925617,0.5902963715261749,0.3001145475372279
31563,Female,38.0,No,No,Yes,Private,Rural,101.45,28.1,formerly smoked,Yes,0.4273639129944776,0.2138768350106177,0.2038946162657503
20387,Female,68.0,Yes,No,Yes,Self-employed,Rural,206.09,26.7,never smoked,Yes,0.7654682745407415,0.696934724402179,0.1878579610538373
71279,Female,71.0,No,No,Yes,Govt_job,Urban,263.32,38.7,never smoked,Yes,0.7992787106953679,0.9611300895577508,0.3253150057273768
55824,Male,76.0,No,No,Yes,Private,Urban,140.1,29.9,formerly smoked,Yes,0.8556294376197453,0.3922998799741482,0.2245131729667812
11762,Female,76.0,No,No,Yes,Private,Urban,207.28,34.9,Unknown,Yes,0.8556294376197453,0.7024282153079124,0.281786941580756
29281,Male,76.0,Yes,No,Yes,Self-employed,Rural,194.37,27.0,formerly smoked,Yes,0.8556294376197453,0.6428307635490721,0.1912943871706758
30683,Female,75.0,No,No,Yes,Private,Rural,199.2,26.6,Unknown,Yes,0.8443592922348698,0.6651278736958729,0.1867124856815578
20439,Male,82.0,No,Yes,Yes,Govt_job,Rural,103.68,25.0,never smoked,Yes,0.923250309928998,0.2241713599852276,0.1683848797250859
45965,Female,59.0,No,No,Yes,Private,Rural,116.44,23.8,smokes,Yes,0.6640369660768624,0.2830763549072108,0.1546391752577319
8045,Female,74.0,Yes,No,Yes,Private,Urban,70.28,21.8,never smoked,Yes,0.8330891468499944,0.0699843043116979,0.131729667812142
37651,Female,69.0,Yes,Yes,No,Self-employed,Urban,72.17,36.8,never smoked,Yes,0.776738419925617,0.0787092604560982,0.3035509736540664
17308,Female,72.0,Yes,No,Yes,Private,Urban,221.79,30.0,never smoked,Yes,0.8105488560802434,0.7694118733265626,0.2256586483390607
67981,Male,66.0,No,No,Yes,Private,Urban,151.16,27.5,formerly smoked,Yes,0.7429279837709907,0.4433570307450835,0.1970217640320733
41241,Male,65.0,No,No,Yes,Self-employed,Urban,68.43,28.1,formerly smoked,Yes,0.7316578383861152,0.0614440033237928,0.2038946162657503
62861,Female,78.0,No,No,Yes,Private,Urban,67.29,24.6,never smoked,Yes,0.8781697283894963,0.0561813313636783,0.1638029782359679
72081,Female,57.0,Yes,No,Yes,Govt_job,Rural,67.41,32.9,never smoked,Yes,0.6414966753071114,0.056735296833164,0.258877434135166
58978,Female,70.0,No,Yes,Yes,Private,Rural,239.07,26.1,never smoked,Yes,0.7880085653104925,0.8491829009325085,0.1809851088201604
11933,Female,79.0,No,No,Yes,Private,Rural,169.67,28.1,Unknown,Yes,0.8894398737743716,0.5288062044132581,0.2038946162657503
46703,Male,45.0,No,Yes,Yes,Private,Urban,223.83,31.9,formerly smoked,Yes,0.5062549306886058,0.7788292863078201,0.2474226804123711
32503,Female,80.0,No,No,Yes,Self-employed,Urban,76.57,34.1,never smoked,Yes,0.9007100191592471,0.0990213276705751,0.2726231386025201
12482,Male,68.0,No,No,Yes,Self-employed,Urban,77.82,27.5,smokes,Yes,0.7654682745407415,0.1047918013110515,0.1970217640320733
56939,Female,55.0,No,No,Yes,Self-employed,Rural,92.98,25.6,never smoked,Yes,0.6189563845373606,0.1747761056227495,0.1752577319587629
24669,Female,77.0,No,Yes,Yes,Private,Rural,231.56,36.9,never smoked,Yes,0.8668995830046208,0.8145138953005262,0.3046964490263459
43054,Female,50.0,No,No,Yes,Private,Rural,102.16,31.4,smokes,Yes,0.5626056576129832,0.2171544640384082,0.2416953035509736
59437,Female,45.0,No,No,Yes,Private,Urban,221.89,37.3,smokes,Yes,0.5062549306886058,0.7698735112178007,0.3092783505154639
66258,Female,71.0,No,No,Yes,Self-employed,Urban,195.71,34.1,formerly smoked,Yes,0.7992787106953679,0.6490167112916628,0.2726231386025201
34567,Female,81.0,Yes,No,Yes,Self-employed,Rural,74.02,25.0,never smoked,Yes,0.9119801645441226,0.0872495614440033,0.1683848797250859
50931,Female,76.0,No,No,Yes,Private,Urban,57.92,28.1,formerly smoked,Yes,0.8556294376197453,0.0129258609546671,0.2038946162657503
16590,Male,71.0,No,Yes,Yes,Private,Urban,81.76,28.1,smokes,Yes,0.7992787106953679,0.1229803342258333,0.2038946162657503
69768,Female,1.32,No,No,No,children,Urban,70.37,28.1,Unknown,Yes,0.0139749802772455,0.0703997784138122,0.2038946162657503
20426,Female,78.0,Yes,No,No,Private,Urban,203.87,45.7,never smoked,Yes,0.8781697283894963,0.6866863632166929,0.4054982817869416
3512,Female,70.0,Yes,No,Yes,Self-employed,Urban,89.13,34.2,formerly smoked,Yes,0.7880085653104925,0.1570030468100821,0.2737686139747995
42899,Male,78.0,No,No,Yes,Self-employed,Urban,133.19,23.6,formerly smoked,Yes,0.8781697283894963,0.3604007016895946,0.1523482245131729
63453,Female,56.0,No,No,Yes,Govt_job,Rural,162.23,27.3,Unknown,Yes,0.6302265299222359,0.4944603453051425,0.1947308132875143
43364,Male,79.0,Yes,No,Yes,Private,Rural,75.02,28.1,never smoked,Yes,0.8894398737743716,0.0918659403563844,0.2038946162657503
44993,Female,77.56,Yes,No,No,Govt_job,Urban,98.02,22.3,formerly smoked,Yes,0.8732108644201511,0.1980426553411504,0.1374570446735395
210,Female,81.0,No,No,Yes,Self-employed,Rural,91.54,31.4,never smoked,Yes,0.9119801645441226,0.1681285199889207,0.2416953035509736
28939,Male,64.0,No,No,Yes,Self-employed,Rural,111.98,28.1,formerly smoked,Yes,0.7203876930012397,0.262487304957991,0.2038946162657503
60739,Female,79.0,Yes,Yes,No,Self-employed,Rural,60.94,28.1,never smoked,Yes,0.8894398737743716,0.0268673252700581,0.2038946162657503
67432,Female,60.0,No,No,Yes,Private,Urban,97.43,26.4,smokes,Yes,0.6753071114617378,0.1953189917828455,0.1844215349369988
2182,Female,80.0,No,No,Yes,Self-employed,Rural,91.02,32.9,formerly smoked,Yes,0.9007100191592471,0.1657280029544825,0.258877434135166
40899,Female,78.0,No,No,Yes,Self-employed,Rural,60.67,28.1,formerly smoked,Yes,0.8781697283894963,0.0256209029637152,0.2038946162657503
14431,Male,72.0,Yes,No,Yes,Self-employed,Rural,185.49,37.1,never smoked,Yes,0.8105488560802434,0.6018373188071277,0.3069873997709049
62466,Female,80.0,No,No,Yes,Private,Urban,64.44,45.0,never smoked,Yes,0.9007100191592471,0.0430246514633921,0.3974799541809851
36841,Male,78.0,Yes,No,Yes,Self-employed,Rural,56.11,25.5,formerly smoked,Yes,0.8781697283894963,0.0045702151232573,0.1741122565864833
33486,Female,80.0,No,No,Yes,Govt_job,Urban,110.66,28.1,Unknown,Yes,0.9007100191592471,0.2563936847936479,0.2038946162657503
65105,Male,45.0,No,No,Yes,Private,Urban,213.22,26.1,Unknown,Yes,0.5062549306886058,0.7298495060474564,0.1809851088201604
54567,Female,46.0,No,No,Yes,Private,Urban,78.18,30.8,never smoked,Yes,0.5175250760734813,0.1064536977195088,0.2348224513172966
66204,Male,59.0,No,No,Yes,Private,Urban,111.04,32.0,formerly smoked,Yes,0.6640369660768624,0.2581479087803527,0.2485681557846506
39912,Female,32.0,No,No,Yes,Private,Rural,76.13,29.9,smokes,Yes,0.3597430406852248,0.0969901209491275,0.2245131729667812
8003,Female,77.0,No,No,No,Private,Urban,81.32,28.1,Unknown,Yes,0.8668995830046208,0.1209491275043855,0.2038946162657503
28378,Male,61.0,Yes,Yes,Yes,Private,Urban,112.24,37.4,smokes,Yes,0.6865772568466133,0.26368756347521,0.3104238258877434
41081,Male,63.0,No,No,Yes,Private,Rural,137.3,31.7,formerly smoked,Yes,0.7091175476163643,0.3793740190194811,0.2451317296678121
16077,Male,63.0,No,Yes,Yes,Self-employed,Urban,116.69,34.5,formerly smoked,Yes,0.7091175476163643,0.2842304496353061,0.277205040091638
67895,Female,82.0,Yes,Yes,Yes,Govt_job,Urban,215.94,27.9,formerly smoked,Yes,0.923250309928998,0.742406056689133,0.2016036655211912
30184,Male,82.0,No,No,Yes,Private,Rural,86.62,29.5,formerly smoked,Yes,0.923250309928998,0.1454159357400055,0.2199312714776632
66955,Male,61.0,No,Yes,Yes,Private,Urban,209.86,28.1,Unknown,Yes,0.6865772568466133,0.7143384729018558,0.2038946162657503
24905,Female,65.0,No,No,Yes,Private,Urban,205.77,46.0,formerly smoked,Yes,0.7316578383861152,0.6954574831502169,0.4089347079037801
66071,Female,51.0,Yes,No,Yes,Private,Urban,112.16,42.5,formerly smoked,Yes,0.5738758029978587,0.2633182531622196,0.3688430698739977
36255,Male,59.0,No,No,Yes,Self-employed,Rural,118.03,35.5,smokes,Yes,0.6640369660768624,0.2904163973778967,0.2886597938144329
69112,Male,68.0,Yes,Yes,Yes,Private,Rural,271.74,31.1,smokes,Yes,0.7654682745407415,1.0,0.2382588774341351
23410,Female,72.0,No,No,Yes,Private,Rural,97.92,26.9,smokes,Yes,0.8105488560802434,0.1975810174499123,0.1901489117983963
64373,Male,59.0,No,No,Yes,Private,Urban,200.62,35.8,formerly smoked,Yes,0.6640369660768624,0.6716831317514541,0.2920962199312714
58267,Female,70.0,Yes,No,Yes,Private,Rural,242.52,45.5,formerly smoked,Yes,0.7880085653104925,0.8651094081802234,0.4032073310423826
35684,Male,69.0,No,No,Yes,Private,Rural,93.81,28.5,Unknown,Yes,0.776738419925617,0.1786077001200258,0.2084765177548682
18937,Male,79.0,No,No,Yes,Private,Rural,114.77,28.1,formerly smoked,Yes,0.8894398737743716,0.2753670021235342,0.2038946162657503
491,Female,16.74,No,No,Yes,Self-employed,Urban,74.96,26.6,never smoked,Yes,0.1877606221120252,0.0915889576216415,0.1867124856815578
54695,Male,74.0,No,No,Yes,Private,Urban,167.13,28.1,Unknown,Yes,0.8330891468499944,0.5170806019758101,0.2038946162657503
68627,Male,80.0,Yes,Yes,Yes,Private,Urban,175.29,31.5,formerly smoked,Yes,0.9007100191592471,0.5547502539008401,0.2428407789232531
8580,Female,77.0,No,No,Yes,Self-employed,Rural,90.0,32.0,never smoked,Yes,0.8668995830046208,0.1610192964638537,0.2485681557846506
28484,Female,78.0,No,No,Yes,Self-employed,Rural,109.47,30.8,never smoked,Yes,0.8781697283894963,0.2509001938879143,0.2348224513172966
62019,Male,54.0,No,No,Yes,Govt_job,Rural,87.85,31.1,smokes,Yes,0.6076862391524851,0.1510940818022343,0.2382588774341351
51314,Female,78.0,No,No,Yes,Private,Urban,106.74,33.0,formerly smoked,Yes,0.8781697283894963,0.2382974794571138,0.2600229095074456
37060,Female,81.0,No,No,Yes,Private,Rural,80.13,23.4,never smoked,Yes,0.9119801645441226,0.115455636598652,0.1500572737686139
35578,Male,78.0,No,No,No,Self-employed,Urban,90.19,26.9,never smoked,Yes,0.8781697283894963,0.1618964084572061,0.1901489117983963
54921,Male,78.0,Yes,No,No,Self-employed,Rural,134.8,33.6,Unknown,Yes,0.8781697283894963,0.3678330717385283,0.2668957617411225
33454,Female,63.0,No,No,Yes,Govt_job,Rural,106.58,23.9,Unknown,Yes,0.7091175476163643,0.2375588588311328,0.1557846506300114
33943,Female,39.0,No,No,Yes,Private,Urban,83.24,26.3,never smoked,Yes,0.4386340583793531,0.1298125750161573,0.1832760595647193
62439,Female,51.0,No,No,Yes,Govt_job,Rural,103.43,27.3,formerly smoked,Yes,0.5738758029978587,0.2230172652571323,0.1947308132875143
31179,Male,63.0,No,No,Yes,Private,Urban,208.65,30.7,never smoked,Yes,0.7091175476163643,0.7087526544178746,0.2336769759450171
66866,Female,48.0,No,No,Yes,Private,Urban,74.11,20.5,never smoked,Yes,0.5400653668432323,0.0876650355461176,0.1168384879725085
2548,Female,81.0,No,No,Yes,Self-employed,Urban,95.84,21.5,never smoked,Yes,0.9119801645441226,0.1879789493121595,0.1282932416953035
68025,Female,79.0,No,Yes,No,Private,Urban,205.33,31.0,smokes,Yes,0.8894398737743716,0.6934262764287693,0.2371134020618556
2390,Male,78.0,No,No,Yes,Self-employed,Urban,116.1,27.1,never smoked,Yes,0.8781697283894963,0.2815067860770012,0.1924398625429553
29552,Female,55.0,Yes,Yes,Yes,Private,Urban,210.4,40.0,smokes,Yes,0.6189563845373606,0.7168313175145415,0.3402061855670103
25904,Female,76.0,Yes,Yes,Yes,Self-employed,Urban,199.86,28.1,smokes,Yes,0.8556294376197453,0.6681746837780446,0.2038946162657503
31421,Male,73.0,No,Yes,Yes,Govt_job,Rural,219.73,28.6,never smoked,Yes,0.8218190014651189,0.7599021327670574,0.2096219931271477
20463,Male,81.0,Yes,Yes,Yes,Private,Urban,250.89,28.1,smokes,Yes,0.9119801645441226,0.9037484996768532,0.2038946162657503
68023,Male,79.0,No,No,Yes,Private,Rural,72.73,28.4,never smoked,Yes,0.8894398737743716,0.0812944326470316,0.2073310423825887
12689,Female,63.0,No,No,Yes,Govt_job,Rural,205.35,42.2,formerly smoked,Yes,0.7091175476163643,0.6935186040070168,0.3654066437571592
54724,Female,81.0,No,No,No,Govt_job,Urban,70.3,25.8,smokes,Yes,0.9119801645441226,0.0700766318899455,0.1775486827033219
8899,Male,49.0,No,No,No,Private,Rural,104.86,31.9,smokes,Yes,0.5513355122281077,0.2296186871018373,0.2474226804123711
39186,Female,57.0,No,No,Yes,Private,Urban,216.58,31.0,Unknown,Yes,0.6414966753071114,0.745360539193057,0.2371134020618556
32729,Female,81.0,No,No,Yes,Private,Rural,184.4,27.5,never smoked,Yes,0.9119801645441226,0.5968054657926323,0.1970217640320733
39105,Male,19.92,No,No,Yes,Self-employed,Rural,60.98,28.1,never smoked,Yes,0.2235996844359292,0.0270519804265534,0.2038946162657503
31154,Female,34.27,No,No,Yes,Self-employed,Urban,97.76,29.6,smokes,Yes,0.3853262707088922,0.1968423968239313,0.2210767468499427
69959,Female,80.0,Yes,No,No,Private,Urban,66.03,35.4,never smoked,Yes,0.9007100191592471,0.0503646939340781,0.2875143184421534
10552,Female,81.0,No,No,Yes,Self-employed,Rural,81.95,16.9,never smoked,Yes,0.9119801645441226,0.1238574462191857,0.0756013745704467
12917,Female,79.0,No,No,Yes,Private,Urban,97.73,21.5,smokes,Yes,0.8894398737743716,0.1967039054565599,0.1282932416953035
68356,Female,73.0,No,No,Yes,Self-employed,Urban,70.94,34.4,never smoked,Yes,0.8218190014651189,0.0730311143938694,0.2760595647193585
23368,Female,77.0,Yes,No,Yes,Self-employed,Urban,199.84,28.0,formerly smoked,Yes,0.8668995830046208,0.6680823561997968,0.2027491408934708
25974,Male,78.0,No,No,Yes,Self-employed,Urban,218.46,26.8,Unknown,Yes,0.8781697283894963,0.7540393315483335,0.1890034364261168
1210,Female,68.0,No,No,Yes,Private,Rural,211.06,39.3,Unknown,Yes,0.7654682745407415,0.7198781275967131,0.3321878579610538
28493,Male,57.0,No,No,Yes,Private,Urban,86.3,31.7,Unknown,Yes,0.6414966753071114,0.1439386944880435,0.2451317296678121
36857,Male,77.0,No,No,Yes,Self-employed,Rural,162.14,32.6,formerly smoked,Yes,0.8668995830046208,0.4940448712030282,0.2554410080183276
1836,Female,51.0,Yes,No,Yes,Private,Urban,88.2,28.4,never smoked,Yes,0.5738758029978587,0.1527098144215677,0.2073310423825887
32221,Male,21.43,No,Yes,Yes,Private,Urban,91.92,35.9,smokes,Yes,0.2406176039670911,0.1698827439756255,0.2932416953035509
10548,Male,16.38,No,No,Yes,Private,Rural,76.46,21.2,formerly smoked,Yes,0.18370336977347,0.0985135259902132,0.124856815578465
52282,Male,57.0,No,No,Yes,Private,Rural,197.28,34.5,formerly smoked,Yes,0.6414966753071114,0.6562644261841012,0.277205040091638
45535,Male,68.0,No,No,Yes,Private,Rural,233.94,42.4,never smoked,Yes,0.7654682745407415,0.8255008771119933,0.3676975945017182
40460,Female,68.0,Yes,Yes,Yes,Private,Urban,247.51,40.5,formerly smoked,Yes,0.7654682745407415,0.8881451389530052,0.3459335624284078
17739,Male,57.0,No,No,Yes,Private,Rural,84.96,36.7,Unknown,Yes,0.6414966753071114,0.1377527467454528,0.302405498281787
49669,Female,14.0,No,No,No,children,Rural,57.93,30.9,Unknown,Yes,0.1568804237574664,0.0129720247437909,0.2359679266895761
27153,Female,75.0,No,No,Yes,Self-employed,Rural,78.8,29.3,formerly smoked,Yes,0.8443592922348698,0.1093158526451851,0.2176403207331042
34060,Male,71.0,Yes,No,Yes,Self-employed,Rural,87.8,28.1,Unknown,Yes,0.7992787106953679,0.1508632628566152,0.2038946162657503
43424,Female,68.12,No,No,Yes,Private,Rural,78.81,19.6,Unknown,Yes,0.7668206919869267,0.1093620164343089,0.1065292096219931
30669,Male,3.0,No,No,No,children,Rural,95.12,18.0,Unknown,No,0.0329088245238363,0.1846551564952451,0.0882016036655211
30468,Male,58.0,Yes,No,Yes,Private,Urban,87.96,39.2,never smoked,No,0.6527668206919869,0.1516018834825962,0.3310423825887744
16523,Female,8.0,No,No,No,Private,Urban,110.89,17.6,Unknown,No,0.0892595514482136,0.2574554519434955,0.0836197021764032
56543,Female,70.0,No,No,Yes,Private,Rural,69.04,35.9,formerly smoked,No,0.7880085653104925,0.0642599944603453,0.2932416953035509
46136,Male,14.0,No,No,No,Never_worked,Rural,161.28,19.1,Unknown,No,0.1568804237574664,0.4900747853383805,0.1008018327605956
32257,Female,45.0,No,No,Yes,Private,Urban,210.95,50.1,Unknown,No,0.5062549306886058,0.7193703259163511,0.4558991981672394
52800,Female,52.0,No,No,Yes,Private,Urban,77.59,17.7,formerly smoked,No,0.5851459483827341,0.1037300341612039,0.0847651775486827
41413,Female,75.0,No,Yes,Yes,Self-employed,Rural,243.53,27.0,never smoked,No,0.8443592922348698,0.8697719508817283,0.1912943871706758
15266,Female,32.0,No,No,Yes,Private,Rural,77.67,32.3,smokes,No,0.3597430406852248,0.1040993444741944,0.2520045819014891
28674,Female,74.0,Yes,No,Yes,Self-employed,Urban,205.84,54.6,never smoked,No,0.8330891468499944,0.6957806296740836,0.5074455899198167
10460,Female,79.0,No,No,Yes,Govt_job,Urban,77.08,35.0,Unknown,No,0.8894398737743716,0.1013756809158895,0.2829324169530355
64908,Male,79.0,No,Yes,Yes,Private,Urban,57.08,22.0,formerly smoked,No,0.8894398737743716,0.009048102668267,0.134020618556701
63884,Female,37.0,No,No,Yes,Private,Rural,162.96,39.4,never smoked,No,0.4160937676096021,0.4978303019111809,0.3333333333333333
37893,Female,37.0,No,No,Yes,Private,Rural,73.5,26.1,formerly smoked,No,0.4160937676096021,0.0848490444095651,0.1809851088201604
67855,Female,40.0,No,No,Yes,Private,Rural,95.04,42.4,never smoked,No,0.4499042037642285,0.1842858461822547,0.3676975945017182
25774,Male,35.0,No,No,No,Private,Rural,85.37,33.0,never smoked,No,0.3935534768398512,0.1396454620995291,0.2600229095074456
19584,Female,20.0,No,No,No,Private,Urban,84.62,19.7,smokes,No,0.2245012960667192,0.1361831779152433,0.1076746849942726
24447,Female,42.0,No,No,Yes,Private,Rural,82.67,22.5,never smoked,No,0.4724444945339794,0.1271812390361001,0.1397479954180985
49589,Female,44.0,No,No,Yes,Govt_job,Urban,57.33,24.6,smokes,No,0.4949847853037304,0.0102021973963622,0.1638029782359679
17986,Female,79.0,No,Yes,Yes,Self-employed,Urban,67.84,25.2,smokes,No,0.8894398737743716,0.0587203397654879,0.1706758304696448
29217,Female,65.0,Yes,No,Yes,Private,Rural,75.7,41.8,Unknown,No,0.7316578383861152,0.0950050780168036,0.3608247422680412
72911,Female,57.0,Yes,No,Yes,Private,Rural,129.54,60.9,smokes,No,0.6414966753071114,0.3435509186594035,0.5796105383734249
47175,Female,49.0,No,No,Yes,Private,Rural,60.22,31.5,smokes,No,0.5513355122281077,0.0235435324531437,0.2428407789232531
4057,Male,71.0,No,No,Yes,Private,Urban,198.21,27.3,formerly smoked,No,0.7992787106953679,0.6605576585726156,0.1947308132875143
48588,Female,59.0,No,No,Yes,Private,Urban,109.82,23.7,never smoked,No,0.6640369660768624,0.2525159265072477,0.1534936998854524
70336,Female,25.0,No,No,Yes,Private,Urban,60.84,24.5,never smoked,No,0.2808520229910966,0.02640568737882,0.1626575028636884
66767,Female,67.0,No,No,Yes,Govt_job,Rural,94.61,28.4,smokes,No,0.7541981291558661,0.1823008032499307,0.2073310423825887
45801,Female,38.0,No,No,No,Private,Rural,97.49,26.9,never smoked,No,0.4273639129944776,0.1955959745175884,0.1901489117983963
36275,Female,54.0,No,No,Yes,Private,Rural,206.72,26.7,never smoked,No,0.6076862391524851,0.699843043116979,0.1878579610538373
11577,Female,70.0,No,No,Yes,Self-employed,Rural,214.45,31.2,never smoked,No,0.7880085653104925,0.7355276521096851,0.2394043528064146
67210,Male,22.28,No,No,Yes,Self-employed,Urban,82.9,25.0,Unknown,No,0.2501972275442353,0.1282430061859477,0.1683848797250859
29908,Female,47.0,No,No,Yes,Private,Urban,103.26,25.4,Unknown,No,0.5287952214583568,0.2222324808420275,0.1729667812142038
45222,Male,58.0,Yes,No,No,Private,Urban,55.78,27.5,smokes,No,0.6527668206919869,0.0030468100821715,0.1970217640320733
33759,Female,3.0,No,No,No,children,Urban,73.74,16.0,Unknown,No,0.0329088245238363,0.0859569753485366,0.0652920962199312
40311,Female,58.0,No,No,Yes,Private,Urban,149.75,27.0,Unknown,No,0.6527668206919869,0.4368479364786261,0.1912943871706758
26325,Male,14.0,No,No,No,Govt_job,Urban,82.34,31.6,Unknown,No,0.1568804237574664,0.1256578339950143,0.2439862542955326
65460,Female,32.0,No,No,Yes,Private,Rural,62.6,25.1,formerly smoked,No,0.3597430406852248,0.0345305142646108,0.1695303550973654
36811,Female,23.0,No,No,No,Private,Urban,94.09,30.9,never smoked,No,0.2583117322213457,0.1799002862154926,0.2359679266895761
71750,Female,55.0,No,No,Yes,Private,Urban,55.42,24.8,Unknown,No,0.6189563845373606,0.0013849136737143,0.1660939289805269
70970,Female,17.0,No,No,No,Self-employed,Urban,82.18,23.4,Unknown,No,0.1906908599120928,0.1249192133690333,0.1500572737686139
42203,Male,59.0,No,No,Yes,Private,Urban,117.92,29.4,smokes,No,0.6640369660768624,0.2899085956975348,0.2187857961053837
55680,Male,13.0,No,No,No,children,Urban,114.84,18.3,Unknown,No,0.145610278372591,0.275690148647401,0.0916380297823596
11014,Male,4.0,No,No,No,children,Rural,79.17,20.0,Unknown,No,0.0441789699087118,0.1110239128427661,0.1111111111111111
44338,Female,16.0,No,No,No,children,Rural,110.63,19.5,Unknown,No,0.1794207145272174,0.2562551934262764,0.1053837342497136
20980,Male,67.0,No,No,Yes,Private,Urban,190.7,36.0,formerly smoked,No,0.7541981291558661,0.6258886529406332,0.2943871706758305
34974,Female,22.0,No,No,No,Private,Rural,79.81,27.7,Unknown,No,0.2470415868364702,0.11397839534669,0.1993127147766323
71379,Female,45.0,No,No,Yes,Govt_job,Urban,113.63,27.5,smokes,No,0.5062549306886058,0.2701043301634198,0.1970217640320733
58261,Female,45.0,No,No,Yes,Private,Rural,141.24,28.5,never smoked,No,0.5062549306886058,0.3975625519342627,0.2084765177548682
67318,Male,58.0,Yes,No,Yes,Govt_job,Rural,56.96,26.8,smokes,No,0.6527668206919869,0.0084941371987812,0.1890034364261168
28526,Male,69.0,No,No,Yes,Self-employed,Rural,203.04,33.6,never smoked,No,0.776738419925617,0.6828547687194164,0.2668957617411225
8831,Female,58.0,No,No,Yes,Private,Rural,94.3,29.1,Unknown,No,0.6527668206919869,0.1808697257870926,0.2153493699885452
65199,Female,53.0,No,No,Yes,Self-employed,Urban,81.51,28.5,Unknown,No,0.5964160937676096,0.121826239497738,0.2084765177548682
43454,Female,78.0,No,No,No,Self-employed,Urban,137.74,34.9,formerly smoked,No,0.8781697283894963,0.3814052257409288,0.281786941580756
7282,Male,44.0,No,No,Yes,Private,Rural,81.84,25.1,never smoked,No,0.4949847853037304,0.1233496445388237,0.1695303550973654
18518,Male,66.0,No,No,Yes,Private,Rural,242.3,35.3,smokes,No,0.7429279837709907,0.8640938048194996,0.286368843069874
41648,Male,27.0,No,No,Yes,Private,Rural,102.64,26.4,smokes,No,0.3033923137608475,0.2193703259163512,0.1844215349369988
49003,Male,43.0,No,No,Yes,Private,Urban,146.01,31.5,smokes,No,0.4837146399188549,0.4195826793463206,0.2428407789232531
16371,Female,13.0,No,No,No,children,Urban,75.42,40.1,Unknown,No,0.145610278372591,0.0937124919213369,0.3413516609392898
42807,Male,51.0,No,No,Yes,Govt_job,Urban,220.49,43.1,Unknown,No,0.5738758029978587,0.7634105807404672,0.3757159221076747
40181,Female,30.0,No,No,Yes,Private,Urban,61.45,36.7,smokes,No,0.3372027499154739,0.0292216785153725,0.302405498281787
66174,Male,46.0,No,No,Yes,Self-employed,Rural,88.19,29.3,formerly smoked,No,0.5175250760734813,0.1526636506324439,0.2176403207331042
45538,Female,43.0,No,No,Yes,Self-employed,Rural,115.22,21.2,Unknown,No,0.4837146399188549,0.2774443726341058,0.124856815578465
6319,Female,79.0,No,No,Yes,Private,Urban,97.93,31.2,Unknown,No,0.8894398737743716,0.1976271812390361,0.2394043528064146
68249,Female,27.0,No,No,Yes,Private,Rural,85.6,21.4,Unknown,No,0.3033923137608475,0.1407072292493767,0.127147766323024
55232,Female,38.0,No,No,Yes,Private,Rural,79.83,27.9,smokes,No,0.4273639129944776,0.1140707229249376,0.2016036655211912
11120,Female,78.0,Yes,No,Yes,Private,Urban,218.46,34.3,never smoked,No,0.8781697283894963,0.7540393315483335,0.274914089347079
41940,Male,45.0,No,Yes,Yes,Private,Rural,62.2,31.0,formerly smoked,No,0.5062549306886058,0.0326839626996584,0.2371134020618556
72214,Male,61.0,No,No,Yes,Self-employed,Urban,69.15,27.7,formerly smoked,No,0.6865772568466133,0.0647677961407072,0.1993127147766323
37089,Female,37.0,Yes,No,Yes,Self-employed,Rural,127.71,36.0,never smoked,No,0.4160937676096021,0.3351029452497461,0.2943871706758305
68614,Female,48.0,No,No,Yes,Private,Rural,216.7,38.7,formerly smoked,No,0.5400653668432323,0.7459145046625426,0.3253150057273768
1686,Female,29.0,No,No,No,Private,Urban,71.89,27.6,never smoked,No,0.3259326045305984,0.0774166743606315,0.1981672394043528
22284,Male,22.0,No,No,No,Private,Rural,103.56,25.1,Unknown,No,0.2470415868364702,0.2236173945157418,0.1695303550973654
39038,Male,11.0,No,No,No,children,Rural,79.03,16.5,Unknown,No,0.12306998760284,0.1103776197950327,0.0710194730813287
21956,Female,22.0,No,No,No,Private,Urban,69.94,22.8,Unknown,No,0.2470415868364702,0.0684147354814883,0.143184421534937
52134,Male,53.0,No,No,Yes,Private,Rural,90.12,35.4,Unknown,No,0.5964160937676096,0.1615732619333395,0.2875143184421534
30171,Female,27.0,No,No,No,Govt_job,Urban,95.1,24.3,formerly smoked,No,0.3033923137608475,0.1845628289169975,0.1603665521191294
4480,Male,76.0,No,No,Yes,Private,Rural,234.58,34.3,formerly smoked,No,0.8556294376197453,0.8284553596159173,0.274914089347079
2982,Female,57.0,Yes,No,Yes,Private,Rural,235.85,40.1,never smoked,No,0.6414966753071114,0.8343181608346413,0.3413516609392898
65535,Male,8.0,No,No,No,children,Rural,78.05,25.7,Unknown,No,0.0892595514482136,0.1058535684608992,0.1764032073310423
29865,Female,21.0,No,No,No,Private,Rural,89.44,21.9,smokes,No,0.2357714414515947,0.1584341242729203,0.1328751431844215
54918,Female,18.0,No,No,No,Private,Rural,111.38,38.4,smokes,No,0.2019610052969683,0.2597174776105622,0.3218785796105383
59368,Female,78.0,No,No,Yes,Private,Urban,243.5,26.1,never smoked,No,0.8781697283894963,0.8696334595143569,0.1809851088201604
65836,Female,78.0,Yes,No,Yes,Private,Urban,182.2,30.5,formerly smoked,No,0.8781697283894963,0.5866494321853937,0.2313860252004582
21130,Male,33.0,No,No,Yes,Self-employed,Urban,229.92,25.9,smokes,No,0.3710131860701003,0.8069430338842212,0.1786941580756013
1703,Female,45.0,No,No,Yes,Private,Urban,82.24,54.7,formerly smoked,No,0.5062549306886058,0.1251961961037762,0.5085910652920963
16934,Female,51.0,No,No,Yes,Self-employed,Rural,89.84,29.9,Unknown,No,0.5738758029978587,0.1602806758378728,0.2245131729667812
28799,Male,11.0,No,No,No,children,Rural,90.69,18.6,Unknown,No,0.12306998760284,0.1642045979133967,0.0950744558991981
32689,Female,48.0,No,No,Yes,Private,Urban,84.38,27.1,Unknown,No,0.5400653668432323,0.1350752469762718,0.1924398625429553
56357,Female,82.0,No,Yes,No,Private,Urban,215.6,24.9,never smoked,No,0.923250309928998,0.7408364878589234,0.1672394043528064
18051,Female,54.0,No,No,Yes,Govt_job,Rural,91.61,25.2,never smoked,No,0.6076862391524851,0.1684516665127873,0.1706758304696448
40840,Female,49.0,No,No,Yes,Private,Rural,138.16,19.4,never smoked,No,0.5513355122281077,0.3833441048841288,0.1042382588774341
10449,Female,24.0,No,No,Yes,Private,Urban,75.23,29.0,never smoked,No,0.2695818776062211,0.0928353799279845,0.2142038946162657
38805,Female,37.0,No,No,Yes,Private,Rural,75.18,48.2,formerly smoked,No,0.4160937676096021,0.0926045609823654,0.434135166093929
31091,Male,34.0,No,Yes,Yes,Private,Urban,106.23,28.1,formerly smoked,No,0.3822833314549758,0.2359431262117995,0.2038946162657503
45053,Male,64.0,No,No,Yes,Govt_job,Urban,239.64,34.6,formerly smoked,No,0.7203876930012397,0.8518142369125656,0.2783505154639175
61837,Female,66.0,No,No,Yes,Self-employed,Urban,58.95,24.6,never smoked,No,0.7429279837709907,0.0176807312344197,0.1638029782359679
9487,Female,23.0,No,No,No,Private,Urban,99.92,25.8,never smoked,No,0.2583117322213457,0.2068137752746745,0.1775486827033219
49713,Male,68.0,No,No,Yes,Private,Rural,116.23,26.1,never smoked,No,0.7654682745407415,0.2821069153356108,0.1809851088201604
17608,Female,55.0,No,No,Yes,Govt_job,Urban,118.82,29.0,formerly smoked,No,0.6189563845373606,0.2940633367186778,0.2142038946162657
28102,Female,25.0,No,No,No,Private,Rural,66.3,27.2,never smoked,No,0.2808520229910966,0.051611116240421,0.1935853379152348
1506,Female,48.0,No,No,No,Govt_job,Urban,101.41,20.7,smokes,No,0.5400653668432323,0.2136921798541224,0.1191294387170675
28333,Female,79.0,Yes,Yes,Yes,Self-employed,Urban,200.28,30.0,formerly smoked,No,0.8894398737743716,0.6701135629212446,0.2256586483390607
62608,Female,47.0,No,No,Yes,Private,Urban,136.8,37.3,never smoked,No,0.5287952214583568,0.3770658295632906,0.3092783505154639
40670,Female,20.0,No,No,No,Private,Rural,96.57,34.1,never smoked,No,0.2245012960667192,0.1913489059181977,0.2726231386025201
4630,Female,60.0,No,No,Yes,Private,Rural,66.42,23.6,never smoked,No,0.6753071114617378,0.0521650817099067,0.1523482245131729
21284,Female,32.0,No,No,Yes,Private,Urban,98.09,25.2,smokes,No,0.3597430406852248,0.1983658018650171,0.1706758304696448
49421,Female,66.0,Yes,No,Yes,Private,Rural,205.23,39.5,never smoked,No,0.7429279837709907,0.6929646385375311,0.3344788087056128
5973,Male,43.0,No,No,Yes,Private,Urban,86.78,23.5,smokes,No,0.4837146399188549,0.1461545563659865,0.1512027491408934
42996,Female,36.0,No,No,No,Govt_job,Rural,126.82,23.3,never smoked,No,0.4048236222247267,0.3309943680177268,0.1489117983963344
66333,Male,52.0,No,No,Yes,Self-employed,Urban,78.4,64.8,never smoked,No,0.5851459483827341,0.1074693010802327,0.6242840778923253
46785,Female,29.0,No,No,Yes,Private,Urban,63.69,28.1,smokes,No,0.3259326045305984,0.0395623672791062,0.2038946162657503
54312,Female,76.0,Yes,No,Yes,Self-employed,Urban,209.58,28.1,never smoked,No,0.8556294376197453,0.7130458868063891,0.2038946162657503
21408,Female,39.0,No,No,Yes,Self-employed,Rural,89.86,24.4,never smoked,No,0.4386340583793531,0.1603730034161204,0.1615120274914089
49916,Male,76.0,No,No,Yes,Private,Rural,110.99,29.8,formerly smoked,No,0.8556294376197453,0.2579170898347336,0.2233676975945017
7559,Female,0.64,No,No,No,children,Urban,83.82,24.9,Unknown,No,0.0063112814155302,0.1324900747853383,0.1672394043528064
71038,Male,34.0,No,No,Yes,Private,Urban,137.96,35.1,Unknown,No,0.3822833314549758,0.3824208291016526,0.284077892325315
69037,Female,72.0,No,No,Yes,Private,Rural,210.78,32.3,formerly smoked,No,0.8105488560802434,0.7185855415012464,0.2520045819014891
58617,Female,43.0,No,No,Yes,Self-employed,Rural,118.89,43.6,never smoked,No,0.4837146399188549,0.2943864832425445,0.3814432989690721
69064,Female,57.0,No,No,No,Self-employed,Rural,72.55,21.0,never smoked,No,0.6414966753071114,0.080463484442803,0.122565864833906
9404,Female,44.0,No,No,Yes,Private,Rural,107.41,47.3,never smoked,No,0.4949847853037304,0.2413904533284092,0.4238258877434135
8171,Female,4.0,No,No,No,children,Rural,93.25,16.6,Unknown,No,0.0441789699087118,0.1760225279290924,0.0721649484536082
28286,Male,44.0,No,No,Yes,Private,Rural,74.91,37.5,never smoked,No,0.4949847853037304,0.0913581386760225,0.3115693012600229
43232,Female,18.0,No,No,No,Private,Urban,80.05,24.2,never smoked,No,0.2019610052969683,0.1150863262856615,0.1592210767468499
10159,Male,41.0,No,No,Yes,Private,Urban,99.8,31.6,never smoked,No,0.461174349149104,0.2062598098051888,0.2439862542955326
34402,Female,45.0,No,No,Yes,Private,Rural,91.97,21.6,formerly smoked,No,0.5062549306886058,0.1701135629212445,0.129438717067583
58282,Female,53.0,No,No,Yes,Govt_job,Rural,64.4,31.0,smokes,No,0.5964160937676096,0.0428399963068969,0.2371134020618556
64489,Male,56.0,No,No,Yes,Govt_job,Rural,73.02,31.1,never smoked,No,0.6302265299222359,0.0826331825316221,0.2382588774341351
22706,Female,0.88,No,No,No,children,Rural,88.11,15.5,Unknown,No,0.0090161163079003,0.1522943403194534,0.0595647193585337
71539,Male,25.0,No,No,No,Private,Urban,138.29,27.3,Unknown,No,0.2808520229910966,0.3839442341427383,0.1947308132875143
28637,Female,14.0,No,No,No,children,Rural,72.36,20.5,Unknown,No,0.1568804237574664,0.0795863724494506,0.1168384879725085
64553,Female,53.0,No,No,Yes,Private,Rural,68.76,35.6,formerly smoked,No,0.5964160937676096,0.0629674083648786,0.2898052691867125
31741,Male,4.0,No,No,No,children,Rural,106.22,16.7,Unknown,No,0.0441789699087118,0.2358969624226756,0.0733104238258877
69936,Female,39.0,No,No,Yes,Private,Urban,101.52,41.8,never smoked,No,0.4386340583793531,0.2141999815344843,0.3608247422680412
46527,Female,53.0,Yes,Yes,Yes,Govt_job,Rural,109.51,41.9,never smoked,No,0.5964160937676096,0.2510848490444096,0.3619702176403207
22537,Male,5.0,No,No,No,children,Rural,85.84,16.4,Unknown,No,0.0554491152935872,0.1418151601883482,0.0698739977090492
50611,Male,4.0,No,No,No,children,Rural,110.15,17.1,Unknown,No,0.0441789699087118,0.2540393315483335,0.0778923253150057
13547,Female,37.0,No,No,Yes,Private,Urban,91.72,29.2,never smoked,No,0.4160937676096021,0.1689594681931493,0.2164948453608247
63732,Male,70.0,Yes,No,Yes,Self-employed,Urban,251.6,27.1,never smoked,No,0.7880085653104925,0.907026128704644,0.1924398625429553
9608,Male,24.0,No,No,No,Private,Urban,123.1,37.9,never smoked,No,0.2695818776062211,0.313821438463669,0.3161512027491409
10504,Male,55.0,No,No,Yes,Govt_job,Rural,97.4,44.6,formerly smoked,No,0.6189563845373606,0.1951805004154741,0.3928980526918671
37090,Female,70.0,No,No,Yes,Private,Rural,68.34,22.8,formerly smoked,No,0.7880085653104925,0.0610285292216785,0.143184421534937
60148,Female,34.0,No,No,Yes,Private,Urban,80.81,33.2,never smoked,No,0.3822833314549758,0.1185947742590712,0.2623138602520046
9637,Male,26.0,No,No,Yes,Private,Rural,120.31,22.3,smokes,No,0.292122168375972,0.3009417412981257,0.1374570446735395
44862,Female,39.0,No,No,Yes,Private,Rural,83.51,26.4,never smoked,No,0.4386340583793531,0.1310589973225002,0.1844215349369988
52173,Male,10.58,No,No,No,Self-employed,Urban,74.09,39.6,never smoked,No,0.1183365265411923,0.08757270796787,0.3356242840778923
5708,Female,20.0,No,No,No,Private,Urban,91.6,28.1,never smoked,No,0.2245012960667192,0.1684055027236635,0.2038946162657503
23462,Female,17.0,No,No,No,Private,Urban,87.52,39.2,never smoked,No,0.1906908599120928,0.1495706767611485,0.3310423825887744
2374,Male,60.0,Yes,No,Yes,Private,Rural,213.37,36.0,never smoked,No,0.6753071114617378,0.7305419628843135,0.2943871706758305
11091,Female,75.0,No,No,Yes,Self-employed,Rural,75.39,37.8,never smoked,No,0.8443592922348698,0.0935740005539654,0.3150057273768614
70374,Female,31.0,No,No,Yes,Private,Rural,122.41,40.3,smokes,No,0.3484728953003493,0.310636137014126,0.3436426116838487
15528,Female,58.0,Yes,No,Yes,Private,Rural,223.36,41.5,formerly smoked,No,0.6527668206919869,0.776659588219001,0.3573883161512027
65357,Female,5.0,No,No,No,children,Rural,84.59,17.7,Unknown,No,0.0554491152935872,0.1360446865478718,0.0847651775486827
49465,Female,13.0,No,No,No,children,Urban,70.16,21.2,never smoked,No,0.145610278372591,0.0694303388422121,0.124856815578465
31143,Female,22.0,No,No,No,Private,Rural,107.52,41.6,Unknown,No,0.2470415868364702,0.2418982550087711,0.3585337915234822
66972,Female,52.0,No,No,Yes,Govt_job,Urban,80.88,23.8,smokes,No,0.5851459483827341,0.1189179207829378,0.1546391752577319
55810,Female,61.0,No,No,Yes,Self-employed,Rural,93.48,23.7,Unknown,No,0.6865772568466133,0.1770842950789401,0.1534936998854524
37031,Female,78.0,No,Yes,Yes,Govt_job,Urban,70.21,24.8,never smoked,No,0.8781697283894963,0.0696611577878312,0.1660939289805269
34608,Male,57.0,No,No,Yes,Private,Rural,86.67,39.0,Unknown,No,0.6414966753071114,0.1456467546856246,0.3287514318442153
36007,Female,21.0,No,No,Yes,Private,Rural,101.37,37.9,never smoked,No,0.2357714414515947,0.2135075246976272,0.3161512027491409
14123,Female,22.0,No,No,Yes,Private,Rural,105.22,31.1,never smoked,No,0.2470415868364702,0.2312805835102945,0.2382588774341351
48298,Female,80.0,No,No,Yes,Private,Rural,70.31,23.2,Unknown,No,0.9007100191592471,0.0701227956790693,0.1477663230240549
54975,Male,45.0,No,No,No,Self-employed,Rural,64.06,18.9,Unknown,No,0.5062549306886058,0.0412704274766873,0.0985108820160366
27213,Male,64.0,Yes,No,Yes,Self-employed,Rural,178.29,36.1,never smoked,No,0.7203876930012397,0.5685993906379835,0.2955326460481099
44749,Female,64.0,No,No,No,Govt_job,Rural,81.6,36.3,smokes,No,0.7203876930012397,0.1222417135998522,0.2978235967926689
46468,Female,38.0,No,No,Yes,Self-employed,Urban,147.48,40.5,Unknown,No,0.4273639129944776,0.4263687563475209,0.3459335624284078
10913,Male,12.0,No,No,No,children,Urban,86.86,25.4,never smoked,No,0.1343401329877155,0.146523866678977,0.1729667812142038
51983,Female,33.0,No,No,Yes,Private,Rural,71.16,46.5,smokes,No,0.3710131860701003,0.0740467177545932,0.4146620847651776
27029,Female,3.0,No,No,No,children,Urban,73.2,16.8,Unknown,No,0.0329088245238363,0.0834641307358508,0.0744558991981672
22320,Female,37.0,No,No,Yes,Private,Urban,203.81,46.6,never smoked,No,0.4160937676096021,0.6864093804819499,0.415807560137457
45719,Female,22.0,No,No,No,Private,Rural,82.0,26.4,never smoked,No,0.2470415868364702,0.1240882651648047,0.1844215349369988
129,Female,24.0,No,No,No,Private,Urban,97.55,26.2,never smoked,No,0.2695818776062211,0.1958729572523312,0.1821305841924398
20351,Male,75.0,No,No,Yes,Govt_job,Urban,94.29,35.2,Unknown,No,0.8443592922348698,0.1808235619979688,0.2852233676975945
530,Female,12.0,No,No,No,children,Rural,75.22,20.9,Unknown,No,0.1343401329877155,0.0927892161388606,0.1214203894616265
55351,Male,11.96,No,No,Yes,Private,Urban,90.07,36.8,Unknown,No,0.1338893271723205,0.1613424429877204,0.3035509736540664
67431,Female,52.0,No,No,Yes,Private,Urban,73.73,34.4,formerly smoked,No,0.5851459483827341,0.0859108115594128,0.2760595647193585
20546,Female,68.0,No,No,Yes,Private,Urban,79.58,22.2,never smoked,No,0.7654682745407415,0.1129166281968424,0.13631156930126
6107,Female,5.0,No,No,No,children,Urban,77.88,13.8,Unknown,No,0.0554491152935872,0.1050687840457944,0.0400916380297823
50305,Female,56.0,Yes,No,Yes,Private,Rural,205.26,40.3,never smoked,No,0.6302265299222359,0.6931031299049025,0.3436426116838487
52342,Female,43.0,No,No,Yes,Private,Rural,58.63,28.4,smokes,No,0.4837146399188549,0.0162034899824577,0.2073310423825887
59906,Female,40.0,No,No,Yes,Private,Rural,139.9,31.7,smokes,No,0.4499042037642285,0.391376604191672,0.2451317296678121
59729,Male,53.0,No,No,Yes,Private,Urban,211.03,34.2,formerly smoked,No,0.5964160937676096,0.7197396362293417,0.2737686139747995
53144,Female,52.0,No,Yes,Yes,Private,Urban,72.79,54.7,never smoked,No,0.5851459483827341,0.0815714153817745,0.5085910652920963
3655,Male,31.0,No,No,Yes,Govt_job,Rural,91.65,24.6,formerly smoked,No,0.3484728953003493,0.1686363216692826,0.1638029782359679
11999,Female,63.0,No,No,Yes,Govt_job,Rural,79.92,28.1,smokes,No,0.7091175476163643,0.114486197027052,0.2038946162657503
12985,Female,69.0,No,No,Yes,Self-employed,Rural,225.47,36.9,never smoked,No,0.776738419925617,0.7864001477241251,0.3046964490263459
38119,Male,64.0,No,No,Yes,Govt_job,Urban,94.48,31.1,never smoked,No,0.7203876930012397,0.1817006739913212,0.2382588774341351
3355,Female,64.0,No,No,Yes,Private,Urban,82.34,31.9,never smoked,No,0.7203876930012397,0.1256578339950143,0.2474226804123711
22091,Female,62.0,No,No,Yes,Self-employed,Urban,180.63,31.8,formerly smoked,No,0.6978474022314888,0.5794017172929553,0.2462772050400916
5010,Female,2.0,No,No,No,children,Rural,92.48,18.0,Unknown,No,0.0216386791389608,0.172467916166559,0.0882016036655211
67177,Male,53.0,No,No,Yes,Private,Rural,116.66,28.5,formerly smoked,No,0.5964160937676096,0.2840919582679346,0.2084765177548682
58600,Male,65.0,Yes,No,Yes,Private,Urban,112.09,29.5,never smoked,No,0.7316578383861152,0.2629951066383529,0.2199312714776632
56681,Female,22.0,No,No,No,Private,Urban,130.34,22.0,never smoked,No,0.2470415868364702,0.3472440217893084,0.134020618556701
56716,Female,26.0,No,No,No,Private,Urban,82.59,29.4,never smoked,No,0.292122168375972,0.1268119287231096,0.2187857961053837
65946,Male,53.0,No,No,Yes,Private,Rural,123.87,28.8,Unknown,No,0.5964160937676096,0.3173760502262026,0.2119129438717067
61350,Male,20.0,No,No,No,Govt_job,Rural,98.7,26.2,Unknown,No,0.2245012960667192,0.2011817930015696,0.1821305841924398
17291,Female,63.0,Yes,No,Yes,Self-employed,Rural,227.1,26.9,Unknown,No,0.7091175476163643,0.7939248453513064,0.1901489117983963
61465,Male,13.0,No,No,No,children,Rural,55.39,23.2,Unknown,No,0.145610278372591,0.0012464223063429,0.1477663230240549
18108,Male,21.0,No,No,No,Govt_job,Urban,66.07,27.9,Unknown,No,0.2357714414515947,0.0505493490905733,0.2016036655211912
48368,Female,65.0,No,No,Yes,Self-employed,Rural,104.21,36.8,never smoked,No,0.7316578383861152,0.2266180408087895,0.3035509736540664
36471,Male,65.0,No,No,Yes,Private,Urban,145.15,28.9,Unknown,No,0.7316578383861152,0.4156125934816729,0.2130584192439862
15689,Male,42.0,No,No,Yes,Govt_job,Urban,68.19,31.0,never smoked,No,0.4724444945339794,0.0603360723848213,0.2371134020618556
8233,Male,72.0,No,Yes,Yes,Self-employed,Rural,97.53,29.4,smokes,No,0.8105488560802434,0.1957806296740836,0.2187857961053837
46436,Male,13.0,No,No,No,children,Urban,122.31,15.3,never smoked,No,0.145610278372591,0.3101744991228879,0.0572737686139748
23221,Male,29.0,No,No,No,Private,Urban,83.51,37.1,never smoked,No,0.3259326045305984,0.1310589973225002,0.3069873997709049
31830,Male,59.0,No,No,Yes,Self-employed,Urban,86.46,30.5,Unknown,No,0.6640369660768624,0.1446773151140245,0.2313860252004582
15296,Female,42.0,No,No,Yes,Private,Rural,112.06,38.2,never smoked,No,0.4724444945339794,0.2628566152709815,0.3195876288659794
7351,Male,13.0,No,No,No,Private,Urban,92.14,23.2,never smoked,No,0.145610278372591,0.1708983473363493,0.1477663230240549
66196,Male,75.0,No,Yes,No,Private,Rural,201.76,30.2,formerly smoked,No,0.8443592922348698,0.6769458037115685,0.2279495990836197
17718,Female,33.0,Yes,No,Yes,Private,Urban,74.44,45.2,smokes,No,0.3710131860701003,0.0891884405872033,0.3997709049255442
31164,Female,43.0,No,No,Yes,Private,Rural,95.93,21.8,Unknown,No,0.4837146399188549,0.1883944234142738,0.131729667812142
48272,Female,11.0,No,No,No,children,Rural,87.51,24.4,Unknown,No,0.12306998760284,0.1495245129720247,0.1615120274914089
2893,Female,7.0,No,No,No,children,Rural,72.35,17.0,Unknown,No,0.0779894060633382,0.0795402086603268,0.0767468499427262
34376,Female,16.0,No,No,No,children,Rural,113.47,19.5,Unknown,No,0.1794207145272174,0.2693657095374388,0.1053837342497136
18498,Female,44.0,No,No,No,Private,Rural,103.78,49.8,formerly smoked,No,0.4949847853037304,0.2246329978764657,0.4524627720504009
56735,Female,78.0,No,No,Yes,Self-employed,Rural,115.43,27.8,never smoked,No,0.8781697283894963,0.2784138122057059,0.2004581901489118
8595,Male,25.0,No,No,Yes,Private,Rural,95.59,25.1,never smoked,No,0.2808520229910966,0.1868248545840642,0.1695303550973654
621,Male,45.0,No,No,Yes,Private,Rural,101.52,26.8,smokes,No,0.5062549306886058,0.2141999815344843,0.1890034364261168
1307,Female,61.0,Yes,No,Yes,Private,Rural,170.05,60.2,smokes,No,0.6865772568466133,0.5305604283999631,0.5715922107674686
35846,Female,43.0,Yes,No,No,Self-employed,Rural,217.3,27.5,never smoked,No,0.4837146399188549,0.7486843320099714,0.1970217640320733
28645,Female,45.0,Yes,No,Yes,Private,Urban,196.01,28.1,never smoked,No,0.5062549306886058,0.6504016249653771,0.2038946162657503
5835,Male,68.0,No,No,Yes,Private,Urban,92.21,27.3,Unknown,No,0.7654682745407415,0.171221493860216,0.1947308132875143
46474,Male,26.0,No,No,Yes,Private,Rural,100.09,27.4,never smoked,No,0.292122168375972,0.2075985596897793,0.1958762886597937
69687,Female,18.0,No,No,No,Self-employed,Rural,93.88,22.2,never smoked,No,0.2019610052969683,0.1789308466438925,0.13631156930126
2953,Female,43.0,No,No,Yes,Private,Rural,75.05,22.9,smokes,No,0.4837146399188549,0.0920044317237558,0.1443298969072164
11838,Female,43.0,No,No,Yes,Govt_job,Rural,70.08,26.6,never smoked,No,0.4837146399188549,0.0690610285292216,0.1867124856815578
9179,Female,32.0,No,No,Yes,Private,Urban,74.2,23.0,smokes,No,0.3597430406852248,0.0880805096482319,0.1454753722794959
38165,Female,81.0,No,No,No,Private,Rural,69.01,32.6,never smoked,No,0.9119801645441226,0.0641215030929739,0.2554410080183276
63050,Male,25.0,No,No,No,Private,Rural,96.17,22.1,Unknown,No,0.2808520229910966,0.1895023543532453,0.1351660939289805
22470,Male,61.0,No,No,Yes,Govt_job,Urban,184.15,28.1,Unknown,No,0.6865772568466133,0.5956513710645369,0.2038946162657503
71585,Female,66.0,No,No,Yes,Govt_job,Urban,87.24,22.5,formerly smoked,No,0.7429279837709907,0.1482780906656818,0.1397479954180985
15649,Male,54.0,Yes,No,Yes,Private,Rural,198.69,28.1,smokes,No,0.6076862391524851,0.6627735204505585,0.2038946162657503
11974,Male,11.0,No,No,No,children,Urban,82.58,25.5,Unknown,No,0.12306998760284,0.1267657649339857,0.1741122565864833
3009,Female,53.0,No,No,Yes,Self-employed,Rural,96.88,31.4,Unknown,No,0.5964160937676096,0.1927799833810359,0.2416953035509736
32361,Female,78.0,No,Yes,Yes,Self-employed,Urban,73.32,26.0,Unknown,No,0.8781697283894963,0.0840180962053365,0.1798396334478808
41523,Male,9.0,No,No,No,children,Rural,94.59,20.0,Unknown,No,0.1005296968330891,0.1822084756716831,0.1111111111111111
53910,Female,48.0,No,No,Yes,Self-employed,Rural,132.08,31.6,smokes,No,0.5400653668432323,0.3552765210968516,0.2439862542955326
67548,Female,31.0,No,No,Yes,Private,Urban,98.99,31.2,never smoked,No,0.3484728953003493,0.2025205428861601,0.2394043528064146
50441,Male,45.0,No,No,No,Private,Rural,104.48,21.7,never smoked,No,0.5062549306886058,0.2278644631151325,0.1305841924398625
16927,Male,21.0,No,No,Yes,Private,Rural,98.01,24.2,Unknown,No,0.2357714414515947,0.1979964915520266,0.1592210767468499
28265,Female,42.0,No,No,Yes,Self-employed,Rural,79.14,25.0,formerly smoked,No,0.4724444945339794,0.1108854214753947,0.1683848797250859
33404,Male,35.0,No,No,Yes,Private,Urban,89.32,36.7,Unknown,No,0.3935534768398512,0.1578801588034345,0.302405498281787
50965,Male,53.0,No,No,No,Private,Rural,65.24,28.9,Unknown,No,0.5964160937676096,0.046717754593297,0.2130584192439862
21077,Male,60.0,No,No,Yes,Private,Rural,80.98,29.7,formerly smoked,No,0.6753071114617378,0.119379558674176,0.2222222222222222
12982,Male,74.0,No,No,Yes,Self-employed,Urban,186.17,44.3,Unknown,No,0.8330891468499944,0.6049764564675467,0.3894616265750286
66570,Female,23.0,No,No,No,Private,Rural,69.24,51.0,never smoked,No,0.2583117322213457,0.0651832702428215,0.4662084765177549
29158,Female,55.0,No,No,Yes,Private,Rural,111.19,39.7,formerly smoked,No,0.6189563845373606,0.2588403656172098,0.3367697594501718
34299,Female,71.0,No,No,Yes,Private,Urban,93.28,34.7,never smoked,No,0.7992787106953679,0.1761610192964638,0.279495990836197
54375,Male,5.0,No,No,No,children,Rural,122.19,35.0,Unknown,No,0.0554491152935872,0.3096205336534022,0.2829324169530355
37832,Female,77.48,No,No,No,children,Rural,129.53,21.3,never smoked,No,0.872309252789361,0.3435047548702797,0.1260022909507445
21058,Female,15.0,No,No,No,children,Rural,114.53,29.1,Unknown,No,0.1681505691423419,0.2742590711845628,0.2153493699885452
7696,Female,66.0,No,No,No,Private,Urban,93.73,23.9,smokes,No,0.7429279837709907,0.1782383898070353,0.1557846506300114
34668,Female,56.0,No,No,Yes,Private,Urban,77.49,36.0,formerly smoked,No,0.6302265299222359,0.1032683962699658,0.2943871706758305
68483,Female,60.0,No,No,Yes,Private,Urban,65.38,41.2,formerly smoked,No,0.6753071114617378,0.0473640476410303,0.3539518900343643
6072,Female,57.0,No,No,Yes,Private,Urban,94.18,27.1,never smoked,No,0.6414966753071114,0.1803157603176069,0.1924398625429553
51112,Male,29.0,No,No,Yes,Self-employed,Urban,118.7,33.2,Unknown,No,0.3259326045305984,0.2935093712491921,0.2623138602520046
69673,Female,76.0,No,No,Yes,Govt_job,Urban,96.29,25.4,smokes,No,0.8556294376197453,0.190056319822731,0.1729667812142038
71238,Male,45.0,Yes,No,Yes,Private,Rural,74.64,30.7,smokes,No,0.5062549306886058,0.0901117163696796,0.2336769759450171
63958,Female,42.0,No,No,Yes,Private,Urban,96.99,34.8,formerly smoked,No,0.4724444945339794,0.1932877850613978,0.2806414662084764
34511,Female,71.0,No,No,Yes,Private,Rural,100.61,19.2,Unknown,No,0.7992787106953679,0.2099990767242175,0.1019473081328751
24892,Male,64.0,No,No,Yes,Private,Rural,97.08,31.7,Unknown,No,0.7203876930012397,0.1937032591635121,0.2451317296678121
29496,Female,39.0,No,No,Yes,Private,Rural,84.79,35.7,never smoked,No,0.4386340583793531,0.1369679623303481,0.290950744558992
19939,Female,46.0,No,No,Yes,Private,Rural,78.75,37.8,formerly smoked,No,0.5175250760734813,0.109085033699566,0.3150057273768614
27832,Female,51.0,No,No,Yes,Private,Rural,82.93,29.7,smokes,No,0.5738758029978587,0.1283814975533192,0.2222222222222222
27757,Male,31.0,No,No,Yes,Private,Urban,88.78,35.8,smokes,No,0.3484728953003493,0.1553873141907488,0.2920962199312714
31279,Male,22.0,No,No,No,Private,Urban,122.1,23.6,smokes,No,0.2470415868364702,0.3092050595512879,0.1523482245131729
25099,Male,41.0,No,No,No,Govt_job,Rural,74.81,39.7,smokes,No,0.461174349149104,0.0908965007847844,0.3367697594501718
67733,Female,28.0,No,No,Yes,Private,Urban,183.45,40.5,smokes,No,0.314662459145723,0.5924199058258701,0.3459335624284078
9201,Female,44.0,No,No,Yes,Self-employed,Urban,114.94,21.4,never smoked,No,0.4949847853037304,0.2761517865386391,0.127147766323024
33123,Female,68.0,No,No,Yes,Self-employed,Rural,104.38,40.8,formerly smoked,No,0.7654682745407415,0.2274028252238943,0.3493699885452462
21713,Male,49.0,No,No,Yes,Private,Urban,102.91,24.7,Unknown,No,0.5513355122281077,0.2206167482226941,0.1649484536082474
22622,Male,10.0,No,No,No,children,Rural,108.79,21.0,Unknown,No,0.1117998422179646,0.2477610562274952,0.122565864833906
6726,Female,31.0,No,No,Yes,Private,Urban,73.31,45.0,never smoked,No,0.3484728953003493,0.0839719324162127,0.3974799541809851
17242,Male,67.0,No,No,Yes,Self-employed,Urban,68.52,26.2,never smoked,No,0.7541981291558661,0.0618594774259071,0.1821305841924398
16380,Male,40.0,No,No,Yes,Private,Rural,89.77,28.1,smokes,No,0.4499042037642285,0.159957529314006,0.2038946162657503
9729,Male,70.0,No,No,Yes,Private,Urban,102.64,28.3,never smoked,No,0.7880085653104925,0.2193703259163512,0.2061855670103093
56974,Female,38.0,No,No,Yes,Govt_job,Urban,70.92,41.6,never smoked,No,0.4273639129944776,0.0729387868156218,0.3585337915234822
29933,Female,5.0,No,No,No,children,Rural,86.11,19.0,Unknown,No,0.0554491152935872,0.1430615824946911,0.0996563573883161
65574,Female,54.0,No,No,Yes,Private,Urban,129.16,32.4,never smoked,No,0.6076862391524851,0.3417966946726987,0.2531500572737686
17019,Female,30.0,No,No,Yes,Govt_job,Urban,113.85,34.0,never smoked,No,0.3372027499154739,0.2711199335241436,0.2714776632302405
41800,Female,23.0,No,No,Yes,Private,Rural,79.35,39.4,formerly smoked,No,0.2583117322213457,0.1118548610469947,0.3333333333333333
7621,Female,31.0,No,No,Yes,Private,Rural,80.79,28.7,Unknown,No,0.3484728953003493,0.1185024466808236,0.2107674684994272
6855,Male,72.0,Yes,No,Yes,Self-employed,Urban,114.01,31.8,formerly smoked,No,0.8105488560802434,0.2718585541501246,0.2462772050400916
5374,Male,23.0,No,No,Yes,Private,Rural,93.74,31.2,never smoked,No,0.2583117322213457,0.1782845535961591,0.2394043528064146
31564,Female,25.0,No,No,Yes,Private,Rural,90.65,20.9,Unknown,No,0.2808520229910966,0.1640199427569015,0.1214203894616265
26028,Male,51.0,No,No,Yes,Private,Urban,98.41,32.1,never smoked,No,0.5738758029978587,0.199843043116979,0.2497136311569301
71808,Female,20.0,No,No,No,Private,Urban,127.18,31.0,Unknown,No,0.2245012960667192,0.3326562644261841,0.2371134020618556
56998,Female,12.0,No,No,No,children,Urban,138.06,23.1,Unknown,No,0.1343401329877155,0.3828824669928907,0.1466208476517755
14712,Female,57.0,No,No,Yes,Private,Urban,89.44,26.7,never smoked,No,0.6414966753071114,0.1584341242729203,0.1878579610538373
23094,Male,65.0,No,No,Yes,Self-employed,Urban,105.61,27.9,Unknown,No,0.7316578383861152,0.2330809712861231,0.2016036655211912
43134,Female,45.0,No,No,Yes,Private,Rural,155.43,27.3,never smoked,No,0.5062549306886058,0.463068968700951,0.1947308132875143
40622,Female,43.0,No,No,Yes,Private,Rural,80.83,51.5,Unknown,No,0.4837146399188549,0.1186871018373188,0.4719358533791524
39383,Female,30.0,No,No,Yes,Private,Urban,80.19,20.4,never smoked,No,0.3372027499154739,0.1157326193333948,0.115693012600229
63606,Male,29.0,No,No,Yes,Govt_job,Urban,60.34,29.6,formerly smoked,No,0.3259326045305984,0.0240974979226295,0.2210767468499427
46438,Female,54.0,No,No,Yes,Self-employed,Urban,79.3,30.6,formerly smoked,No,0.6076862391524851,0.1116240421013756,0.2325315005727377
65144,Female,57.0,No,No,Yes,Self-employed,Urban,98.44,33.6,Unknown,No,0.6414966753071114,0.1999815344843504,0.2668957617411225
545,Male,42.0,No,No,Yes,Private,Rural,210.48,71.9,never smoked,No,0.4724444945339794,0.717200627827532,0.7056128293241697
36331,Female,18.0,No,No,No,Private,Rural,70.34,24.2,Unknown,No,0.2019610052969683,0.0702612870464408,0.1592210767468499
42359,Male,9.0,No,No,No,children,Urban,122.22,17.7,Unknown,No,0.1005296968330891,0.3097590250207737,0.0847651775486827
20751,Female,26.0,No,No,Yes,Private,Rural,75.29,22.6,smokes,No,0.292122168375972,0.0931123626627273,0.140893470790378
34641,Male,40.0,No,No,No,Private,Rural,100.35,28.1,never smoked,No,0.4499042037642285,0.2087988182069984,0.2038946162657503
15791,Male,77.0,No,No,Yes,Private,Urban,193.83,26.5,never smoked,No,0.8668995830046208,0.6403379189363864,0.1855670103092783
68241,Female,15.0,No,No,No,children,Urban,126.96,28.7,Unknown,No,0.1681505691423419,0.3316406610654602,0.2107674684994272
67780,Female,76.0,No,No,Yes,Private,Urban,183.34,39.5,formerly smoked,No,0.8556294376197453,0.5919121041455082,0.3344788087056128
68275,Male,52.0,No,No,Yes,Private,Urban,247.69,35.1,Unknown,No,0.5851459483827341,0.8889760871572339,0.284077892325315
13129,Female,45.0,No,No,Yes,Self-employed,Rural,76.2,27.9,never smoked,No,0.5062549306886058,0.0973132674729942,0.2016036655211912
60902,Male,5.0,No,No,No,children,Rural,71.43,19.3,Unknown,No,0.0554491152935872,0.0752931400609362,0.1030927835051546
37629,Female,55.0,No,No,No,Private,Rural,93.36,28.4,never smoked,No,0.6189563845373606,0.1765303296094543,0.2073310423825887
58439,Male,36.0,No,No,No,Private,Urban,61.29,26.7,never smoked,No,0.4048236222247267,0.0284830578893915,0.1878579610538373
62936,Male,46.0,No,No,Yes,Private,Urban,103.62,40.9,Unknown,No,0.5175250760734813,0.2238943772504847,0.3505154639175257
29010,Male,5.0,No,No,No,children,Rural,100.52,17.2,Unknown,No,0.0554491152935872,0.2095836026221032,0.0790378006872852
36561,Female,39.0,No,No,Yes,Govt_job,Rural,191.47,28.3,never smoked,No,0.4386340583793531,0.6294432647031668,0.2061855670103093
44912,Male,12.0,No,No,No,children,Urban,67.06,16.1,Unknown,No,0.1343401329877155,0.0551195642138306,0.0664375715922107
59829,Male,6.12,No,Yes,Yes,Private,Urban,144.1,27.6,never smoked,No,0.0680716781246478,0.4107653956236727,0.1981672394043528
45238,Female,1.8,No,No,No,children,Urban,58.26,16.5,Unknown,No,0.0193846500619857,0.0144954297848767,0.0710194730813287
47811,Female,72.0,No,No,Yes,Self-employed,Urban,239.82,35.8,never smoked,No,0.8105488560802434,0.8526451851167943,0.2920962199312714
61511,Female,0.32,No,No,No,children,Rural,73.71,16.2,Unknown,No,0.0027048348923701,0.0858184839811651,0.0675830469644902
55424,Female,64.0,No,No,Yes,Private,Rural,88.53,24.6,never smoked,No,0.7203876930012397,0.1542332194626535,0.1638029782359679
36942,Male,27.0,No,No,No,Private,Urban,114.79,32.0,Unknown,No,0.3033923137608475,0.2754593297017819,0.2485681557846506
61697,Male,25.0,No,No,No,Private,Rural,113.8,35.3,formerly smoked,No,0.2808520229910966,0.2708891145785246,0.286368843069874
55138,Female,81.0,No,No,No,Self-employed,Urban,71.91,19.2,Unknown,No,0.9119801645441226,0.0775090019388791,0.1019473081328751
39399,Female,32.0,No,No,No,Self-employed,Urban,65.3,40.4,never smoked,No,0.3597430406852248,0.0469947373280398,0.3447880870561283
17148,Male,57.0,No,No,Yes,Private,Urban,189.57,30.7,never smoked,No,0.6414966753071114,0.6206721447696426,0.2336769759450171
721,Female,52.0,Yes,No,Yes,Self-employed,Urban,114.25,24.3,formerly smoked,No,0.5851459483827341,0.2729664850890961,0.1603665521191294
40448,Male,54.0,No,No,Yes,Private,Urban,81.26,26.4,formerly smoked,No,0.6076862391524851,0.1206721447696427,0.1844215349369988
58007,Female,36.0,No,No,Yes,Private,Urban,87.88,34.7,smokes,No,0.4048236222247267,0.1512325731696057,0.279495990836197
15095,Male,18.0,No,No,No,Private,Urban,112.17,31.7,Unknown,No,0.2019610052969683,0.2633644169513434,0.2451317296678121
11960,Male,45.0,No,No,Yes,Private,Rural,99.97,35.6,never smoked,No,0.5062549306886058,0.2070445942202936,0.2898052691867125
56179,Male,29.0,No,No,No,Private,Urban,207.58,22.8,smokes,No,0.3259326045305984,0.7038131289816268,0.143184421534937
24592,Female,8.31,Yes,No,Yes,Private,Urban,109.16,28.0,smokes,No,0.092753296517525,0.2494691164250761,0.2027491408934708
67744,Female,23.0,No,No,No,Private,Urban,74.46,35.6,formerly smoked,No,0.2583117322213457,0.089280768165451,0.2898052691867125
8328,Female,54.0,No,No,Yes,Private,Rural,118.51,40.6,never smoked,No,0.6076862391524851,0.2926322592558397,0.3470790378006873
32437,Female,54.0,No,No,Yes,Self-employed,Urban,107.47,29.3,formerly smoked,No,0.6076862391524851,0.241667436063152,0.2176403207331042
44315,Male,18.0,No,No,No,Self-employed,Rural,182.86,21.0,Unknown,No,0.2019610052969683,0.5896962422675653,0.122565864833906
68245,Female,26.0,No,No,Yes,Private,Rural,59.17,20.0,Unknown,No,0.292122168375972,0.0186963345951435,0.1111111111111111
25483,Male,72.0,No,No,Yes,Private,Rural,215.64,26.7,formerly smoked,No,0.8105488560802434,0.7410211430154187,0.1878579610538373
47732,Male,36.17,No,No,No,children,Rural,163.7,18.4,Unknown,No,0.4067395469401555,0.5012464223063429,0.0927835051546391
50118,Female,65.0,No,Yes,Yes,Private,Rural,196.36,34.5,formerly smoked,No,0.7316578383861152,0.6520173575847106,0.277205040091638
55420,Female,45.0,No,No,No,Private,Rural,139.77,27.7,Unknown,No,0.5062549306886058,0.3907764749330625,0.1993127147766323
55709,Female,47.0,No,No,Yes,Self-employed,Urban,141.23,21.1,never smoked,No,0.5287952214583568,0.3975163881451389,0.1237113402061855
15311,Female,24.0,No,No,Yes,Private,Urban,89.99,24.4,formerly smoked,No,0.2695818776062211,0.1609731326747299,0.1615120274914089
53660,Male,57.0,No,No,Yes,Private,Urban,108.53,19.4,smokes,No,0.6414966753071114,0.246560797710276,0.1042382588774341
56553,Female,51.0,No,No,Yes,Private,Urban,63.61,42.3,Unknown,No,0.5738758029978587,0.0391930569661157,0.3665521191294387
30480,Male,48.0,No,No,Yes,Private,Urban,85.54,32.2,smokes,No,0.5400653668432323,0.1404302465146339,0.2508591065292097
31988,Female,56.0,No,No,Yes,Private,Urban,100.83,26.8,never smoked,No,0.6302265299222359,0.2110146800849413,0.1890034364261168
59807,Female,30.0,No,No,Yes,Private,Urban,59.82,25.4,never smoked,No,0.3372027499154739,0.0216969808881913,0.1729667812142038
45585,Female,63.0,Yes,No,Yes,Private,Urban,105.95,23.5,smokes,No,0.7091175476163643,0.2346505401163327,0.1512027491408934
39639,Female,46.0,No,No,Yes,Private,Rural,188.11,50.2,smokes,No,0.5175250760734813,0.6139322315575663,0.457044673539519
52063,Female,53.0,No,No,Yes,Self-employed,Urban,71.15,26.1,formerly smoked,No,0.5964160937676096,0.0740005539654695,0.1809851088201604
40639,Female,1.08,No,No,No,children,Rural,60.53,17.5,Unknown,No,0.0112701453848754,0.0249746099159819,0.0824742268041237
31090,Male,15.0,No,No,No,children,Rural,205.5,24.2,never smoked,No,0.1681505691423419,0.6942110608438741,0.1592210767468499
64174,Female,59.0,Yes,No,Yes,Private,Urban,204.86,30.8,never smoked,No,0.6640369660768624,0.6912565783399501,0.2348224513172966
8544,Female,24.0,No,No,No,Self-employed,Rural,115.03,23.4,never smoked,No,0.2695818776062211,0.2765672606407534,0.1500572737686139
27377,Male,53.0,No,No,Yes,Private,Rural,79.87,30.9,never smoked,No,0.5964160937676096,0.1142553780814329,0.2359679266895761
3361,Female,39.0,No,No,Yes,Govt_job,Rural,97.89,23.6,never smoked,No,0.4386340583793531,0.1974425260825408,0.1523482245131729
61408,Male,23.0,No,No,No,Never_worked,Urban,125.26,18.7,never smoked,No,0.2583117322213457,0.3237928169144124,0.0962199312714776
33552,Male,31.0,No,No,Yes,Private,Rural,114.32,27.7,smokes,No,0.3484728953003493,0.2732896316129627,0.1993127147766323
31364,Male,5.0,No,No,No,children,Urban,92.23,16.7,Unknown,No,0.0554491152935872,0.1713138214384637,0.0733104238258877
7446,Male,44.0,No,No,Yes,Private,Urban,83.51,31.2,never smoked,No,0.4949847853037304,0.1310589973225002,0.2394043528064146
9906,Female,1.8,No,No,No,children,Urban,102.34,17.0,Unknown,No,0.0193846500619857,0.2179854122426369,0.0767468499427262
65130,Male,40.0,No,No,Yes,Private,Rural,144.48,29.8,smokes,No,0.4499042037642285,0.4125196196103775,0.2233676975945017
27794,Male,7.0,No,No,No,children,Rural,88.39,19.7,Unknown,No,0.0779894060633382,0.1535869264149201,0.1076746849942726
48993,Female,56.0,No,No,Yes,Private,Rural,228.08,29.1,Unknown,No,0.6302265299222359,0.79844889668544,0.2153493699885452
30753,Male,42.0,No,No,Yes,Govt_job,Urban,93.79,27.2,never smoked,No,0.4724444945339794,0.1785153725417782,0.1935853379152348
46809,Male,48.0,No,No,Yes,Private,Rural,147.14,22.3,Unknown,No,0.5400653668432323,0.4247991875173113,0.1374570446735395
22853,Male,82.0,No,No,No,Self-employed,Rural,106.43,27.0,smokes,No,0.923250309928998,0.2368664019942757,0.1912943871706758
12465,Female,52.0,No,No,No,Private,Rural,88.04,42.1,never smoked,No,0.5851459483827341,0.1519711937955867,0.3642611683848797
64849,Female,42.0,No,No,Yes,Private,Urban,92.2,34.2,Unknown,No,0.4724444945339794,0.1711753300710922,0.2737686139747995
39659,Female,73.0,No,No,Yes,Govt_job,Urban,219.53,40.9,never smoked,No,0.8218190014651189,0.7589788569845812,0.3505154639175257
24183,Female,55.0,No,No,Yes,Govt_job,Rural,75.56,29.4,smokes,No,0.6189563845373606,0.0943587849690702,0.2187857961053837
71533,Male,50.0,No,No,Yes,Private,Urban,158.31,32.8,formerly smoked,No,0.5626056576129832,0.4763641399686086,0.2577319587628865
35565,Male,43.0,No,No,Yes,Private,Urban,111.43,21.9,smokes,No,0.4837146399188549,0.2599482965561813,0.1328751431844215
34558,Male,33.0,No,No,Yes,Private,Rural,219.97,39.6,never smoked,No,0.3710131860701003,0.761010063706029,0.3356242840778923
42553,Female,80.0,No,No,Yes,Private,Rural,148.91,28.3,never smoked,No,0.9007100191592471,0.432970178192226,0.2061855670103093
39601,Female,33.0,No,No,Yes,Private,Urban,69.4,47.8,never smoked,No,0.3710131860701003,0.0659218908688025,0.429553264604811
46891,Female,74.0,No,No,Yes,Private,Rural,68.34,39.3,Unknown,No,0.8330891468499944,0.0610285292216785,0.3321878579610538
38987,Male,65.0,No,Yes,Yes,Self-employed,Urban,58.37,28.0,smokes,No,0.7316578383861152,0.0150032314652386,0.2027491408934708
21886,Female,40.0,No,No,Yes,Private,Urban,71.2,27.1,never smoked,No,0.4499042037642285,0.0742313729110885,0.1924398625429553
5353,Male,45.0,No,Yes,No,Private,Rural,101.5,31.2,smokes,No,0.5062549306886058,0.2141076539562367,0.2394043528064146
44300,Female,66.0,No,No,Yes,Govt_job,Urban,92.04,23.1,never smoked,No,0.7429279837709907,0.1704367094451113,0.1466208476517755
48144,Female,20.0,No,No,No,Govt_job,Rural,73.0,20.8,never smoked,No,0.2245012960667192,0.0825408549533745,0.120274914089347
46218,Female,51.0,No,No,Yes,Self-employed,Urban,111.15,34.1,smokes,No,0.5738758029978587,0.2586557104607146,0.2726231386025201
39745,Female,60.0,No,No,Yes,Self-employed,Rural,58.65,30.1,never smoked,No,0.6753071114617378,0.0162958175607053,0.2268041237113402
13517,Male,59.0,No,No,Yes,Private,Urban,100.54,35.8,never smoked,No,0.6640369660768624,0.2096759302003508,0.2920962199312714
36355,Male,58.0,No,No,Yes,Govt_job,Rural,111.73,34.6,never smoked,No,0.6527668206919869,0.2613332102298957,0.2783505154639175
22678,Female,42.0,No,No,Yes,Govt_job,Urban,97.78,29.8,Unknown,No,0.4724444945339794,0.1969347244021789,0.2233676975945017
2532,Male,28.0,No,No,No,Private,Rural,85.79,26.7,Unknown,No,0.314662459145723,0.1415843412427292,0.1878579610538373
52512,Male,57.0,No,No,Yes,Private,Rural,98.54,30.2,never smoked,No,0.6414966753071114,0.2004431723755886,0.2279495990836197
3579,Female,66.0,No,Yes,Yes,Private,Urban,94.62,29.7,formerly smoked,No,0.7429279837709907,0.1823469670390546,0.2222222222222222
3130,Female,56.0,No,No,Yes,Private,Rural,112.43,54.6,never smoked,No,0.6302265299222359,0.2645646754685625,0.5074455899198167
5545,Male,48.0,No,No,Yes,Self-employed,Urban,99.67,23.3,formerly smoked,No,0.5400653668432323,0.2056596805465792,0.1489117983963344
63693,Male,37.0,No,No,No,Private,Urban,67.39,35.6,Unknown,No,0.4160937676096021,0.0566429692549164,0.2898052691867125
34363,Female,27.0,No,No,Yes,Private,Urban,95.12,27.0,never smoked,No,0.3033923137608475,0.1846551564952451,0.1912943871706758
23650,Male,15.0,No,No,No,children,Rural,85.06,21.6,never smoked,No,0.1681505691423419,0.138214384636691,0.129438717067583
53515,Male,22.92,No,No,Yes,Private,Rural,214.05,29.4,formerly smoked,No,0.2574101205905556,0.7336811005447327,0.2187857961053837
33528,Female,80.0,No,Yes,No,Self-employed,Urban,79.09,22.8,never smoked,No,0.9007100191592471,0.1106546025297756,0.143184421534937
23046,Female,43.0,No,No,Yes,Self-employed,Urban,98.09,17.3,never smoked,No,0.4837146399188549,0.1983658018650171,0.0801832760595647
11068,Male,53.0,No,No,Yes,Self-employed,Urban,76.36,29.8,Unknown,No,0.5964160937676096,0.0980518880989751,0.2233676975945017
62233,Female,70.0,No,No,No,Self-employed,Urban,98.42,36.4,formerly smoked,No,0.7880085653104925,0.1998892069061028,0.2989690721649484
7291,Female,58.0,No,No,No,Private,Urban,82.01,34.7,formerly smoked,No,0.6527668206919869,0.1241344289539285,0.279495990836197
36814,Female,49.0,No,No,Yes,Private,Rural,56.11,28.7,smokes,No,0.5513355122281077,0.0045702151232573,0.2107674684994272
48265,Male,65.0,No,No,Yes,Govt_job,Rural,111.85,26.7,never smoked,No,0.7316578383861152,0.2618871756993813,0.1878579610538373
10139,Female,54.0,No,No,Yes,Self-employed,Urban,92.39,22.1,never smoked,No,0.6076862391524851,0.1720524420644446,0.1351660939289805
12662,Male,74.0,Yes,No,Yes,Self-employed,Urban,112.54,27.7,formerly smoked,No,0.8330891468499944,0.2650724771489244,0.1993127147766323
43174,Female,56.0,No,No,Yes,Private,Urban,63.71,40.5,formerly smoked,No,0.6302265299222359,0.0396546948573539,0.3459335624284078
72823,Female,79.0,No,No,Yes,Private,Urban,70.35,23.0,formerly smoked,No,0.8894398737743716,0.0703074508355645,0.1454753722794959
30567,Male,71.0,Yes,No,Yes,Private,Urban,94.65,25.3,formerly smoked,No,0.7992787106953679,0.182485458406426,0.1718213058419244
41927,Female,28.0,No,No,Yes,Private,Rural,64.64,22.1,never smoked,No,0.314662459145723,0.0439479272458683,0.1351660939289805
54866,Female,9.0,No,No,No,children,Rural,57.27,28.0,Unknown,No,0.1005296968330891,0.0099252146616194,0.2027491408934708
20364,Female,4.0,No,No,No,children,Urban,107.25,12.0,Unknown,No,0.0441789699087118,0.2406518327024282,0.0194730813287514
21117,Female,36.0,No,No,No,Self-employed,Rural,77.12,28.4,never smoked,No,0.4048236222247267,0.1015603360723848,0.2073310423825887
50491,Female,78.0,No,No,Yes,Self-employed,Urban,55.32,29.6,smokes,No,0.8781697283894963,0.0009232757824762388,0.2210767468499427
61013,Male,52.0,No,No,No,Private,Rural,69.37,36.2,Unknown,No,0.5851459483827341,0.0657833995014311,0.2966781214203895
71010,Female,80.0,No,No,No,Self-employed,Urban,57.57,22.8,never smoked,No,0.9007100191592471,0.0113101283353337,0.143184421534937
23551,Male,28.0,No,No,Yes,Private,Urban,87.43,55.7,Unknown,No,0.314662459145723,0.1491552026590342,0.5200458190148912
10997,Female,38.0,No,No,Yes,Private,Rural,98.73,24.3,never smoked,No,0.4273639129944776,0.201320284368941,0.1603665521191294
12738,Male,56.0,No,No,Yes,Private,Rural,81.18,26.9,never smoked,No,0.6302265299222359,0.1203028344566522,0.1901489117983963
57772,Female,75.0,No,No,Yes,Govt_job,Rural,56.23,25.3,never smoked,No,0.8443592922348698,0.005124180592743,0.1718213058419244
16615,Male,76.0,Yes,No,Yes,Self-employed,Rural,69.61,35.3,never smoked,No,0.8556294376197453,0.0668913304404025,0.286368843069874
62999,Male,10.0,No,No,No,children,Rural,59.49,18.3,Unknown,No,0.1117998422179646,0.0201735758471055,0.0916380297823596
68995,Female,48.0,No,No,No,Private,Rural,118.14,28.1,formerly smoked,No,0.5400653668432323,0.2909241990582587,0.2038946162657503
66184,Male,40.0,No,No,Yes,Govt_job,Rural,100.26,26.0,Unknown,No,0.4499042037642285,0.2083833441048841,0.1798396334478808
53010,Male,45.0,No,No,Yes,Self-employed,Rural,56.75,21.0,never smoked,No,0.5062549306886058,0.0075246976271812,0.122565864833906
967,Male,61.0,No,Yes,Yes,Private,Urban,88.27,28.1,never smoked,No,0.6865772568466133,0.1530329609454344,0.2038946162657503
31145,Female,17.0,No,No,No,Private,Urban,67.81,55.7,never smoked,No,0.1906908599120928,0.0585818483981165,0.5200458190148912
54338,Female,58.0,No,No,Yes,Govt_job,Rural,77.46,27.6,never smoked,No,0.6527668206919869,0.1031299049025943,0.1981672394043528
22870,Male,12.0,No,No,No,children,Urban,76.26,20.5,never smoked,No,0.1343401329877155,0.097590250207737,0.1168384879725085
13223,Female,53.0,No,No,Yes,Govt_job,Rural,86.39,30.2,never smoked,No,0.5964160937676096,0.1443541685901579,0.2279495990836197
57523,Female,26.0,No,No,Yes,Private,Urban,116.38,21.9,formerly smoked,No,0.292122168375972,0.2827993721724679,0.1328751431844215
67932,Female,48.0,No,No,Yes,Private,Rural,75.74,28.8,smokes,No,0.5400653668432323,0.0951897331732988,0.2119129438717067
10255,Male,25.0,No,No,Yes,Private,Rural,92.14,36.2,Unknown,No,0.2808520229910966,0.1708983473363493,0.2966781214203895
68131,Female,27.0,No,No,No,Private,Rural,149.95,25.9,never smoked,No,0.3033923137608475,0.4377712122611023,0.1786941580756013
29873,Male,31.0,Yes,No,Yes,Govt_job,Urban,92.11,28.1,never smoked,No,0.3484728953003493,0.1707598559689779,0.2038946162657503
54182,Female,16.0,No,No,No,Private,Rural,74.98,21.4,never smoked,No,0.1794207145272174,0.0916812851998892,0.127147766323024
61300,Male,20.0,No,No,No,Private,Urban,55.25,20.4,never smoked,No,0.2245012960667192,0.0006001292586095585,0.115693012600229
15274,Female,45.0,No,No,No,children,Rural,79.89,31.6,Unknown,No,0.5062549306886058,0.1143477056596805,0.2439862542955326
53016,Female,1.8,No,No,No,children,Urban,130.61,14.4,Unknown,No,0.0193846500619857,0.3484904440956514,0.0469644902634593
28848,Male,28.0,No,No,No,Private,Urban,94.26,23.7,Unknown,No,0.314662459145723,0.1806850706305973,0.1534936998854524
27012,Male,32.0,No,No,No,Private,Urban,94.34,30.2,formerly smoked,No,0.3597430406852248,0.1810543809435878,0.2279495990836197
7745,Female,35.0,No,No,Yes,Private,Urban,109.03,19.5,formerly smoked,No,0.3935534768398512,0.2488689871664666,0.1053837342497136
20541,Female,52.0,Yes,No,Yes,Private,Rural,81.03,32.6,never smoked,No,0.5851459483827341,0.119610377619795,0.2554410080183276
5892,Female,55.0,Yes,No,Yes,Private,Rural,99.82,34.2,never smoked,No,0.6189563845373606,0.2063521373834364,0.2737686139747995
66883,Female,42.0,No,No,Yes,Self-employed,Urban,140.08,43.0,never smoked,No,0.4724444945339794,0.3922075523959006,0.3745704467353952
43196,Female,45.0,No,No,Yes,Self-employed,Urban,59.54,42.2,Unknown,No,0.5062549306886058,0.0204043947927245,0.3654066437571592
12593,Female,18.0,No,No,No,Private,Urban,80.33,19.7,never smoked,No,0.2019610052969683,0.1163789123811282,0.1076746849942726
51514,Female,13.0,No,No,No,children,Urban,131.51,41.7,never smoked,No,0.145610278372591,0.3526451851167943,0.3596792668957618
15553,Female,45.0,No,No,Yes,Private,Rural,89.21,21.6,formerly smoked,No,0.5062549306886058,0.1573723571230726,0.129438717067583
45796,Female,29.0,No,No,Yes,Private,Rural,91.45,24.2,never smoked,No,0.3259326045305984,0.1677130458868064,0.1592210767468499
31840,Female,12.0,No,No,No,children,Rural,90.58,19.2,Unknown,No,0.1343401329877155,0.1636967962330348,0.1019473081328751
58767,Female,37.0,No,No,Yes,Private,Urban,91.45,25.8,Unknown,No,0.4160937676096021,0.1677130458868064,0.1775486827033219
14391,Female,30.0,No,No,Yes,Private,Rural,89.63,23.2,smokes,No,0.3372027499154739,0.1593112362662727,0.1477663230240549
22321,Female,44.0,No,No,Yes,Private,Urban,124.06,20.8,never smoked,No,0.4949847853037304,0.3182531622195549,0.120274914089347
38184,Female,79.0,Yes,No,Yes,Private,Rural,99.47,28.4,never smoked,No,0.8894398737743716,0.204736404764103,0.2073310423825887
13997,Male,38.0,No,No,Yes,Private,Urban,88.97,30.2,never smoked,No,0.4273639129944776,0.1562644261841012,0.2279495990836197
41673,Female,45.0,No,No,Yes,Private,Rural,80.93,23.1,never smoked,No,0.5062549306886058,0.1191487397285569,0.1466208476517755
27796,Female,66.0,No,No,Yes,Private,Urban,102.07,16.7,smokes,No,0.7429279837709907,0.2167389899362939,0.0733104238258877
18390,Female,19.0,No,No,No,Private,Rural,91.69,39.5,Unknown,No,0.2132311506818438,0.1688209768257778,0.3344788087056128
63409,Female,45.0,No,No,Yes,Private,Urban,63.71,33.8,smokes,No,0.5062549306886058,0.0396546948573539,0.2691867124856815
9752,Female,66.0,No,No,Yes,Govt_job,Rural,200.49,34.6,smokes,No,0.7429279837709907,0.6710830024928446,0.2783505154639175
72882,Male,47.0,No,No,Yes,Private,Rural,75.3,25.0,formerly smoked,No,0.5287952214583568,0.0931585264518511,0.1683848797250859
49744,Female,59.0,No,No,Yes,Private,Urban,240.71,43.9,formerly smoked,No,0.6640369660768624,0.8567537623488136,0.3848797250859106
49086,Female,23.0,No,No,No,Private,Urban,60.5,27.1,formerly smoked,No,0.2583117322213457,0.0248361185486104,0.1924398625429553
40866,Female,79.0,No,No,Yes,Self-employed,Rural,131.85,25.9,Unknown,No,0.8894398737743716,0.3542147539470039,0.1786941580756013
47523,Female,45.0,No,No,No,Self-employed,Rural,134.39,22.7,formerly smoked,No,0.5062549306886058,0.3659403563844519,0.1420389461626575
63561,Male,78.0,No,No,Yes,Private,Urban,56.18,27.1,never smoked,No,0.8781697283894963,0.004893361647124,0.1924398625429553
51422,Female,70.0,No,No,Yes,Private,Rural,113.64,25.6,formerly smoked,No,0.7880085653104925,0.2701504939525436,0.1752577319587629
56870,Female,34.0,No,No,No,Private,Rural,156.57,28.4,Unknown,No,0.3822833314549758,0.4683316406610654,0.2073310423825887
3590,Female,28.0,Yes,No,No,Private,Rural,80.4,57.5,never smoked,No,0.314662459145723,0.1167020589049949,0.5406643757159222
60665,Male,29.0,No,No,No,Private,Urban,59.26,35.8,smokes,No,0.3259326045305984,0.0191118086972578,0.2920962199312714
40791,Female,13.0,No,No,No,children,Rural,63.26,19.5,Unknown,No,0.145610278372591,0.0375773243467823,0.1053837342497136
54304,Female,22.0,No,No,Yes,Private,Urban,86.24,31.2,never smoked,No,0.2470415868364702,0.1436617117533007,0.2394043528064146
22485,Male,56.0,No,No,Yes,Private,Urban,197.1,43.6,formerly smoked,No,0.6302265299222359,0.6554334779798725,0.3814432989690721
18430,Female,81.0,No,No,Yes,Self-employed,Urban,90.9,31.2,formerly smoked,No,0.9119801645441226,0.1651740374849968,0.2394043528064146
19234,Female,28.0,No,No,No,Private,Rural,84.59,23.5,Unknown,No,0.314662459145723,0.1360446865478718,0.1512027491408934
52454,Male,9.0,No,No,No,children,Rural,121.8,18.7,Unknown,No,0.1005296968330891,0.3078201458775736,0.0962199312714776
13365,Male,50.0,No,No,Yes,Private,Rural,77.65,24.4,smokes,No,0.5626056576129832,0.1040070168959468,0.1615120274914089
60983,Male,45.0,No,No,Yes,Private,Urban,64.41,29.4,smokes,No,0.5062549306886058,0.0428861600960206,0.2187857961053837
14615,Female,30.0,No,No,No,Private,Urban,75.19,37.0,smokes,No,0.3372027499154739,0.0926507247714892,0.3058419243986254
50277,Female,51.0,No,No,Yes,Self-employed,Rural,67.97,29.4,smokes,No,0.5738758029978587,0.0593204690240975,0.2187857961053837
50811,Male,24.0,No,No,No,Private,Urban,119.34,38.5,never smoked,No,0.2695818776062211,0.296463853753116,0.3230240549828179
16575,Male,17.0,No,No,No,Private,Rural,94.92,23.5,never smoked,No,0.1906908599120928,0.1837318807127689,0.1512027491408934
1246,Female,43.0,No,No,Yes,Govt_job,Rural,107.42,28.1,never smoked,No,0.4837146399188549,0.241436617117533,0.2038946162657503
11176,Male,9.0,No,No,No,children,Rural,85.02,16.3,Unknown,No,0.1005296968330891,0.1380297294801957,0.0687285223367697
30712,Male,45.0,No,No,Yes,Private,Urban,103.51,35.9,never smoked,No,0.5062549306886058,0.2233865755701228,0.2932416953035509
31308,Female,49.0,No,No,Yes,Private,Urban,114.5,35.9,formerly smoked,No,0.5513355122281077,0.2741205798171914,0.2932416953035509
9612,Female,6.0,No,No,No,children,Urban,70.78,20.3,Unknown,No,0.0667192606784627,0.0722924937678884,0.1145475372279496
3325,Male,30.0,No,No,Yes,Self-employed,Rural,95.01,32.3,smokes,No,0.3372027499154739,0.1841473548148832,0.2520045819014891
52808,Male,73.0,No,No,Yes,Private,Urban,84.11,27.9,never smoked,No,0.8218190014651189,0.1338288246699289,0.2016036655211912
41513,Female,20.0,No,No,Yes,Private,Urban,74.02,22.3,never smoked,No,0.2245012960667192,0.0872495614440033,0.1374570446735395
36109,Male,42.0,No,No,Yes,Private,Urban,78.49,31.8,smokes,No,0.4724444945339794,0.1078847751823469,0.2462772050400916
53336,Female,79.0,No,No,Yes,Govt_job,Urban,74.22,29.7,Unknown,No,0.8894398737743716,0.0881728372264795,0.2222222222222222
56831,Female,55.0,No,No,Yes,Private,Urban,55.34,27.1,smokes,No,0.6189563845373606,0.0010156033607238,0.1924398625429553
52580,Female,27.0,No,No,No,Private,Rural,75.04,24.5,never smoked,No,0.3033923137608475,0.0919582679346321,0.1626575028636884
55592,Male,71.0,No,No,Yes,Private,Rural,109.73,28.9,never smoked,No,0.7992787106953679,0.2521004524051334,0.2130584192439862
33723,Female,9.0,No,No,No,children,Urban,95.81,28.1,Unknown,No,0.1005296968330891,0.1878404579447881,0.2038946162657503
26235,Male,23.0,No,No,No,Private,Rural,96.78,24.6,smokes,No,0.2583117322213457,0.1923183454897978,0.1638029782359679
16685,Female,71.0,Yes,No,Yes,Private,Urban,194.62,31.6,never smoked,No,0.7992787106953679,0.6439848582771673,0.2439862542955326
44583,Female,56.0,No,Yes,Yes,Private,Rural,70.02,32.3,never smoked,No,0.6302265299222359,0.0687840457944788,0.2520045819014891
25315,Male,86.53,No,No,Yes,Private,Urban,222.21,41.1,smokes,No,0.974304068522484,0.7713507524697627,0.3528064146620848
58227,Female,64.0,No,No,Yes,Govt_job,Rural,62.41,30.0,never smoked,No,0.7203876930012397,0.0336534022712584,0.2256586483390607
60810,Male,46.0,No,No,Yes,Self-employed,Urban,55.83,26.4,never smoked,No,0.5175250760734813,0.0032776290277906,0.1844215349369988
34612,Male,55.0,No,No,Yes,Govt_job,Rural,65.12,30.0,never smoked,No,0.6189563845373606,0.0461637891238113,0.2256586483390607
8320,Male,2.0,No,No,No,children,Rural,73.62,20.8,Unknown,No,0.0216386791389608,0.0854030098790509,0.120274914089347
25595,Female,58.0,Yes,No,Yes,Private,Urban,85.83,44.0,formerly smoked,No,0.6527668206919869,0.1417689963992244,0.3860252004581902
30550,Female,78.0,No,No,No,Private,Urban,103.86,30.6,Unknown,No,0.8781697283894963,0.2250023081894561,0.2325315005727377
49529,Female,1.16,No,No,No,children,Urban,60.98,17.2,Unknown,No,0.0121717570156655,0.0270519804265534,0.0790378006872852
13367,Female,35.0,No,No,Yes,Private,Rural,82.69,29.1,Unknown,No,0.3935534768398512,0.1272735666143477,0.2153493699885452
33585,Female,64.0,No,No,Yes,Private,Rural,250.2,27.4,Unknown,No,0.7203876930012397,0.9005631982273105,0.1958762886597937
49785,Female,18.0,No,No,No,Private,Rural,128.97,23.5,Unknown,No,0.2019610052969683,0.3409195826793463,0.1512027491408934
6886,Male,19.0,No,No,No,Private,Rural,84.31,31.8,never smoked,No,0.2132311506818438,0.1347521004524051,0.2462772050400916
38609,Male,47.0,No,No,Yes,Govt_job,Rural,74.8,23.5,never smoked,No,0.5287952214583568,0.0908503369956606,0.1512027491408934
22159,Female,54.0,Yes,No,No,Private,Urban,97.06,28.5,formerly smoked,No,0.6076862391524851,0.1936109315852645,0.2084765177548682
37413,Female,39.0,No,No,Yes,Private,Urban,77.54,32.7,Unknown,No,0.4386340583793531,0.1034992152155849,0.2565864833906071
4169,Female,37.0,No,No,No,Private,Rural,92.78,54.2,never smoked,No,0.4160937676096021,0.1738528298402733,0.5028636884306988
40055,Female,17.0,No,No,No,Private,Rural,173.43,25.6,smokes,No,0.1906908599120928,0.5461637891238112,0.1752577319587629
18888,Female,45.0,No,No,Yes,Private,Urban,79.08,41.2,never smoked,No,0.5062549306886058,0.1106084387406518,0.3539518900343643
45283,Female,45.78,No,No,Yes,Private,Urban,106.18,27.0,smokes,No,0.5150456440888087,0.2357123072661804,0.1912943871706758
42503,Female,56.0,No,No,Yes,Private,Rural,114.21,21.3,never smoked,No,0.6302265299222359,0.2727818299326008,0.1260022909507445
23645,Female,31.0,No,No,No,Private,Rural,91.08,34.3,never smoked,No,0.3484728953003493,0.1660049856892253,0.274914089347079
62382,Male,82.0,No,No,Yes,Private,Urban,105.77,29.5,Unknown,No,0.923250309928998,0.2338195919121041,0.2199312714776632
59521,Male,33.0,No,No,Yes,Private,Rural,74.88,31.6,smokes,No,0.3710131860701003,0.091219647308651,0.2439862542955326
55386,Male,42.0,No,No,Yes,Private,Rural,123.15,26.1,smokes,No,0.4724444945339794,0.3140522574092881,0.1809851088201604
22685,Male,20.0,No,No,No,Private,Rural,184.25,27.5,never smoked,No,0.2245012960667192,0.596113008955775,0.1970217640320733
46745,Male,22.0,No,No,Yes,Govt_job,Rural,117.69,26.5,never smoked,No,0.2470415868364702,0.2888468285476872,0.1855670103092783
72547,Male,61.0,No,No,Yes,Private,Rural,55.26,33.2,Unknown,No,0.6865772568466133,0.0006462930477333606,0.2623138602520046
26973,Female,31.0,No,No,Yes,Private,Urban,106.51,40.2,never smoked,No,0.3484728953003493,0.2372357123072662,0.3424971363115693
41033,Female,31.0,No,No,Yes,Govt_job,Rural,55.27,32.5,formerly smoked,No,0.3484728953003493,0.0006924568368571955,0.2542955326460481
5046,Male,17.0,No,No,No,Self-employed,Urban,98.42,23.4,Unknown,No,0.1906908599120928,0.1998892069061028,0.1500572737686139
71442,Female,30.0,No,No,Yes,Private,Rural,99.2,32.5,never smoked,No,0.3372027499154739,0.2034899824577601,0.2542955326460481
49624,Male,69.0,No,No,Yes,Private,Urban,98.92,23.9,formerly smoked,No,0.776738419925617,0.2021973963622934,0.1557846506300114
10572,Female,63.0,No,No,Yes,Private,Rural,92.7,29.5,never smoked,No,0.7091175476163643,0.1734835195272828,0.2199312714776632
55847,Male,19.0,No,No,No,Private,Rural,106.7,24.0,never smoked,No,0.2132311506818438,0.2381128243006186,0.1569301260022909
42441,Male,7.0,No,No,No,children,Urban,152.81,17.7,Unknown,No,0.0779894060633382,0.4509740559505124,0.0847651775486827
28910,Female,51.0,No,No,Yes,Private,Urban,82.59,26.2,formerly smoked,No,0.5738758029978587,0.1268119287231096,0.1821305841924398
10381,Female,38.0,Yes,No,Yes,Self-employed,Urban,91.0,33.3,never smoked,No,0.4273639129944776,0.1656356753762349,0.263459335624284
14387,Male,2.0,No,No,No,children,Urban,93.88,17.4,Unknown,No,0.0216386791389608,0.1789308466438925,0.0813287514318441
31956,Female,58.0,No,No,Yes,Private,Urban,76.99,29.0,never smoked,No,0.6527668206919869,0.1009602068137752,0.2142038946162657
17813,Female,69.0,No,Yes,Yes,Private,Rural,254.6,21.7,Unknown,No,0.776738419925617,0.9208752654417874,0.1305841924398625
24665,Female,64.0,Yes,No,Yes,Private,Rural,93.99,37.8,formerly smoked,No,0.7203876930012397,0.1794386483242544,0.3150057273768614
13683,Female,12.02,No,No,Yes,Private,Urban,109.68,41.8,never smoked,No,0.134565535895413,0.2518696334595144,0.3608247422680412
7387,Female,59.0,Yes,No,Yes,Private,Rural,92.04,24.2,never smoked,No,0.6640369660768624,0.1704367094451113,0.1592210767468499
57011,Female,54.0,No,No,Yes,Private,Rural,111.41,31.1,never smoked,No,0.6076862391524851,0.2598559689779337,0.2382588774341351
22384,Female,24.0,No,No,Yes,Private,Rural,97.92,23.1,never smoked,No,0.2695818776062211,0.1975810174499123,0.1466208476517755
24108,Male,19.0,No,No,No,Private,Urban,65.61,25.1,Unknown,No,0.2132311506818438,0.048425814790878,0.1695303550973654
50053,Male,17.0,No,No,No,Private,Urban,62.37,41.3,never smoked,No,0.1906908599120928,0.0334687471147631,0.3550973654066437
69427,Female,29.0,No,No,No,Private,Urban,101.28,22.7,never smoked,No,0.3259326045305984,0.2130920505955129,0.1420389461626575
21688,Female,42.0,No,No,Yes,Private,Rural,88.31,24.0,smokes,No,0.4724444945339794,0.1532176161019296,0.1569301260022909
60777,Female,31.0,No,No,Yes,Govt_job,Rural,103.55,20.5,formerly smoked,No,0.3484728953003493,0.223571230726618,0.1168384879725085
64732,Female,29.0,No,No,No,Private,Urban,60.26,20.4,never smoked,No,0.3259326045305984,0.023728187609639,0.115693012600229
42710,Female,23.0,No,No,No,Private,Urban,79.39,27.6,never smoked,No,0.2583117322213457,0.11203951620349,0.1981672394043528
46683,Female,25.0,No,No,No,Private,Urban,122.01,27.0,smokes,No,0.2808520229910966,0.3087895854491737,0.1912943871706758
58909,Female,14.0,No,No,No,children,Rural,78.09,26.4,Unknown,No,0.1568804237574664,0.1060382236173945,0.1844215349369988
51125,Female,66.0,No,No,Yes,Private,Urban,89.7,34.9,smokes,No,0.7429279837709907,0.1596343827901394,0.281786941580756
29077,Female,77.0,No,No,Yes,Private,Rural,95.1,35.0,never smoked,No,0.8668995830046208,0.1845628289169975,0.2829324169530355
4970,Male,79.0,No,No,Yes,Self-employed,Rural,112.64,28.5,formerly smoked,No,0.8894398737743716,0.2655341150401625,0.2084765177548682
58291,Female,52.0,No,No,Yes,Private,Rural,79.8,32.3,formerly smoked,No,0.5851459483827341,0.1139322315575662,0.2520045819014891
18616,Female,41.0,No,No,Yes,Private,Urban,82.2,23.9,Unknown,No,0.461174349149104,0.1250115409472809,0.1557846506300114
99,Female,31.0,No,No,No,Private,Urban,108.89,52.3,Unknown,No,0.3484728953003493,0.2482226941187332,0.4810996563573883
55529,Male,39.0,No,No,Yes,Private,Rural,114.32,26.4,never smoked,No,0.4386340583793531,0.2732896316129627,0.1844215349369988
12204,Female,45.0,No,No,No,Govt_job,Rural,116.14,20.9,never smoked,No,0.5062549306886058,0.2816914412334964,0.1214203894616265
21397,Female,40.0,No,No,Yes,Govt_job,Urban,122.74,23.3,Unknown,No,0.4499042037642285,0.3121595420552119,0.1489117983963344
64633,Female,48.0,No,No,Yes,Private,Urban,94.04,32.7,never smoked,No,0.5400653668432323,0.1796694672698735,0.2565864833906071
23016,Male,55.0,No,No,Yes,Private,Rural,86.6,26.5,never smoked,No,0.6189563845373606,0.1453236081617579,0.1855670103092783
18412,Male,41.0,No,No,Yes,Private,Rural,82.32,27.9,Unknown,No,0.461174349149104,0.1255655064167666,0.2016036655211912
67412,Female,39.0,No,No,Yes,Private,Rural,83.83,30.3,never smoked,No,0.4386340583793531,0.1325362385744622,0.2290950744558992
37545,Male,41.0,No,No,No,Govt_job,Urban,106.98,27.6,never smoked,No,0.461174349149104,0.2394054103960853,0.1981672394043528
10324,Female,5.0,No,No,No,children,Urban,93.88,14.6,Unknown,No,0.0554491152935872,0.1789308466438925,0.0492554410080183
14491,Male,38.0,No,No,Yes,Govt_job,Urban,70.53,40.9,smokes,No,0.4273639129944776,0.0711383990397932,0.3505154639175257
64582,Male,40.0,Yes,No,Yes,Govt_job,Rural,212.01,28.4,never smoked,No,0.4499042037642285,0.7242636875634751,0.2073310423825887
25514,Female,12.0,No,No,No,children,Rural,65.88,23.7,Unknown,No,0.1343401329877155,0.0496722370972209,0.1534936998854524
7663,Male,20.0,No,No,No,Govt_job,Rural,106.97,27.9,formerly smoked,No,0.2245012960667192,0.2393592466069615,0.2016036655211912
66220,Male,53.0,No,No,Yes,Private,Urban,126.35,25.2,never smoked,No,0.5964160937676096,0.3288246699289077,0.1706758304696448
71793,Female,21.0,No,No,No,Private,Urban,129.16,34.4,Unknown,No,0.2357714414515947,0.3417966946726987,0.2760595647193585
25458,Female,70.0,Yes,No,Yes,Govt_job,Rural,88.66,36.7,formerly smoked,No,0.7880085653104925,0.154833348721263,0.302405498281787
69645,Male,61.0,No,No,Yes,Govt_job,Rural,112.95,22.2,formerly smoked,No,0.6865772568466133,0.2669651925030006,0.13631156930126
53695,Male,70.0,No,No,Yes,Govt_job,Urban,81.59,27.2,never smoked,No,0.7880085653104925,0.1221955498107284,0.1935853379152348
26692,Female,38.0,No,No,Yes,Govt_job,Rural,76.82,27.3,never smoked,No,0.4273639129944776,0.1001754223986704,0.1947308132875143
33400,Male,59.0,No,No,Yes,Govt_job,Rural,73.75,27.3,smokes,No,0.6640369660768624,0.0860031391376604,0.1947308132875143
67078,Female,36.0,Yes,No,Yes,Private,Urban,91.56,42.2,never smoked,No,0.4048236222247267,0.1682208475671683,0.3654066437571592
32352,Female,31.0,No,No,Yes,Govt_job,Rural,104.55,26.4,never smoked,No,0.3484728953003493,0.2281876096389991,0.1844215349369988
22540,Female,84.85,No,No,Yes,Govt_job,Urban,84.84,39.4,Unknown,No,0.955370224275893,0.1371987812759671,0.3333333333333333
26999,Male,61.0,Yes,Yes,Yes,Govt_job,Rural,86.06,34.8,never smoked,No,0.6865772568466133,0.1428307635490721,0.2806414662084764
65218,Male,2.0,No,No,No,children,Rural,109.1,20.0,Unknown,No,0.0216386791389608,0.2491921336903332,0.1111111111111111
30102,Male,45.0,No,No,Yes,Private,Rural,68.35,34.1,never smoked,No,0.5062549306886058,0.0610746930108023,0.2726231386025201
49521,Female,33.0,No,No,Yes,Private,Urban,121.04,31.4,Unknown,No,0.3710131860701003,0.304311697904164,0.2416953035509736
54643,Male,5.0,No,No,No,children,Rural,160.83,17.8,Unknown,No,0.0554491152935872,0.4879974148278091,0.0859106529209622
29134,Female,32.0,No,No,Yes,Private,Rural,85.62,46.1,smokes,No,0.3597430406852248,0.1407995568276244,0.4100801832760595
68281,Female,54.0,No,No,Yes,Govt_job,Urban,74.23,28.1,formerly smoked,No,0.6076862391524851,0.0882190010156033,0.2038946162657503
40350,Female,51.0,No,No,No,Private,Urban,110.76,24.7,formerly smoked,No,0.5738758029978587,0.256855322684886,0.1649484536082474
33410,Female,39.0,No,No,No,Govt_job,Urban,79.44,22.7,never smoked,No,0.4386340583793531,0.112270335149109,0.1420389461626575
39375,Female,40.0,No,No,Yes,Private,Rural,119.52,34.6,never smoked,No,0.4499042037642285,0.2972948019573447,0.2783505154639175
2543,Female,19.0,No,No,Yes,Private,Rural,90.42,21.4,never smoked,No,0.2132311506818438,0.1629581756070538,0.127147766323024
45289,Female,9.0,No,No,No,children,Urban,109.32,27.4,Unknown,No,0.1005296968330891,0.2502077370510571,0.1958762886597937
12106,Male,53.0,Yes,No,Yes,Govt_job,Rural,78.16,36.6,never smoked,No,0.5964160937676096,0.1063613701412612,0.3012600229095075
10792,Female,45.0,No,No,No,Private,Rural,79.13,32.9,formerly smoked,No,0.5062549306886058,0.1108392576862708,0.258877434135166
19153,Female,19.0,No,No,No,Self-employed,Urban,84.06,24.7,never smoked,No,0.2132311506818438,0.1335980057243098,0.1649484536082474
47876,Male,1.0,No,No,No,children,Rural,89.3,21.4,Unknown,No,0.0103685337540854,0.1577878312251869,0.127147766323024
25283,Female,48.0,No,No,Yes,Private,Urban,69.21,33.1,never smoked,No,0.5400653668432323,0.06504477887545,0.2611683848797251
12270,Male,71.0,No,No,Yes,Govt_job,Rural,186.45,26.7,never smoked,No,0.7992787106953679,0.6062690425630135,0.1878579610538373
49949,Male,44.0,No,No,Yes,Private,Urban,58.47,24.4,never smoked,No,0.4949847853037304,0.0154648693564767,0.1615120274914089
50826,Female,45.0,No,No,Yes,Govt_job,Rural,189.49,25.8,Unknown,No,0.5062549306886058,0.6203028344566522,0.1775486827033219
28681,Female,70.0,Yes,No,Yes,Self-employed,Urban,99.6,34.3,formerly smoked,No,0.7880085653104925,0.2053365340227125,0.274914089347079
41615,Female,1.4,No,No,No,children,Rural,126.18,18.1,Unknown,No,0.0148765919080356,0.328039885513803,0.0893470790378007
14147,Male,49.0,No,No,Yes,Private,Urban,186.32,43.8,smokes,No,0.5513355122281077,0.605668913304404,0.3837342497136312
41537,Female,17.0,No,No,No,Private,Rural,62.49,26.9,never smoked,No,0.1906908599120928,0.0340227125842489,0.1901489117983963
62332,Female,40.0,No,No,Yes,Private,Rural,74.51,36.6,never smoked,No,0.4499042037642285,0.0895115871110701,0.3012600229095075
25488,Female,46.0,No,No,Yes,Self-employed,Urban,94.63,24.9,never smoked,No,0.5175250760734813,0.1823931308281783,0.1672394043528064
45759,Female,32.0,No,No,Yes,Private,Rural,91.98,27.6,smokes,No,0.3597430406852248,0.1701597267103684,0.1981672394043528
71929,Male,9.1,No,No,Yes,children,Rural,56.77,20.9,Unknown,No,0.1016567113715766,0.0076170252054288,0.1214203894616265
14807,Female,40.0,No,No,Yes,Private,Urban,75.87,30.3,never smoked,No,0.4499042037642285,0.0957898624319084,0.2290950744558992
16110,Female,19.0,No,No,No,Private,Rural,77.19,37.4,smokes,No,0.2132311506818438,0.1018834825962515,0.3104238258877434
40970,Male,43.0,No,No,Yes,Private,Urban,135.75,35.9,smokes,No,0.4837146399188549,0.3722186317052903,0.2932416953035509
28933,Female,46.0,No,No,Yes,Private,Rural,100.15,50.3,smokes,No,0.5175250760734813,0.2078755424245222,0.4581901489117984
11709,Male,71.0,No,No,No,Private,Urban,95.08,31.5,never smoked,No,0.7992787106953679,0.1844705013387499,0.2428407789232531
37154,Female,31.0,No,No,Yes,Private,Urban,125.38,24.4,smokes,No,0.3484728953003493,0.324346782383898,0.1615120274914089
16809,Male,41.0,No,No,Yes,Private,Urban,111.71,38.9,formerly smoked,No,0.461174349149104,0.261240882651648,0.3276059564719358
13907,Male,65.0,No,No,Yes,Self-employed,Rural,94.64,28.6,never smoked,No,0.7316578383861152,0.1824392946173022,0.2096219931271477
2314,Male,52.0,No,No,Yes,Private,Urban,226.7,28.1,smokes,No,0.5851459483827341,0.7920782937863539,0.2038946162657503
70380,Female,20.0,No,No,No,Private,Urban,112.96,27.5,never smoked,No,0.2245012960667192,0.2670113562921244,0.1970217640320733
63058,Female,77.0,No,Yes,Yes,Private,Rural,183.1,28.1,never smoked,No,0.8668995830046208,0.5908041732065368,0.2038946162657503
54071,Female,51.0,No,No,Yes,Private,Urban,105.36,43.7,Unknown,No,0.5738758029978587,0.2319268765580278,0.3825887743413517
67405,Female,37.0,No,No,Yes,Private,Urban,84.13,27.0,never smoked,No,0.4160937676096021,0.1339211522481765,0.1912943871706758
28024,Male,49.0,No,No,Yes,Private,Rural,102.47,29.3,formerly smoked,No,0.5513355122281077,0.2185855415012464,0.2176403207331042
11730,Female,62.0,Yes,No,Yes,Govt_job,Rural,77.04,34.7,never smoked,No,0.6978474022314888,0.1011910257593943,0.279495990836197
2549,Female,17.0,No,No,No,Private,Rural,83.23,28.1,never smoked,No,0.1906908599120928,0.1297664112270335,0.2038946162657503
17245,Female,28.0,No,No,Yes,Private,Rural,87.01,39.9,never smoked,No,0.314662459145723,0.1472163235158342,0.3390607101947308
70852,Male,80.0,No,No,Yes,Private,Rural,56.99,26.7,never smoked,No,0.9007100191592471,0.0086326285661527,0.1878579610538373
60957,Male,45.0,No,No,Yes,Private,Rural,73.01,24.8,formerly smoked,No,0.5062549306886058,0.0825870187424984,0.1660939289805269
19742,Female,37.0,No,No,Yes,Private,Urban,106.35,29.7,never smoked,No,0.4160937676096021,0.2364970916812852,0.2222222222222222
10782,Female,26.08,No,No,No,children,Rural,80.63,15.9,Unknown,No,0.293023780006762,0.1177638260548425,0.0641466208476517
61742,Male,26.0,No,No,No,Private,Urban,103.61,31.4,never smoked,No,0.292122168375972,0.2238482134613609,0.2416953035509736
4808,Female,71.0,No,No,Yes,Self-employed,Urban,91.35,28.1,formerly smoked,No,0.7992787106953679,0.1672514079955682,0.2038946162657503
13571,Male,58.0,No,No,Yes,Govt_job,Urban,194.04,27.8,never smoked,No,0.6527668206919869,0.6413073585079863,0.2004581901489118
49928,Female,59.0,No,No,Yes,Govt_job,Rural,111.99,35.5,formerly smoked,No,0.6640369660768624,0.2625334687471147,0.2886597938144329
52688,Male,74.0,Yes,No,Yes,Private,Rural,57.51,31.7,smokes,No,0.8330891468499944,0.0110331456005909,0.2451317296678121
24099,Male,17.0,No,No,No,Private,Rural,68.49,33.2,never smoked,No,0.1906908599120928,0.0617209860585356,0.2623138602520046
65698,Female,62.0,No,No,Yes,Private,Urban,60.2,27.7,formerly smoked,No,0.6978474022314888,0.0234512048748961,0.1993127147766323
47885,Male,37.0,No,No,Yes,Self-employed,Urban,160.0,31.9,formerly smoked,No,0.4160937676096021,0.4841658203305327,0.2474226804123711
13948,Female,19.0,No,No,No,Never_worked,Urban,86.96,25.8,never smoked,No,0.2132311506818438,0.1469855045702151,0.1775486827033219
17351,Female,59.0,No,No,Yes,Private,Rural,237.15,27.7,never smoked,No,0.6640369660768624,0.8403194534207368,0.1993127147766323
820,Female,59.0,Yes,No,Yes,Private,Rural,99.06,23.4,never smoked,No,0.6640369660768624,0.2028436894100267,0.1500572737686139
55721,Male,62.0,No,Yes,Yes,Self-employed,Urban,56.31,24.3,formerly smoked,No,0.6978474022314888,0.0054934909057335,0.1603665521191294
72310,Male,80.0,Yes,Yes,Yes,Self-employed,Urban,84.31,30.3,smokes,No,0.9007100191592471,0.1347521004524051,0.2290950744558992
24115,Female,54.0,No,No,Yes,Private,Rural,90.92,29.1,never smoked,No,0.6076862391524851,0.1652663650632444,0.2153493699885452
65766,Female,27.0,No,No,No,Private,Rural,104.33,20.1,never smoked,No,0.3033923137608475,0.2271720062782753,0.1122565864833906
42482,Female,4.0,No,No,No,children,Urban,62.61,21.2,Unknown,No,0.0441789699087118,0.0345766780537346,0.124856815578465
25627,Male,81.0,Yes,No,Yes,Self-employed,Urban,231.19,31.6,formerly smoked,No,0.9119801645441226,0.8128058351029452,0.2439862542955326
7122,Female,41.0,No,No,No,Private,Rural,94.3,41.6,Unknown,No,0.461174349149104,0.1808697257870926,0.3585337915234822
48755,Male,27.0,No,No,Yes,Private,Rural,104.48,36.4,smokes,No,0.3033923137608475,0.2278644631151325,0.2989690721649484
33551,Female,51.0,Yes,No,Yes,Private,Urban,72.62,30.5,never smoked,No,0.5738758029978587,0.0807866309666697,0.2313860252004582
62716,Female,59.0,No,No,Yes,Self-employed,Urban,81.64,32.8,Unknown,No,0.6640369660768624,0.1224263687563475,0.2577319587628865
68438,Female,51.0,No,No,Yes,Private,Rural,90.78,32.3,never smoked,No,0.5738758029978587,0.164620072015511,0.2520045819014891
41148,Male,71.0,No,Yes,Yes,Private,Urban,70.71,30.1,never smoked,No,0.7992787106953679,0.0719693472440217,0.2268041237113402
14924,Male,48.0,No,No,Yes,Private,Urban,72.36,34.7,smokes,No,0.5400653668432323,0.0795863724494506,0.279495990836197
47950,Female,49.0,No,No,Yes,Self-employed,Urban,59.76,29.7,Unknown,No,0.5513355122281077,0.0214199981534484,0.2222222222222222
8008,Female,35.0,No,No,No,Govt_job,Urban,83.76,28.1,smokes,No,0.3935534768398512,0.1322130920505955,0.2038946162657503
56089,Female,25.0,No,No,Yes,Private,Rural,63.64,31.3,formerly smoked,No,0.2808520229910966,0.0393315483334872,0.2405498281786941
9262,Female,31.0,No,No,Yes,Private,Rural,76.26,35.6,never smoked,No,0.3484728953003493,0.097590250207737,0.2898052691867125
71896,Female,68.0,No,No,Yes,Private,Rural,82.06,35.2,formerly smoked,No,0.7654682745407415,0.1243652478995476,0.2852233676975945
38623,Male,39.0,No,No,No,Private,Urban,110.91,27.6,never smoked,No,0.4386340583793531,0.2575477795217431,0.1981672394043528
26503,Female,32.0,No,No,No,Private,Rural,77.16,35.2,smokes,No,0.3597430406852248,0.10174499122888,0.2852233676975945
5475,Female,39.0,No,No,Yes,Private,Rural,69.58,28.1,Unknown,No,0.4386340583793531,0.0667528390730311,0.2038946162657503
15525,Female,63.0,No,No,Yes,Private,Urban,96.26,31.8,Unknown,No,0.7091175476163643,0.1899178284553596,0.2462772050400916
48748,Female,69.0,No,No,Yes,Private,Rural,87.27,23.3,smokes,No,0.776738419925617,0.1484165820330532,0.1489117983963344
11745,Female,29.0,No,No,Yes,Private,Urban,65.36,28.8,formerly smoked,No,0.3259326045305984,0.0472717200627827,0.2119129438717067
17733,Female,1.72,No,No,No,children,Rural,109.51,19.5,Unknown,No,0.0184830384311957,0.2510848490444096,0.1053837342497136
71591,Female,58.0,No,No,Yes,Private,Urban,89.03,30.0,smokes,No,0.6527668206919869,0.156541408918844,0.2256586483390607
11743,Female,20.27,No,No,Yes,Private,Urban,91.34,25.5,formerly smoked,No,0.2275442353206356,0.1672052442064444,0.1741122565864833
67864,Male,63.0,No,No,Yes,Private,Rural,57.82,28.8,formerly smoked,No,0.7091175476163643,0.012464223063429,0.2119129438717067
34857,Male,57.0,No,No,Yes,Self-employed,Urban,81.15,40.2,formerly smoked,No,0.6414966753071114,0.1201643430892808,0.3424971363115693
34995,Female,77.0,No,No,Yes,Private,Rural,115.29,32.9,Unknown,No,0.8668995830046208,0.2777675191579725,0.258877434135166
3606,Male,8.0,No,No,No,children,Urban,111.02,22.4,Unknown,No,0.0892595514482136,0.258055581202105,0.138602520045819
22952,Female,21.0,No,No,No,Govt_job,Urban,111.61,36.9,smokes,No,0.2357714414515947,0.2607792447604099,0.3046964490263459
32554,Female,16.0,No,No,No,children,Rural,109.02,19.8,Unknown,No,0.1794207145272174,0.2488228233773428,0.1088201603665521
45893,Female,8.0,No,No,No,children,Urban,106.51,12.3,Unknown,No,0.0892595514482136,0.2372357123072662,0.0229095074455899
72020,Male,71.0,No,Yes,Yes,Self-employed,Rural,207.32,32.4,smokes,No,0.7992787106953679,0.7026128704644077,0.2531500572737686
57879,Female,74.0,No,No,Yes,Private,Urban,87.11,24.8,never smoked,No,0.8330891468499944,0.1476779614070723,0.1660939289805269
53538,Female,7.0,No,No,No,children,Urban,61.68,16.4,Unknown,No,0.0779894060633382,0.0302834456652202,0.0698739977090492
17006,Male,45.0,No,No,No,Private,Rural,119.04,35.9,Unknown,No,0.5062549306886058,0.2950789400794018,0.2932416953035509
36638,Male,64.0,No,No,Yes,Private,Urban,86.05,23.0,Unknown,No,0.7203876930012397,0.1427845997599482,0.1454753722794959
41097,Female,23.0,Yes,No,No,Private,Urban,70.03,78.0,smokes,No,0.2583117322213457,0.0688302095836026,0.7754868270332188
36618,Male,75.0,No,Yes,Yes,Self-employed,Urban,207.64,30.5,formerly smoked,No,0.8443592922348698,0.7040901117163696,0.2313860252004582
37290,Male,80.0,No,No,Yes,Self-employed,Rural,236.84,26.8,never smoked,No,0.9007100191592471,0.8388883759578986,0.1890034364261168
54620,Male,40.0,No,No,Yes,Private,Urban,78.11,35.3,never smoked,No,0.4499042037642285,0.1061305511956421,0.286368843069874
42108,Female,24.0,No,No,No,Govt_job,Rural,100.97,27.9,never smoked,No,0.2695818776062211,0.2116609731326747,0.2016036655211912
19681,Female,74.0,No,No,Yes,Self-employed,Urban,99.21,22.1,never smoked,No,0.8330891468499944,0.2035361462468839,0.1351660939289805
6988,Female,52.0,No,No,Yes,Self-employed,Urban,113.21,38.3,never smoked,No,0.5851459483827341,0.2681654510202197,0.3207331042382588
25287,Male,54.0,No,No,Yes,Private,Urban,92.95,41.0,never smoked,No,0.6076862391524851,0.1746376142553781,0.3516609392898053
224,Female,23.0,No,No,No,Private,Urban,110.16,28.1,never smoked,No,0.2583117322213457,0.2540854953374573,0.2038946162657503
56679,Male,19.0,No,No,No,Private,Rural,142.57,22.8,Unknown,No,0.2132311506818438,0.4037023358877296,0.143184421534937
27146,Female,23.0,No,No,No,Private,Rural,92.87,30.1,never smoked,No,0.2583117322213457,0.1742683039423876,0.2268041237113402
16556,Male,13.0,No,No,No,Never_worked,Rural,111.48,20.8,Unknown,No,0.145610278372591,0.2601791155018004,0.120274914089347
5934,Female,51.0,No,No,Yes,Private,Urban,123.0,31.7,never smoked,No,0.5738758029978587,0.3133598005724309,0.2451317296678121
58999,Male,60.0,No,No,Yes,Govt_job,Urban,100.54,30.1,never smoked,No,0.6753071114617378,0.2096759302003508,0.2268041237113402
28261,Male,79.0,No,Yes,Yes,Self-employed,Urban,106.68,30.8,never smoked,No,0.8894398737743716,0.238020496722371,0.2348224513172966
35222,Female,75.0,No,No,Yes,Private,Urban,86.4,42.6,never smoked,No,0.8443592922348698,0.1444003323792817,0.3699885452462771
44105,Female,69.0,No,No,Yes,Self-employed,Urban,61.81,37.1,Unknown,No,0.776738419925617,0.0308835749238297,0.3069873997709049
65256,Female,57.0,No,No,Yes,Self-employed,Rural,128.28,34.2,never smoked,No,0.6414966753071114,0.3377342812298033,0.2737686139747995
62709,Female,47.0,No,No,Yes,Private,Rural,204.63,43.4,never smoked,No,0.5287952214583568,0.6901948111901024,0.3791523482245131
36698,Female,33.0,No,No,Yes,Private,Urban,89.98,18.7,smokes,No,0.3710131860701003,0.1609269688856061,0.0962199312714776
7273,Female,51.0,No,No,Yes,Self-employed,Urban,232.89,34.0,smokes,No,0.5738758029978587,0.820653679253993,0.2714776632302405
20044,Female,47.0,No,No,Yes,Private,Rural,98.58,23.2,never smoked,No,0.5287952214583568,0.2006278275320838,0.1477663230240549
54769,Male,15.0,No,No,No,Private,Urban,57.94,41.7,Unknown,No,0.1681505691423419,0.0130181885329147,0.3596792668957618
57372,Male,1.0,No,No,No,children,Rural,123.21,15.1,Unknown,No,0.0103685337540854,0.314329240144031,0.0549828178694158
30605,Female,45.0,No,No,No,Private,Urban,76.34,20.6,smokes,No,0.5062549306886058,0.0979595605207275,0.1179839633447881
13622,Male,6.0,No,No,No,children,Rural,92.98,18.9,Unknown,No,0.0667192606784627,0.1747761056227495,0.0985108820160366
12686,Male,50.0,No,No,No,Govt_job,Rural,92.81,26.6,never smoked,No,0.5626056576129832,0.1739913212076447,0.1867124856815578
39250,Male,31.0,No,No,Yes,Private,Urban,85.16,30.1,smokes,No,0.3484728953003493,0.1386760225279291,0.2268041237113402
2879,Female,15.0,No,No,No,Self-employed,Urban,90.1,32.1,never smoked,No,0.1681505691423419,0.1614809343550918,0.2497136311569301
59684,Female,3.0,No,No,No,children,Urban,65.15,15.1,Unknown,No,0.0329088245238363,0.0463022804911827,0.0549828178694158
48830,Male,30.0,No,No,Yes,Private,Urban,104.62,33.5,smokes,No,0.3372027499154739,0.2285107561628658,0.265750286368843
56986,Female,17.0,No,No,No,Never_worked,Urban,113.25,23.4,never smoked,No,0.1906908599120928,0.268350106176715,0.1500572737686139
47924,Male,24.0,No,No,No,Private,Urban,59.28,43.2,never smoked,No,0.2695818776062211,0.0192041362755055,0.3768613974799543
16402,Female,5.0,No,No,No,children,Urban,93.07,19.1,Unknown,No,0.0554491152935872,0.1751915797248638,0.1008018327605956
40889,Male,33.0,No,No,No,Private,Rural,77.42,26.1,Unknown,No,0.3710131860701003,0.1029452497460991,0.1809851088201604
4083,Female,30.0,No,No,No,Private,Rural,73.69,17.3,never smoked,No,0.3372027499154739,0.0857261564029175,0.0801832760595647
59336,Male,66.0,Yes,No,Yes,Private,Rural,74.9,32.1,never smoked,No,0.7429279837709907,0.0913119748868987,0.2497136311569301
5684,Male,40.0,No,No,No,Private,Urban,88.27,28.1,formerly smoked,No,0.4499042037642285,0.1530329609454344,0.2038946162657503
48843,Female,27.0,No,No,No,Private,Urban,58.39,30.4,never smoked,No,0.3033923137608475,0.0150955590434863,0.2302405498281786
5694,Male,21.0,No,No,No,Private,Rural,102.05,29.9,never smoked,No,0.2357714414515947,0.2166466623580463,0.2245131729667812
3673,Female,55.0,No,No,Yes,Private,Rural,112.47,32.8,smokes,No,0.6189563845373606,0.2647493306250577,0.2577319587628865
44481,Female,45.0,No,No,No,Private,Rural,72.84,22.7,never smoked,No,0.5062549306886058,0.0818022343273936,0.1420389461626575
10538,Male,75.0,Yes,Yes,Yes,Self-employed,Urban,195.03,28.7,formerly smoked,No,0.8443592922348698,0.6458775736312437,0.2107674684994272
9648,Female,71.0,No,Yes,Yes,Private,Urban,170.95,35.2,never smoked,No,0.7992787106953679,0.534715169421106,0.2852233676975945
19101,Female,16.0,No,No,No,Private,Urban,87.98,22.4,never smoked,No,0.1794207145272174,0.1516942110608439,0.138602520045819
31867,Female,49.0,No,No,No,Private,Rural,65.81,32.3,Unknown,No,0.5513355122281077,0.0493490905733542,0.2520045819014891
11973,Female,10.0,No,No,Yes,children,Urban,124.6,18.6,Unknown,No,0.1117998422179646,0.3207460068322407,0.0950744558991981
23633,Female,37.0,No,No,Yes,Private,Rural,83.65,42.1,smokes,No,0.4160937676096021,0.1317052903702336,0.3642611683848797
52549,Male,59.0,No,No,Yes,Govt_job,Rural,88.81,38.0,formerly smoked,No,0.6640369660768624,0.1555258055581202,0.3172966781214204
59178,Female,82.99,No,No,No,children,Urban,86.75,22.3,Unknown,No,0.9344077538600248,0.1460160649986151,0.1374570446735395
37349,Female,61.0,No,No,Yes,Private,Rural,123.36,33.4,never smoked,No,0.6865772568466133,0.3150216969808882,0.2646048109965636
44281,Male,34.0,No,No,No,Private,Rural,89.68,23.2,smokes,No,0.3822833314549758,0.1595420552118918,0.1477663230240549
55599,Female,9.0,No,No,No,children,Rural,69.87,18.0,Unknown,No,0.1005296968330891,0.0680915889576216,0.0882016036655211
45224,Female,46.0,No,No,Yes,Private,Rural,109.22,20.1,never smoked,No,0.5175250760734813,0.249746099159819,0.1122565864833906
54747,Male,0.88,No,No,No,children,Rural,157.57,19.2,Unknown,No,0.0090161163079003,0.4729480195734465,0.1019473081328751
2751,Male,50.0,No,No,Yes,Govt_job,Urban,110.73,28.7,smokes,No,0.5626056576129832,0.2567168313175145,0.2107674684994272
6090,Male,19.0,No,No,Yes,Private,Urban,99.14,28.1,never smoked,No,0.2132311506818438,0.2032129997230172,0.2038946162657503
46385,Female,21.0,No,No,Yes,Private,Urban,59.15,22.6,never smoked,No,0.2357714414515947,0.0186040070168959,0.140893470790378
46323,Female,2.0,No,No,No,children,Rural,165.11,18.0,Unknown,No,0.0216386791389608,0.5077555165728004,0.0882016036655211
28122,Female,37.0,No,No,Yes,Self-employed,Rural,77.44,21.4,formerly smoked,No,0.4160937676096021,0.1030375773243467,0.127147766323024
50843,Male,20.0,No,No,No,Private,Rural,100.33,27.8,Unknown,No,0.2245012960667192,0.2087064906287508,0.2004581901489118
64464,Male,50.0,No,No,Yes,Private,Urban,57.93,27.6,Unknown,No,0.5626056576129832,0.0129720247437909,0.1981672394043528
66922,Male,61.0,Yes,Yes,No,Private,Rural,148.24,32.2,formerly smoked,No,0.6865772568466133,0.4298772043209307,0.2508591065292097
66494,Male,48.0,No,No,Yes,Private,Urban,91.96,24.9,Unknown,No,0.5400653668432323,0.1700673991321207,0.1672394043528064
42786,Male,82.0,No,Yes,Yes,Self-employed,Rural,72.93,27.1,formerly smoked,No,0.923250309928998,0.0822177084295079,0.1924398625429553
33401,Male,64.0,No,No,Yes,Private,Rural,84.27,24.6,Unknown,No,0.7203876930012397,0.1345674452959099,0.1638029782359679
24174,Female,50.0,No,No,Yes,Govt_job,Rural,124.45,24.6,never smoked,No,0.5626056576129832,0.3200535499953836,0.1638029782359679
60211,Male,1.4,No,No,No,children,Urban,90.51,18.9,Unknown,No,0.0148765919080356,0.1633736497091681,0.0985108820160366
53279,Male,0.24,No,No,No,children,Rural,118.87,16.3,Unknown,No,0.00180322326158,0.2942941556642969,0.0687285223367697
61715,Male,55.0,No,No,Yes,Private,Rural,56.42,31.8,never smoked,No,0.6189563845373606,0.0060012925860954,0.2462772050400916
37830,Female,29.0,No,No,No,Private,Urban,73.67,21.0,Unknown,No,0.3259326045305984,0.0856338288246699,0.122565864833906
2454,Male,4.0,No,No,No,children,Rural,89.11,20.1,Unknown,No,0.0441789699087118,0.1569107192318345,0.1122565864833906
60663,Male,70.0,Yes,No,Yes,Private,Rural,74.04,29.1,never smoked,No,0.7880085653104925,0.0873418890222509,0.2153493699885452
46875,Male,45.0,No,No,Yes,Private,Urban,145.23,32.3,never smoked,No,0.5062549306886058,0.4159819037946634,0.2520045819014891
69091,Female,80.0,No,Yes,Yes,Private,Rural,100.8,29.4,never smoked,No,0.9007100191592471,0.2108761887175699,0.2187857961053837
1821,Female,54.0,No,No,Yes,Private,Urban,85.22,50.2,never smoked,No,0.6076862391524851,0.1389530052626719,0.457044673539519
44978,Male,39.0,No,No,Yes,Govt_job,Rural,72.49,44.9,formerly smoked,No,0.4386340583793531,0.0801865017080601,0.3963344788087055
3437,Female,26.0,No,No,No,Private,Urban,82.61,28.5,smokes,No,0.292122168375972,0.1269042563013572,0.2084765177548682
6355,Female,6.0,No,No,No,children,Rural,72.07,19.5,Unknown,No,0.0667192606784627,0.0782476225648601,0.1053837342497136
10762,Female,41.0,No,No,Yes,Private,Rural,79.85,45.0,Unknown,No,0.461174349149104,0.1141630505031852,0.3974799541809851
58567,Female,42.0,No,No,Yes,Private,Rural,84.86,22.8,Unknown,No,0.4724444945339794,0.1372911088542147,0.143184421534937
62187,Male,9.0,No,No,No,children,Urban,131.89,25.5,Unknown,No,0.1005296968330891,0.3543994091034991,0.1741122565864833
84,Male,55.0,No,No,Yes,Private,Urban,89.17,31.5,never smoked,No,0.6189563845373606,0.1571877019665774,0.2428407789232531
8521,Male,71.0,No,No,Yes,Private,Rural,227.91,31.6,formerly smoked,No,0.7992787106953679,0.7976641122703351,0.2439862542955326
72779,Female,14.0,No,No,No,children,Urban,131.77,31.0,Unknown,No,0.1568804237574664,0.3538454436340135,0.2371134020618556
45824,Female,77.0,Yes,No,Yes,Self-employed,Urban,102.01,29.5,Unknown,No,0.8668995830046208,0.2164620072015511,0.2199312714776632
61838,Female,50.0,No,No,Yes,Govt_job,Urban,128.63,23.1,Unknown,No,0.5626056576129832,0.3393500138491367,0.1466208476517755
57212,Male,49.0,No,No,No,Private,Urban,144.1,30.7,smokes,No,0.5513355122281077,0.4107653956236727,0.2336769759450171
62668,Female,51.0,No,No,Yes,Self-employed,Urban,143.15,44.7,formerly smoked,No,0.5738758029978587,0.4063798356569107,0.3940435280641467
33142,Male,79.0,No,No,Yes,Self-employed,Rural,116.67,33.5,never smoked,No,0.8894398737743716,0.2841381220570584,0.265750286368843
17437,Female,63.0,No,No,Yes,Self-employed,Rural,85.6,25.9,Unknown,No,0.7091175476163643,0.1407072292493767,0.1786941580756013
38303,Female,66.0,No,No,Yes,Self-employed,Urban,142.12,28.3,never smoked,No,0.7429279837709907,0.4016249653771581,0.2061855670103093
12396,Female,20.0,No,No,No,Private,Urban,100.81,26.8,Unknown,No,0.2245012960667192,0.2109223525066937,0.1890034364261168
36484,Female,37.0,No,No,Yes,Govt_job,Urban,69.17,27.8,never smoked,No,0.4160937676096021,0.0648601237189548,0.2004581901489118
60047,Male,22.0,No,No,Yes,Private,Rural,58.38,36.0,never smoked,No,0.2470415868364702,0.0150493952543625,0.2943871706758305
16542,Female,60.0,No,No,Yes,Govt_job,Urban,86.34,22.1,never smoked,No,0.6753071114617378,0.1441233496445388,0.1351660939289805
18805,Male,39.0,No,No,Yes,Private,Urban,95.44,38.4,never smoked,No,0.4386340583793531,0.186132397747207,0.3218785796105383
17869,Female,53.0,No,No,Yes,Private,Urban,94.78,30.1,Unknown,No,0.5964160937676096,0.1830855876650355,0.2268041237113402
6793,Female,55.0,No,No,Yes,Private,Rural,109.59,26.2,formerly smoked,No,0.6189563845373606,0.2514541593574,0.1821305841924398
49265,Female,63.0,No,No,Yes,Private,Rural,79.26,26.6,smokes,No,0.7091175476163643,0.1114393869448804,0.1867124856815578
6606,Female,57.0,No,No,Yes,Private,Urban,78.46,32.6,never smoked,No,0.6414966753071114,0.1077462838149755,0.2554410080183276
23031,Male,82.0,No,No,Yes,Self-employed,Rural,85.29,27.0,never smoked,No,0.923250309928998,0.1392761517865386,0.1912943871706758
69330,Male,56.0,No,No,Yes,Private,Rural,156.18,25.3,smokes,No,0.6302265299222359,0.4665312528852368,0.1718213058419244
22902,Male,41.0,Yes,No,Yes,Private,Urban,69.52,31.9,never smoked,No,0.461174349149104,0.0664758563382882,0.2474226804123711
69622,Female,8.0,No,No,No,children,Urban,65.32,18.4,Unknown,No,0.0892595514482136,0.0470870649062874,0.0927835051546391
4807,Male,34.0,No,No,No,Private,Urban,108.47,30.4,smokes,No,0.3822833314549758,0.2462838149755332,0.2302405498281786
9641,Male,75.0,No,No,Yes,Private,Urban,105.63,28.2,smokes,No,0.8443592922348698,0.2331732988643707,0.2050400916380297
10313,Male,57.0,No,No,Yes,Private,Urban,77.93,35.7,formerly smoked,No,0.6414966753071114,0.1052996029914135,0.290950744558992
12097,Female,72.0,No,No,Yes,Private,Urban,95.2,35.0,never smoked,No,0.8105488560802434,0.1850244668082356,0.2829324169530355
58037,Male,21.0,No,No,No,Private,Rural,78.52,27.2,never smoked,No,0.2357714414515947,0.1080232665497183,0.1935853379152348
45323,Female,45.0,No,No,Yes,Private,Urban,114.89,23.0,never smoked,No,0.5062549306886058,0.27592096759302,0.1454753722794959
34281,Female,15.0,No,No,No,Private,Rural,95.43,25.0,Unknown,No,0.1681505691423419,0.1860862339580833,0.1683848797250859
7990,Female,24.0,No,No,Yes,Private,Rural,84.08,24.5,Unknown,No,0.2695818776062211,0.1336903333025574,0.1626575028636884
57622,Female,30.0,No,No,Yes,Govt_job,Rural,110.55,30.9,smokes,No,0.3372027499154739,0.2558858831132859,0.2359679266895761
39120,Female,82.0,No,No,No,Self-employed,Urban,82.21,26.0,never smoked,No,0.923250309928998,0.1250577047364047,0.1798396334478808
68344,Female,62.0,No,No,Yes,Private,Urban,82.38,27.2,formerly smoked,No,0.6978474022314888,0.1258424891515095,0.1935853379152348
66752,Female,79.0,No,No,Yes,Govt_job,Urban,93.89,30.4,never smoked,No,0.8894398737743716,0.1789770104330163,0.2302405498281786
11691,Female,19.0,No,No,No,Private,Rural,75.08,21.7,Unknown,No,0.2132311506818438,0.0921429230911273,0.1305841924398625
5077,Male,45.0,No,No,Yes,Private,Urban,76.72,29.1,Unknown,No,0.5062549306886058,0.0997137845074323,0.2153493699885452
13319,Female,5.0,No,No,No,children,Rural,84.93,17.6,Unknown,No,0.0554491152935872,0.1376142553780814,0.0836197021764032
49279,Male,57.0,No,Yes,Yes,Private,Urban,76.5,29.2,formerly smoked,No,0.6414966753071114,0.0986981811467085,0.2164948453608247
53815,Female,31.0,No,No,No,Private,Urban,65.47,28.1,never smoked,No,0.3484728953003493,0.0477795217431446,0.2038946162657503
42856,Male,61.0,No,No,Yes,Private,Urban,99.16,26.6,smokes,No,0.6865772568466133,0.2033053273012648,0.1867124856815578
51579,Male,27.0,No,No,No,Self-employed,Rural,63.53,26.9,never smoked,No,0.3033923137608475,0.0388237466531253,0.1901489117983963
10752,Female,61.0,No,No,Yes,Private,Rural,78.65,36.2,formerly smoked,No,0.6865772568466133,0.1086233958083279,0.2966781214203895
42133,Female,53.0,No,No,Yes,Self-employed,Urban,63.78,25.9,never smoked,No,0.5964160937676096,0.0399778413812205,0.1786941580756013
4842,Female,76.0,No,No,No,Self-employed,Urban,77.52,40.9,formerly smoked,No,0.8556294376197453,0.1034068876373372,0.3505154639175257
58138,Male,57.0,No,No,Yes,Private,Rural,111.64,31.5,never smoked,No,0.6414966753071114,0.2609177361277813,0.2428407789232531
58203,Male,9.0,No,No,No,children,Urban,97.84,23.3,Unknown,No,0.1005296968330891,0.1972117071369218,0.1489117983963344
65053,Female,34.0,No,No,Yes,Private,Urban,113.01,37.6,never smoked,No,0.3822833314549758,0.2672421752377435,0.3127147766323024
24168,Male,51.0,Yes,No,Yes,Private,Urban,56.48,39.8,never smoked,No,0.5738758029978587,0.0062782753208383,0.3379152348224513
5824,Male,61.0,No,No,Yes,Private,Rural,204.5,35.1,formerly smoked,No,0.6865772568466133,0.6895946819314929,0.284077892325315
6965,Female,19.0,No,No,No,Private,Rural,96.02,21.9,never smoked,No,0.2132311506818438,0.1888098975163881,0.1328751431844215
8332,Female,50.0,No,No,Yes,Private,Rural,206.25,53.4,formerly smoked,No,0.5626056576129832,0.6976733450281599,0.4936998854524627
61973,Female,80.0,Yes,Yes,Yes,Private,Rural,115.52,34.4,Unknown,No,0.9007100191592471,0.2788292863078201,0.2760595647193585
42821,Female,13.0,No,No,No,Private,Rural,60.69,24.0,smokes,No,0.145610278372591,0.0257132305419628,0.1569301260022909
18687,Male,55.0,No,No,Yes,Self-employed,Urban,93.67,29.3,Unknown,No,0.6189563845373606,0.1779614070722925,0.2176403207331042
72642,Male,67.0,No,No,Yes,Govt_job,Urban,67.79,26.0,formerly smoked,No,0.7541981291558661,0.0584895208198689,0.1798396334478808
54782,Female,30.0,No,No,No,Self-employed,Rural,56.07,31.3,never smoked,No,0.3372027499154739,0.004385559966762,0.2405498281786941
55862,Male,67.0,Yes,Yes,Yes,Private,Rural,254.63,31.0,never smoked,No,0.7541981291558661,0.9210137568091588,0.2371134020618556
24437,Female,82.0,No,No,Yes,Private,Rural,96.63,26.5,Unknown,No,0.923250309928998,0.1916258886529406,0.1855670103092783
10367,Male,5.0,No,No,No,children,Rural,84.3,16.0,Unknown,No,0.0554491152935872,0.1347059366632813,0.0652920962199312
42550,Female,81.0,No,No,Yes,Self-employed,Rural,246.34,21.1,never smoked,No,0.9119801645441226,0.8827439756255193,0.1237113402061855
14178,Female,48.0,No,No,Yes,Private,Rural,195.16,42.2,Unknown,No,0.5400653668432323,0.6464777028898532,0.3654066437571592
65429,Female,66.0,No,No,Yes,Govt_job,Rural,93.34,27.7,never smoked,No,0.7429279837709907,0.1764380020312067,0.1993127147766323
66530,Female,67.49,No,No,Yes,Private,Urban,162.3,23.6,never smoked,No,0.759720500394455,0.4947834918290093,0.1523482245131729
43146,Male,45.0,No,No,No,children,Urban,106.4,18.3,Unknown,No,0.5062549306886058,0.2367279106269043,0.0916380297823596
3509,Male,47.0,Yes,No,Yes,Private,Urban,110.25,44.3,never smoked,No,0.5287952214583568,0.2545009694395716,0.3894616265750286
57497,Male,27.0,No,No,No,Private,Rural,69.7,27.3,never smoked,No,0.3033923137608475,0.0673068045425168,0.1947308132875143
15220,Female,53.0,Yes,No,Yes,Private,Urban,87.03,55.2,formerly smoked,No,0.5964160937676096,0.1473086510940818,0.5143184421534938
4813,Male,27.0,No,No,No,Private,Urban,112.98,44.7,never smoked,No,0.3033923137608475,0.2671036838703721,0.3940435280641467
31166,Female,36.0,No,No,Yes,Govt_job,Rural,82.47,33.1,smokes,No,0.4048236222247267,0.1262579632536238,0.2611683848797251
9051,Female,50.0,No,No,Yes,Private,Urban,75.88,30.0,never smoked,No,0.5626056576129832,0.0958360262210322,0.2256586483390607
28669,Female,32.0,No,No,Yes,Private,Urban,84.63,40.1,Unknown,No,0.3597430406852248,0.1362293417043671,0.3413516609392898
59894,Female,58.0,No,No,Yes,Govt_job,Rural,109.56,23.1,never smoked,No,0.6527668206919869,0.2513156679900286,0.1466208476517755
18684,Female,73.0,No,No,Yes,Self-employed,Rural,89.45,30.3,formerly smoked,No,0.8218190014651189,0.1584802880620441,0.2290950744558992
35866,Female,62.0,No,No,Yes,Private,Rural,91.65,30.5,never smoked,No,0.6978474022314888,0.1686363216692826,0.2313860252004582
51907,Female,50.0,No,No,Yes,Self-employed,Urban,121.14,22.8,never smoked,No,0.5626056576129832,0.3047733357954021,0.143184421534937
7250,Female,51.0,No,No,No,Private,Rural,87.77,42.0,Unknown,No,0.5738758029978587,0.1507247714892438,0.3631156930126002
16147,Female,19.0,No,No,No,Private,Rural,106.56,29.9,never smoked,No,0.2132311506818438,0.2374665312528852,0.2245131729667812
18306,Female,30.0,No,No,No,Private,Rural,93.88,24.0,formerly smoked,No,0.3372027499154739,0.1789308466438925,0.1569301260022909
69143,Female,45.0,No,No,No,Private,Rural,153.76,36.7,Unknown,No,0.5062549306886058,0.4553596159172744,0.302405498281787
61769,Male,30.0,No,No,No,Private,Urban,88.65,22.2,never smoked,No,0.3372027499154739,0.1547871849321392,0.13631156930126
26134,Female,28.0,No,No,Yes,Private,Urban,111.22,25.5,Unknown,No,0.314662459145723,0.2589788569845813,0.1741122565864833
67603,Male,70.0,No,No,Yes,Self-employed,Urban,223.68,34.3,formerly smoked,No,0.7880085653104925,0.778136829470963,0.274914089347079
66772,Female,0.32,No,No,No,children,Rural,55.86,16.0,Unknown,No,0.0027048348923701,0.003416120395162,0.0652920962199312
41861,Female,45.0,No,No,No,Private,Rural,63.73,25.6,smokes,No,0.5062549306886058,0.0397470224356015,0.1752577319587629
954,Male,43.07,No,No,No,Private,Rural,103.94,23.3,never smoked,No,0.4845035500957962,0.2253716185024467,0.1489117983963344
37888,Male,41.0,No,No,Yes,Private,Rural,92.49,41.6,Unknown,No,0.461174349149104,0.1725140799556827,0.3585337915234822
34326,Male,52.0,No,No,Yes,Private,Urban,229.2,35.6,formerly smoked,No,0.5851459483827341,0.8036192410673068,0.2898052691867125
42329,Female,77.0,No,No,Yes,Private,Rural,75.06,22.0,Unknown,No,0.8668995830046208,0.0920505955128797,0.134020618556701
23565,Male,34.0,No,No,Yes,Private,Urban,85.57,26.8,Unknown,No,0.3822833314549758,0.1405687378820053,0.1890034364261168
27323,Female,67.0,No,No,Yes,Self-employed,Urban,68.61,31.9,never smoked,No,0.7541981291558661,0.0622749515280214,0.2474226804123711
57854,Male,1.64,No,No,No,children,Urban,56.3,19.7,Unknown,No,0.0175814268004057,0.0054473271166097,0.1076746849942726
18414,Female,23.0,No,No,No,Private,Rural,193.22,28.1,smokes,No,0.2583117322213457,0.6375219277998337,0.2038946162657503
72836,Female,59.0,No,No,Yes,Private,Urban,65.98,31.1,Unknown,No,0.6640369660768624,0.050133874988459,0.2382588774341351
17708,Male,62.0,No,No,Yes,Govt_job,Rural,204.57,34.4,Unknown,No,0.6978474022314888,0.6899178284553595,0.2760595647193585
66321,Male,47.0,No,No,Yes,Govt_job,Urban,64.99,33.2,never smoked,No,0.5287952214583568,0.0455636598652017,0.2623138602520046
53817,Female,71.0,Yes,No,Yes,Self-employed,Rural,66.12,28.1,never smoked,No,0.7992787106953679,0.0507801680361924,0.2038946162657503
66678,Female,22.0,No,No,No,Private,Urban,73.4,21.6,never smoked,No,0.2470415868364702,0.084387406518327,0.129438717067583
56734,Male,33.0,No,No,Yes,Govt_job,Urban,82.83,25.4,Unknown,No,0.3710131860701003,0.127919859662081,0.1729667812142038
32240,Female,27.0,No,No,No,Private,Urban,93.55,41.6,never smoked,No,0.3033923137608475,0.1774074416028067,0.3585337915234822
28127,Female,44.0,No,No,Yes,Private,Rural,90.4,33.1,formerly smoked,No,0.4949847853037304,0.1628658480288062,0.2611683848797251
20347,Female,18.0,No,No,No,Private,Rural,98.1,21.8,never smoked,No,0.2019610052969683,0.1984119656541408,0.131729667812142
40824,Male,47.0,No,No,Yes,Private,Rural,142.02,30.0,Unknown,No,0.5287952214583568,0.40116332748592,0.2256586483390607
38678,Female,66.0,No,No,Yes,Self-employed,Rural,251.46,35.2,smokes,No,0.7429279837709907,0.9063798356569108,0.2852233676975945
29380,Female,42.0,Yes,No,Yes,Private,Rural,89.96,35.6,never smoked,No,0.4724444945339794,0.1608346413073585,0.2898052691867125
809,Male,13.0,No,No,No,children,Urban,71.73,28.1,Unknown,No,0.145610278372591,0.0766780537346505,0.2038946162657503
65453,Female,56.0,Yes,No,Yes,Govt_job,Urban,82.44,27.8,smokes,No,0.6302265299222359,0.1261194718862524,0.2004581901489118
9415,Female,69.0,No,No,Yes,Self-employed,Urban,80.85,29.3,formerly smoked,No,0.776738419925617,0.1187794294155664,0.2176403207331042
30989,Female,65.0,No,No,Yes,Self-employed,Rural,220.52,37.2,smokes,No,0.7316578383861152,0.7635490721078386,0.3081328751431844
65258,Male,53.0,No,No,Yes,Private,Urban,86.73,26.1,Unknown,No,0.5964160937676096,0.1459237374203675,0.1809851088201604
67052,Female,36.0,No,No,Yes,Private,Urban,76.93,21.6,never smoked,No,0.4048236222247267,0.1006832240790324,0.129438717067583
62756,Female,69.0,No,No,Yes,Self-employed,Urban,113.1,22.7,never smoked,No,0.776738419925617,0.2676576493398578,0.1420389461626575
69224,Male,19.0,No,No,Yes,Private,Rural,96.84,30.2,formerly smoked,No,0.2132311506818438,0.1925953282245407,0.2279495990836197
13323,Male,3.0,No,No,No,children,Urban,100.91,18.0,Unknown,No,0.0329088245238363,0.2113839903979318,0.0882016036655211
59940,Male,15.0,No,No,No,children,Urban,116.5,27.8,Unknown,No,0.1681505691423419,0.2833533376419536,0.2004581901489118
49042,Female,59.0,Yes,No,No,Private,Rural,57.26,23.5,never smoked,No,0.6640369660768624,0.0098790508724956,0.1512027491408934
66362,Female,61.0,No,No,Yes,Private,Urban,129.31,41.2,Unknown,No,0.6865772568466133,0.3424891515095559,0.3539518900343643
46093,Female,28.0,No,No,Yes,Private,Rural,56.47,22.7,never smoked,No,0.314662459145723,0.0062321115317145,0.1420389461626575
10370,Male,45.0,No,No,Yes,Govt_job,Urban,86.06,29.2,formerly smoked,No,0.5062549306886058,0.1428307635490721,0.2164948453608247
156,Female,33.0,No,No,Yes,Private,Rural,86.97,42.2,never smoked,No,0.3710131860701003,0.1470316683593389,0.3654066437571592
11105,Male,80.0,No,No,Yes,Private,Urban,78.78,24.0,formerly smoked,No,0.9007100191592471,0.1092235250669375,0.1569301260022909
22363,Female,47.0,No,No,Yes,Private,Rural,195.04,45.5,never smoked,No,0.5287952214583568,0.6459237374203673,0.4032073310423826
46072,Male,2.0,No,No,No,children,Rural,103.25,19.4,Unknown,No,0.0216386791389608,0.2221863170529037,0.1042382588774341
65667,Female,48.0,No,No,Yes,Private,Rural,134.59,28.2,smokes,No,0.5400653668432323,0.3668636321669282,0.2050400916380297
47848,Male,1.56,No,No,No,children,Rural,93.74,20.1,Unknown,No,0.0166798151696156,0.1782845535961591,0.1122565864833906
71440,Female,26.0,No,No,Yes,Private,Urban,90.66,27.2,Unknown,No,0.292122168375972,0.1640661065460253,0.1935853379152348
35231,Male,62.0,No,No,Yes,Govt_job,Urban,91.68,26.5,Unknown,No,0.6978474022314888,0.1687748130366541,0.1855670103092783
59734,Male,1.72,No,No,No,children,Urban,75.79,17.6,Unknown,No,0.0184830384311957,0.0954205521189179,0.0836197021764032
1893,Female,38.0,No,No,Yes,Private,Urban,91.68,42.8,formerly smoked,No,0.4273639129944776,0.1687748130366541,0.3722794959908362
32733,Female,28.0,No,No,Yes,Private,Rural,106.68,29.3,never smoked,No,0.314662459145723,0.238020496722371,0.2176403207331042
34728,Female,67.0,No,No,Yes,Private,Rural,82.31,21.3,never smoked,No,0.7541981291558661,0.1255193426276429,0.1260022909507445
30352,Male,57.0,No,No,Yes,Private,Rural,90.06,29.8,Unknown,No,0.6414966753071114,0.1612962791985966,0.2233676975945017
61338,Female,40.0,No,No,Yes,Private,Rural,65.47,24.1,smokes,No,0.4499042037642285,0.0477795217431446,0.1580756013745704
59275,Male,10.0,No,No,No,children,Rural,58.03,35.2,Unknown,No,0.1117998422179646,0.0134336626350291,0.2852233676975945
45497,Female,55.0,No,No,No,Private,Rural,83.09,18.8,never smoked,No,0.6189563845373606,0.1291201181793002,0.0973654066437571
19996,Female,7.0,No,No,No,children,Urban,88.6,17.4,Unknown,No,0.0779894060633382,0.1545563659865201,0.0813287514318441
50371,Male,56.0,No,No,Yes,Private,Urban,63.18,31.5,Unknown,No,0.6302265299222359,0.0372080140337919,0.2428407789232531
32687,Male,37.0,No,No,Yes,Private,Rural,78.42,29.9,never smoked,No,0.4160937676096021,0.1075616286584803,0.2245131729667812
35295,Male,69.0,No,No,Yes,Private,Urban,65.08,27.3,formerly smoked,No,0.776738419925617,0.045979133967316,0.1947308132875143
15746,Female,71.33,No,No,Yes,Govt_job,Urban,79.47,28.1,never smoked,No,0.8029978586723768,0.1124088265164804,0.2038946162657503
31517,Female,28.0,No,No,Yes,Private,Rural,95.52,28.9,never smoked,No,0.314662459145723,0.1865017080601975,0.2130584192439862
43268,Female,52.0,Yes,No,No,Private,Urban,73.0,25.2,smokes,No,0.5851459483827341,0.0825408549533745,0.1706758304696448
54540,Male,46.0,No,No,Yes,Private,Rural,138.07,24.3,never smoked,No,0.5175250760734813,0.3829286307820145,0.1603665521191294
20973,Male,45.0,No,No,Yes,Govt_job,Rural,86.99,37.9,never smoked,No,0.5062549306886058,0.1471239959375865,0.3161512027491409
56245,Female,21.0,No,No,No,Private,Urban,112.07,28.2,never smoked,No,0.2357714414515947,0.2629027790601052,0.2050400916380297
9225,Male,4.0,No,No,No,children,Rural,105.76,18.4,Unknown,No,0.0441789699087118,0.2337734281229803,0.0927835051546391
45955,Female,45.0,No,No,Yes,Private,Urban,55.67,23.1,smokes,No,0.5062549306886058,0.0025390084018096,0.1466208476517755
3532,Female,71.0,No,No,Yes,Private,Urban,90.55,39.4,formerly smoked,No,0.7992787106953679,0.1635583048656633,0.3333333333333333
41291,Female,46.0,No,No,Yes,Private,Rural,218.65,29.5,never smoked,No,0.5175250760734813,0.7549164435416859,0.2199312714776632
53943,Female,3.0,No,No,No,children,Rural,111.21,18.3,Unknown,No,0.0329088245238363,0.2589326931954575,0.0916380297823596
52550,Female,79.0,No,No,Yes,Govt_job,Urban,83.56,28.7,smokes,No,0.8894398737743716,0.1312898162681193,0.2107674684994272
47414,Female,71.0,Yes,No,Yes,Private,Urban,116.76,32.9,formerly smoked,No,0.7992787106953679,0.2845535961591727,0.258877434135166
38804,Male,74.0,No,No,Yes,Private,Rural,83.5,26.7,Unknown,No,0.8330891468499944,0.1310128335333764,0.1878579610538373
72861,Female,52.0,No,No,Yes,Private,Urban,69.3,20.1,never smoked,No,0.5851459483827341,0.0654602529775644,0.1122565864833906
53276,Female,49.0,No,No,Yes,Private,Urban,67.55,17.6,formerly smoked,No,0.5513355122281077,0.0573815898808974,0.0836197021764032
30944,Female,32.0,No,No,Yes,Private,Rural,80.28,43.7,never smoked,No,0.3597430406852248,0.1161480934355092,0.3825887743413517
33622,Male,62.0,Yes,No,Yes,Private,Urban,211.49,41.1,Unknown,No,0.6978474022314888,0.721863170529037,0.3528064146620848
26191,Female,78.0,No,No,No,Private,Urban,67.96,26.8,Unknown,No,0.8781697283894963,0.0592743052349736,0.1890034364261168
69312,Female,48.0,No,No,Yes,Self-employed,Urban,99.29,31.2,never smoked,No,0.5400653668432323,0.2039054565598744,0.2394043528064146
39661,Male,18.0,No,No,Yes,Private,Rural,140.52,27.4,never smoked,No,0.2019610052969683,0.3942387591173483,0.1958762886597937
20162,Female,80.0,No,No,Yes,Private,Rural,75.62,25.1,smokes,No,0.9007100191592471,0.0946357677038131,0.1695303550973654
48989,Female,34.0,No,No,No,Govt_job,Rural,120.06,33.0,never smoked,No,0.3822833314549758,0.2997876465700304,0.2600229095074456
30411,Female,40.0,No,No,No,Private,Rural,117.45,30.7,smokes,No,0.4499042037642285,0.2877388976087157,0.2336769759450171
47735,Female,59.0,No,No,Yes,Private,Rural,224.71,42.9,never smoked,No,0.6640369660768624,0.7828916997507155,0.3734249713631156
51162,Female,11.0,No,No,No,children,Rural,122.75,14.3,Unknown,No,0.12306998760284,0.3122057058443356,0.0458190148911798
8598,Female,35.0,No,No,Yes,Govt_job,Urban,82.39,33.2,never smoked,No,0.3935534768398512,0.1258886529406333,0.2623138602520046
57347,Female,29.0,No,No,No,Govt_job,Rural,57.02,43.0,formerly smoked,No,0.3259326045305984,0.0087711199335241,0.3745704467353952
4683,Male,23.0,No,No,No,Private,Urban,115.98,22.3,never smoked,No,0.2583117322213457,0.2809528206075155,0.1374570446735395
55775,Female,59.0,No,No,Yes,Private,Rural,226.11,32.8,formerly smoked,No,0.6640369660768624,0.7893546302280492,0.2577319587628865
32645,Female,44.0,No,No,Yes,Private,Rural,97.59,30.5,smokes,No,0.4949847853037304,0.1960576124088265,0.2313860252004582
46643,Female,62.0,No,No,Yes,Private,Rural,82.57,36.0,formerly smoked,No,0.6978474022314888,0.1267196011448619,0.2943871706758305
782,Female,33.41,No,No,No,Private,Urban,79.34,26.5,formerly smoked,No,0.3756339456778992,0.1118086972578709,0.1855670103092783
63565,Female,2.0,No,No,No,children,Rural,125.68,20.1,Unknown,No,0.0216386791389608,0.3257316960576124,0.1122565864833906
13602,Female,73.0,No,No,Yes,Self-employed,Rural,102.06,28.1,Unknown,No,0.8218190014651189,0.2166928261471701,0.2038946162657503
28326,Female,79.0,No,No,Yes,Private,Urban,65.59,28.1,never smoked,No,0.8894398737743716,0.0483334872126304,0.2038946162657503
26389,Female,2.0,No,No,No,children,Urban,120.85,16.2,Unknown,No,0.0216386791389608,0.3034345859108115,0.0675830469644902
16906,Male,43.0,No,No,Yes,Govt_job,Urban,101.65,30.0,never smoked,No,0.4837146399188549,0.2148001107930939,0.2256586483390607
35140,Male,43.0,No,No,Yes,Govt_job,Urban,210.94,31.3,never smoked,No,0.4837146399188549,0.7193241621272274,0.2405498281786941
16837,Male,62.0,Yes,No,Yes,Private,Rural,77.92,26.7,never smoked,No,0.6978474022314888,0.1052534392022897,0.1878579610538373
2750,Male,73.0,Yes,Yes,Yes,Self-employed,Rural,230.68,37.7,Unknown,No,0.8218190014651189,0.8104514818576308,0.3138602520045819
47585,Female,31.0,No,No,No,Self-employed,Urban,62.68,35.8,never smoked,No,0.3484728953003493,0.0348998245776013,0.2920962199312714
37404,Male,42.0,No,No,Yes,Private,Urban,55.22,27.0,never smoked,No,0.4724444945339794,0.00046163789123811937,0.1912943871706758
39518,Female,20.0,No,No,No,Private,Rural,78.94,20.7,never smoked,No,0.2245012960667192,0.1099621456929184,0.1191294387170675
70678,Female,55.0,No,Yes,No,Private,Rural,109.69,22.2,smokes,No,0.6189563845373606,0.2519157972486381,0.13631156930126
542,Female,3.0,No,No,No,children,Urban,79.63,28.1,Unknown,No,0.0329088245238363,0.1131474471424614,0.2038946162657503
38649,Female,23.0,No,No,No,Private,Rural,79.33,41.5,never smoked,No,0.2583117322213457,0.1117625334687471,0.3573883161512027
53266,Female,33.0,No,No,Yes,Private,Urban,79.91,33.5,never smoked,No,0.3710131860701003,0.1144400332379281,0.265750286368843
26031,Female,14.0,No,No,No,Private,Rural,84.46,21.8,Unknown,No,0.1568804237574664,0.1354445572892622,0.131729667812142
1191,Female,79.0,No,Yes,Yes,Private,Urban,68.4,22.1,formerly smoked,No,0.8894398737743716,0.0613055119564214,0.1351660939289805
36820,Male,64.0,Yes,No,Yes,Private,Rural,78.43,30.2,smokes,No,0.7203876930012397,0.1076077924476041,0.2279495990836197
62783,Female,76.0,No,No,Yes,Private,Urban,198.02,38.7,Unknown,No,0.8556294376197453,0.6596805465792632,0.3253150057273768
10133,Male,46.0,No,No,Yes,Private,Urban,85.35,32.1,smokes,No,0.5175250760734813,0.1395531345212814,0.2497136311569301
19778,Male,80.0,No,No,Yes,Self-employed,Rural,204.17,41.3,formerly smoked,No,0.9007100191592471,0.688071276890407,0.3550973654066437
38255,Male,21.0,No,No,No,Private,Urban,82.71,20.1,formerly smoked,No,0.2357714414515947,0.1273658941925953,0.1122565864833906
41565,Female,33.0,No,No,No,Private,Urban,121.19,22.1,never smoked,No,0.3710131860701003,0.3050041547410211,0.1351660939289805
39423,Female,32.0,No,No,Yes,Private,Rural,106.02,24.9,smokes,No,0.3597430406852248,0.2349736866401994,0.1672394043528064
68908,Female,0.72,No,No,No,children,Urban,66.36,23.0,Unknown,No,0.0072128930463202,0.0518880989751638,0.1454753722794959
22440,Female,49.0,No,No,Yes,Private,Urban,267.76,29.3,formerly smoked,No,0.5513355122281077,0.981626811928723,0.2176403207331042
28418,Female,41.0,No,No,Yes,Private,Rural,107.18,22.8,never smoked,No,0.461174349149104,0.2403286861785615,0.143184421534937
22566,Male,37.0,No,No,Yes,Private,Rural,74.58,31.6,Unknown,No,0.4160937676096021,0.0898347336349367,0.2439862542955326
7055,Female,58.0,No,No,Yes,Private,Urban,80.92,19.4,Unknown,No,0.6527668206919869,0.1191025759394331,0.1042382588774341
69177,Female,79.0,No,No,Yes,Private,Rural,90.77,22.5,never smoked,No,0.8894398737743716,0.1645739082263872,0.1397479954180985
33162,Female,23.0,No,No,No,Private,Rural,90.84,31.6,never smoked,No,0.2583117322213457,0.1648970547502539,0.2439862542955326
44764,Female,78.0,Yes,No,Yes,Self-employed,Rural,59.2,29.1,Unknown,No,0.8781697283894963,0.018834825962515,0.2153493699885452
32157,Male,51.0,No,No,Yes,Private,Rural,217.71,28.1,formerly smoked,No,0.5738758029978587,0.7505770473640476,0.2038946162657503
61983,Female,41.0,No,No,Yes,Private,Urban,133.76,43.4,smokes,No,0.461174349149104,0.3630320376696518,0.3791523482245131
72268,Male,68.0,No,No,Yes,Self-employed,Urban,61.36,26.5,formerly smoked,No,0.7654682745407415,0.0288062044132582,0.1855670103092783
39467,Female,30.0,No,No,No,Private,Rural,118.62,29.7,Unknown,No,0.3372027499154739,0.2931400609362016,0.2222222222222222
20282,Male,1.88,No,No,No,children,Rural,77.91,21.8,Unknown,No,0.0202862616927758,0.1052072754131659,0.131729667812142
51159,Female,32.0,No,No,No,Govt_job,Urban,68.98,23.4,formerly smoked,No,0.3597430406852248,0.0639830117256024,0.1500572737686139
7167,Female,59.83,No,No,No,Private,Rural,112.08,23.0,never smoked,No,0.673391186746309,0.262948942849229,0.1454753722794959
59147,Male,20.0,No,No,No,Private,Urban,96.2,21.5,never smoked,No,0.2245012960667192,0.1896408457206167,0.1282932416953035
18192,Male,10.0,No,No,No,children,Rural,93.11,14.6,Unknown,No,0.1117998422179646,0.175376234881359,0.0492554410080183
14049,Male,8.0,No,No,No,children,Rural,115.54,28.5,Unknown,No,0.0892595514482136,0.2789216138860678,0.2084765177548682
35927,Male,45.0,No,No,Yes,Private,Urban,88.57,29.0,smokes,No,0.5062549306886058,0.1544178746191487,0.2142038946162657
28150,Female,65.0,Yes,No,Yes,Private,Urban,180.76,26.9,Unknown,No,0.7316578383861152,0.5800018465515648,0.1901489117983963
8727,Male,46.0,No,No,Yes,Self-employed,Urban,83.12,29.6,formerly smoked,No,0.5175250760734813,0.1292586095466716,0.2210767468499427
7516,Male,53.0,No,No,Yes,Self-employed,Urban,94.89,28.5,never smoked,No,0.5964160937676096,0.1835933893453974,0.2084765177548682
6419,Female,79.0,No,No,No,Private,Rural,239.52,25.5,never smoked,No,0.8894398737743716,0.85126027144308,0.1741122565864833
20425,Male,43.0,No,No,Yes,Self-employed,Rural,99.15,30.5,formerly smoked,No,0.4837146399188549,0.2032591635121411,0.2313860252004582
59878,Female,56.0,No,No,Yes,Self-employed,Urban,124.16,23.0,never smoked,No,0.6302265299222359,0.318714800110793,0.1454753722794959
69355,Male,3.0,No,No,No,children,Rural,86.38,22.8,Unknown,No,0.0329088245238363,0.144308004801034,0.143184421534937
5858,Male,32.0,No,No,No,Private,Rural,93.68,31.4,never smoked,No,0.3597430406852248,0.1780075708614163,0.2416953035509736
39823,Female,41.0,No,No,Yes,Govt_job,Rural,229.86,35.2,smokes,No,0.461174349149104,0.8066660511494784,0.2852233676975945
37053,Male,53.0,No,No,Yes,Govt_job,Rural,78.73,23.3,never smoked,No,0.5964160937676096,0.1089927061213184,0.1489117983963344
2082,Male,35.0,No,No,Yes,Private,Rural,115.92,28.1,formerly smoked,No,0.3935534768398512,0.2806758378727726,0.2038946162657503
48073,Male,67.0,No,No,Yes,Govt_job,Rural,93.71,31.2,formerly smoked,No,0.7541981291558661,0.1781460622287877,0.2394043528064146
16449,Female,33.0,No,No,Yes,Govt_job,Rural,76.66,24.8,never smoked,No,0.3710131860701003,0.0994368017726895,0.1660939289805269
5447,Female,21.0,No,No,No,Private,Rural,112.38,25.8,Unknown,No,0.2357714414515947,0.2643338565229434,0.1775486827033219
27145,Female,26.0,No,No,No,Private,Rural,89.3,48.4,smokes,No,0.292122168375972,0.1577878312251869,0.4364261168384879
30328,Female,69.0,Yes,No,Yes,Govt_job,Rural,103.44,43.1,formerly smoked,No,0.776738419925617,0.2230634290462561,0.3757159221076747
739,Female,73.0,No,No,Yes,Self-employed,Rural,79.69,28.1,formerly smoked,No,0.8218190014651189,0.1134244298772043,0.2038946162657503
44224,Male,15.0,No,No,No,Private,Rural,61.61,27.8,never smoked,No,0.1681505691423419,0.0299602991413535,0.2004581901489118
533,Female,3.0,No,No,No,children,Rural,94.12,21.4,Unknown,No,0.0329088245238363,0.180038777582864,0.127147766323024
45554,Female,45.0,No,No,No,children,Urban,62.4,22.1,Unknown,No,0.5062549306886058,0.0336072384821346,0.1351660939289805
32884,Female,80.0,Yes,No,Yes,Private,Urban,210.96,31.8,never smoked,No,0.9007100191592471,0.719416489705475,0.2462772050400916
55744,Male,2.0,No,No,No,children,Urban,76.25,20.1,Unknown,No,0.0216386791389608,0.0975440864186132,0.1122565864833906
28414,Male,50.0,No,No,Yes,Private,Urban,103.48,29.1,smokes,No,0.5626056576129832,0.2232480842027513,0.2153493699885452
25767,Female,30.0,No,No,No,Private,Urban,96.42,22.6,Unknown,No,0.3372027499154739,0.1906564490813406,0.140893470790378
71319,Male,15.0,No,No,No,Private,Rural,78.59,25.1,Unknown,No,0.1681505691423419,0.1083464130735851,0.1695303550973654
70031,Female,71.0,Yes,No,Yes,Private,Rural,195.25,33.3,never smoked,No,0.7992787106953679,0.6468931769919675,0.263459335624284
23604,Male,4.0,No,No,No,children,Rural,103.76,15.9,Unknown,No,0.0441789699087118,0.2245406702982181,0.0641466208476517
46576,Male,2.0,No,No,No,children,Rural,68.52,20.8,Unknown,No,0.0216386791389608,0.0618594774259071,0.120274914089347
31293,Male,11.0,No,No,No,children,Urban,92.17,19.5,Unknown,No,0.12306998760284,0.1710368387037208,0.1053837342497136
70610,Female,45.0,No,No,Yes,Private,Rural,81.02,39.0,never smoked,No,0.5062549306886058,0.1195642138306712,0.3287514318442153
6044,Male,22.0,No,No,No,Govt_job,Rural,94.33,23.1,never smoked,No,0.2470415868364702,0.181008217154464,0.1466208476517755
62284,Male,63.0,No,No,Yes,Self-employed,Rural,78.43,18.8,never smoked,No,0.7091175476163643,0.1076077924476041,0.0973654066437571
5821,Female,50.0,No,No,Yes,Private,Rural,217.39,50.6,Unknown,No,0.5626056576129832,0.7490998061120856,0.4616265750286368
22295,Female,25.0,No,No,No,Private,Urban,82.77,36.3,Unknown,No,0.2808520229910966,0.1276428769273382,0.2978235967926689
27583,Male,49.0,No,No,Yes,Private,Rural,88.13,32.8,never smoked,No,0.5513355122281077,0.152386667897701,0.2577319587628865
9696,Male,39.0,No,No,Yes,Private,Urban,102.77,35.8,smokes,No,0.4386340583793531,0.2199704551749607,0.2920962199312714
1164,Female,45.0,No,No,No,Private,Rural,101.75,26.7,smokes,No,0.5062549306886058,0.215261748684332,0.1878579610538373
48781,Male,67.0,No,No,Yes,Private,Rural,113.34,26.3,formerly smoked,No,0.7541981291558661,0.2687655802788293,0.1832760595647193
50947,Male,48.0,No,No,Yes,Private,Urban,63.33,26.5,smokes,No,0.5400653668432323,0.037900470870649,0.1855670103092783
47844,Female,38.0,No,No,Yes,Private,Urban,69.34,43.7,never smoked,No,0.4273639129944776,0.0656449081340596,0.3825887743413517
45209,Female,14.0,No,No,No,Private,Rural,118.81,24.7,Unknown,No,0.1568804237574664,0.2940171729295541,0.1649484536082474
49412,Male,63.0,No,No,Yes,Govt_job,Urban,66.13,46.2,never smoked,No,0.7091175476163643,0.0508263318253162,0.4112256586483391
43088,Male,37.0,No,No,No,Private,Urban,67.53,49.5,formerly smoked,No,0.4160937676096021,0.0572892623026498,0.4490263459335625
16355,Male,20.0,No,No,No,Private,Urban,96.58,43.3,never smoked,No,0.2245012960667192,0.1913950697073215,0.3780068728522336
43172,Female,60.0,No,No,Yes,Private,Urban,57.89,30.9,formerly smoked,No,0.6753071114617378,0.0127873695872957,0.2359679266895761
43155,Female,13.0,No,No,No,children,Rural,78.38,38.7,Unknown,No,0.145610278372591,0.107376973501985,0.3253150057273768
11882,Male,34.0,No,No,No,Private,Urban,94.15,28.6,never smoked,No,0.3822833314549758,0.1801772689502354,0.2096219931271477
45669,Male,22.0,No,No,No,Private,Urban,89.53,30.2,Unknown,No,0.2470415868364702,0.1588495983750346,0.2279495990836197
65339,Female,46.0,No,No,Yes,Private,Urban,127.75,30.5,never smoked,No,0.5175250760734813,0.3352876004062413,0.2313860252004582
60399,Male,53.0,No,No,Yes,Self-employed,Rural,76.79,33.9,Unknown,No,0.5964160937676096,0.100036931031299,0.270332187857961
59604,Female,28.0,No,No,Yes,Private,Rural,141.15,28.6,never smoked,No,0.314662459145723,0.3971470778321485,0.2096219931271477
22488,Female,62.0,No,No,Yes,Govt_job,Urban,88.63,24.5,never smoked,No,0.6978474022314888,0.1546948573538916,0.1626575028636884
33187,Female,6.0,No,No,No,children,Urban,201.25,28.1,Unknown,No,0.0667192606784627,0.6745914504662542,0.2038946162657503
44192,Female,11.0,No,No,No,children,Urban,130.15,17.2,Unknown,No,0.12306998760284,0.346366909795956,0.0790378006872852
16114,Male,66.0,No,No,No,Private,Urban,108.03,27.2,never smoked,No,0.7429279837709907,0.2442526082540855,0.1935853379152348
35293,Female,80.0,No,No,Yes,Self-employed,Rural,104.07,19.3,formerly smoked,No,0.9007100191592471,0.2259717477610562,0.1030927835051546
728,Female,8.0,No,No,No,children,Urban,88.83,18.5,Unknown,No,0.0892595514482136,0.1556181331363678,0.0939289805269186
45788,Male,53.0,No,Yes,Yes,Private,Rural,197.79,32.0,Unknown,No,0.5964160937676096,0.6586187794294155,0.2485681557846506
52150,Female,63.0,Yes,Yes,Yes,Private,Urban,150.45,44.5,formerly smoked,No,0.7091175476163643,0.4400794017172929,0.3917525773195877
26172,Male,31.0,No,No,Yes,Private,Rural,100.39,37.0,never smoked,No,0.3484728953003493,0.2089834733634936,0.3058419243986254
67814,Male,43.0,No,No,Yes,Govt_job,Rural,79.92,30.8,formerly smoked,No,0.4837146399188549,0.114486197027052,0.2348224513172966
12618,Male,79.0,No,Yes,Yes,Self-employed,Urban,96.79,24.7,Unknown,No,0.8894398737743716,0.1923645092789216,0.1649484536082474
28952,Male,8.0,No,No,No,children,Rural,86.84,18.3,Unknown,No,0.0892595514482136,0.1464315391007294,0.0916380297823596
39123,Male,38.0,No,No,Yes,Private,Rural,61.27,44.0,Unknown,No,0.4273639129944776,0.0283907303111439,0.3860252004581902
53967,Female,80.0,No,No,Yes,Self-employed,Rural,72.61,27.6,never smoked,No,0.9007100191592471,0.0807404671775459,0.1981672394043528
34772,Female,49.0,No,No,Yes,Private,Rural,82.41,45.4,smokes,No,0.5513355122281077,0.1259809805188809,0.402061855670103
43124,Female,50.0,No,No,Yes,Govt_job,Urban,74.72,28.5,never smoked,No,0.5626056576129832,0.0904810266826701,0.2084765177548682
51916,Male,13.0,No,No,No,children,Rural,57.37,17.6,Unknown,No,0.145610278372591,0.0103868525528575,0.0836197021764032
68003,Male,46.0,Yes,No,Yes,Private,Rural,73.72,28.1,smokes,No,0.5175250760734813,0.0858646477702889,0.2038946162657503
59157,Male,73.0,Yes,No,Yes,Private,Urban,88.34,27.5,never smoked,No,0.8218190014651189,0.1533561074693011,0.1970217640320733
54383,Male,45.0,No,No,Yes,Private,Rural,101.34,32.8,never smoked,No,0.5062549306886058,0.2133690333302557,0.2577319587628865
6928,Male,44.0,No,No,Yes,Private,Rural,119.01,29.5,never smoked,No,0.4949847853037304,0.2949404487120303,0.2199312714776632
321,Female,79.0,No,No,No,Self-employed,Rural,71.98,36.4,never smoked,No,0.8894398737743716,0.0778321484627458,0.2989690721649484
21857,Female,5.0,No,No,Yes,children,Urban,84.91,26.1,Unknown,No,0.0554491152935872,0.1375219277998338,0.1809851088201604
33526,Female,51.0,No,No,Yes,Self-employed,Rural,91.63,35.3,Unknown,No,0.5738758029978587,0.168543994091035,0.286368843069874
37327,Female,71.0,No,No,Yes,Private,Urban,214.77,28.1,Unknown,No,0.7992787106953679,0.7370048933616471,0.2038946162657503
55976,Male,5.0,No,No,No,children,Rural,145.71,18.1,Unknown,No,0.0554491152935872,0.4181977656726064,0.0893470790378007
56090,Female,65.0,No,No,Yes,Self-employed,Rural,167.31,27.1,never smoked,No,0.7316578383861152,0.5179115501800388,0.1924398625429553
38350,Female,81.0,No,No,Yes,Self-employed,Urban,63.65,23.0,Unknown,No,0.9119801645441226,0.039377712122611,0.1454753722794959
6040,Female,46.0,No,No,No,Private,Rural,79.63,55.0,Unknown,No,0.5175250760734813,0.1131474471424614,0.5120274914089348
17639,Male,45.0,No,No,Yes,Govt_job,Rural,87.49,26.6,never smoked,No,0.5062549306886058,0.1494321853937771,0.1867124856815578
1678,Female,54.0,Yes,No,Yes,Private,Rural,98.74,28.1,never smoked,No,0.6076862391524851,0.2013664481580648,0.2038946162657503
27572,Female,25.0,No,No,No,Private,Rural,92.82,24.1,never smoked,No,0.2808520229910966,0.1740374849967685,0.1580756013745704
57668,Male,49.0,No,No,Yes,Govt_job,Urban,72.2,30.3,formerly smoked,No,0.5513355122281077,0.0788477518234696,0.2290950744558992
22001,Female,80.0,No,Yes,Yes,Govt_job,Rural,181.23,32.2,formerly smoked,No,0.9007100191592471,0.582171544640384,0.2508591065292097
54184,Female,22.0,No,No,No,Private,Urban,63.37,26.5,never smoked,No,0.2470415868364702,0.0380851260271443,0.1855670103092783
27966,Female,61.0,No,No,Yes,Private,Urban,74.82,30.6,never smoked,No,0.6865772568466133,0.0909426645739082,0.2325315005727377
4702,Female,3.0,No,No,No,children,Rural,97.6,25.8,Unknown,No,0.0329088245238363,0.1961037761979503,0.1775486827033219
38123,Male,50.0,No,No,Yes,Private,Rural,93.04,41.9,smokes,No,0.5626056576129832,0.1750530883574924,0.3619702176403207
47345,Male,45.0,No,No,Yes,Private,Rural,97.12,29.2,never smoked,No,0.5062549306886058,0.1938879143200074,0.2164948453608247
17222,Male,55.0,Yes,No,Yes,Self-employed,Rural,82.81,44.3,never smoked,No,0.6189563845373606,0.1278275320838334,0.3894616265750286
45048,Female,21.0,No,No,No,Private,Urban,134.45,29.1,never smoked,No,0.2357714414515947,0.3662173391191948,0.2153493699885452
30084,Male,0.8,No,No,No,children,Rural,98.67,17.5,Unknown,No,0.0081145046771103,0.2010433016341981,0.0824742268041237
7195,Male,50.0,No,Yes,No,Private,Urban,85.82,31.9,never smoked,No,0.5626056576129832,0.1417228326101006,0.2474226804123711
16260,Male,73.0,No,Yes,Yes,Self-employed,Rural,189.45,32.2,never smoked,No,0.8218190014651189,0.6201181793001569,0.2508591065292097
52457,Female,58.0,No,Yes,Yes,Private,Rural,144.16,26.0,smokes,No,0.6527668206919869,0.4110423783584156,0.1798396334478808
50650,Male,30.0,No,No,No,Private,Rural,82.56,25.4,formerly smoked,No,0.3372027499154739,0.1266734373557382,0.1729667812142038
35913,Female,55.0,Yes,No,Yes,Private,Urban,206.4,54.8,never smoked,No,0.6189563845373606,0.6983658018650171,0.5097365406643757
52306,Female,57.0,No,No,Yes,Self-employed,Urban,67.97,27.9,never smoked,No,0.6414966753071114,0.0593204690240975,0.2016036655211912
132,Female,80.0,No,No,Yes,Govt_job,Urban,84.86,28.1,Unknown,No,0.9007100191592471,0.1372911088542147,0.2038946162657503
8951,Female,77.0,Yes,No,Yes,Self-employed,Urban,71.7,32.8,never smoked,No,0.8668995830046208,0.0765395623672791,0.2577319587628865
64752,Female,29.0,No,No,No,Private,Urban,72.02,34.0,formerly smoked,No,0.3259326045305984,0.078016803619241,0.2714776632302405
51285,Female,46.0,No,No,Yes,Private,Urban,61.81,25.5,Unknown,No,0.5175250760734813,0.0308835749238297,0.1741122565864833
14349,Female,40.0,No,No,Yes,Private,Urban,103.09,35.6,Unknown,No,0.4499042037642285,0.2214476964269227,0.2898052691867125
40571,Male,29.0,No,No,No,Private,Urban,73.75,28.3,never smoked,No,0.3259326045305984,0.0860031391376604,0.2061855670103093
40624,Female,37.0,No,No,Yes,Private,Rural,156.7,36.9,never smoked,No,0.4160937676096021,0.4689317699196749,0.3046964490263459
13072,Female,35.0,No,No,Yes,Self-employed,Urban,70.87,22.1,formerly smoked,No,0.3935534768398512,0.0727079678700028,0.1351660939289805
66310,Male,54.0,No,No,Yes,Self-employed,Rural,138.47,31.5,never smoked,No,0.6076862391524851,0.384775182346967,0.2428407789232531
58101,Female,56.0,No,Yes,Yes,Private,Rural,64.66,26.7,formerly smoked,No,0.6302265299222359,0.0440402548241159,0.1878579610538373
22969,Female,26.0,No,No,Yes,Private,Rural,91.88,24.9,formerly smoked,No,0.292122168375972,0.1696980888191302,0.1672394043528064
28904,Female,75.0,No,No,Yes,Self-employed,Rural,74.79,32.4,never smoked,No,0.8443592922348698,0.0908041732065368,0.2531500572737686
6563,Female,44.0,No,No,No,Private,Rural,78.18,32.2,never smoked,No,0.4949847853037304,0.1064536977195088,0.2508591065292097
55315,Male,63.0,No,No,Yes,Private,Rural,77.82,30.3,Unknown,No,0.7091175476163643,0.1047918013110515,0.2290950744558992
47537,Female,45.0,No,No,No,Private,Rural,112.23,28.7,never smoked,No,0.5062549306886058,0.2636413996860862,0.2107674684994272
45945,Male,46.0,No,Yes,Yes,Private,Urban,178.76,24.1,never smoked,No,0.5175250760734813,0.5707690887268027,0.1580756013745704
65849,Female,47.0,No,No,Yes,Private,Rural,121.43,25.3,never smoked,No,0.5287952214583568,0.3061120856799926,0.1718213058419244
31125,Female,50.0,No,No,Yes,Private,Rural,94.22,24.8,never smoked,No,0.5626056576129832,0.1805004154741021,0.1660939289805269
5103,Female,49.0,No,No,Yes,Private,Rural,67.27,28.1,formerly smoked,No,0.5513355122281077,0.0560890037854307,0.2038946162657503
54526,Male,76.0,Yes,No,Yes,Self-employed,Rural,197.58,34.8,formerly smoked,No,0.8556294376197453,0.6576493398578156,0.2806414662084764
67309,Male,45.0,No,No,Yes,Private,Rural,86.37,39.2,smokes,No,0.5062549306886058,0.1442618410119102,0.3310423825887744
2275,Female,45.0,No,No,Yes,Private,Urban,112.09,24.7,smokes,No,0.5062549306886058,0.2629951066383529,0.1649484536082474
29869,Male,49.0,No,No,Yes,Private,Urban,199.96,28.6,never smoked,No,0.5513355122281077,0.6686363216692827,0.2096219931271477
15757,Male,71.0,No,No,Yes,Private,Urban,85.33,27.7,never smoked,No,0.7992787106953679,0.1394608069430339,0.1993127147766323
38523,Female,65.0,No,No,No,Self-employed,Rural,86.33,33.1,never smoked,No,0.7316578383861152,0.144077185855415,0.2611683848797251
65388,Female,40.0,No,No,No,Private,Urban,80.47,27.3,smokes,No,0.4499042037642285,0.1170252054288616,0.1947308132875143
60816,Female,82.0,Yes,No,Yes,Private,Urban,62.46,20.3,formerly smoked,No,0.923250309928998,0.0338842212168774,0.1145475372279496
67350,Female,64.0,No,No,Yes,Govt_job,Rural,78.85,33.9,never smoked,No,0.7203876930012397,0.1095466715908041,0.270332187857961
40124,Male,72.0,No,No,Yes,Self-employed,Rural,72.09,28.1,smokes,No,0.8105488560802434,0.0783399501431077,0.2038946162657503
20370,Female,50.0,No,No,Yes,Self-employed,Rural,103.81,28.3,never smoked,No,0.5626056576129832,0.2247714892438371,0.2061855670103093
35188,Female,40.0,No,No,No,Private,Urban,78.04,32.4,smokes,No,0.4499042037642285,0.1058074046717755,0.2531500572737686
28716,Female,74.0,No,No,Yes,Self-employed,Rural,94.67,19.7,Unknown,No,0.8330891468499944,0.1825777859846736,0.1076746849942726
56166,Female,30.0,No,No,Yes,Govt_job,Rural,62.25,33.7,never smoked,No,0.3372027499154739,0.0329147816452774,0.2680412371134021
47159,Male,68.0,No,No,Yes,Private,Urban,155.17,35.5,never smoked,No,0.7654682745407415,0.4618687101837317,0.2886597938144329
26242,Male,6.0,No,No,No,children,Urban,83.28,20.0,Unknown,No,0.0667192606784627,0.1299972301726525,0.1111111111111111
36226,Male,4.0,No,No,No,children,Urban,132.41,16.3,Unknown,No,0.0441789699087118,0.3567999261379374,0.0687285223367697
47357,Female,45.0,No,No,Yes,Private,Rural,62.78,36.4,Unknown,No,0.5062549306886058,0.0353614624688394,0.2989690721649484
33167,Female,59.0,No,No,Yes,Private,Urban,89.96,28.1,Unknown,No,0.6640369660768624,0.1608346413073585,0.2038946162657503
21042,Female,72.0,No,No,Yes,Self-employed,Rural,103.25,26.9,formerly smoked,No,0.8105488560802434,0.2221863170529037,0.1901489117983963
71062,Female,62.0,No,No,Yes,Private,Rural,126.99,29.4,formerly smoked,No,0.6978474022314888,0.3317791524328317,0.2187857961053837
32723,Female,13.0,No,No,No,children,Rural,102.27,17.2,never smoked,No,0.145610278372591,0.2176622657187701,0.0790378006872852
49646,Male,72.0,No,Yes,Yes,Self-employed,Rural,113.63,26.5,Unknown,No,0.8105488560802434,0.2701043301634198,0.1855670103092783
35737,Male,1.08,No,No,No,children,Urban,86.09,19.5,Unknown,No,0.0112701453848754,0.1429692549164435,0.1053837342497136
24256,Male,35.0,No,No,Yes,Private,Rural,108.08,30.6,formerly smoked,No,0.3935534768398512,0.2444834271997045,0.2325315005727377
62340,Male,54.0,No,No,Yes,Private,Urban,108.34,31.9,never smoked,No,0.6076862391524851,0.2456836857169236,0.2474226804123711
39927,Male,40.0,No,No,Yes,Private,Rural,56.07,26.6,never smoked,No,0.4499042037642285,0.004385559966762,0.1867124856815578
30677,Female,45.0,No,No,No,children,Urban,82.91,19.9,Unknown,No,0.5062549306886058,0.1282891699750715,0.1099656357388316
50453,Male,2.0,No,No,No,children,Urban,94.75,18.0,Unknown,No,0.0216386791389608,0.1829470962976641,0.0882016036655211
17398,Male,41.0,No,No,Yes,Private,Rural,101.79,26.7,Unknown,No,0.461174349149104,0.2154464038408272,0.1878579610538373
20938,Female,61.0,No,No,Yes,Private,Rural,88.41,25.3,formerly smoked,No,0.6865772568466133,0.1536792539931677,0.1718213058419244
21850,Male,58.0,No,No,Yes,Govt_job,Urban,101.05,31.4,Unknown,No,0.6527668206919869,0.2120302834456652,0.2416953035509736
14241,Male,45.0,No,No,No,Private,Urban,85.07,21.1,never smoked,No,0.5062549306886058,0.1382605484258147,0.1237113402061855
43905,Female,64.0,No,No,No,Govt_job,Rural,108.1,17.9,never smoked,No,0.7203876930012397,0.2445757547779521,0.0870561282932416
40144,Female,32.0,No,No,No,Self-employed,Rural,93.17,27.5,smokes,No,0.3597430406852248,0.1756532176161019,0.1970217640320733
7806,Female,42.0,No,No,Yes,Private,Urban,158.89,37.6,smokes,No,0.4724444945339794,0.4790416397377895,0.3127147766323024
63984,Male,39.0,No,No,Yes,Private,Rural,205.77,24.1,never smoked,No,0.4386340583793531,0.6954574831502169,0.1580756013745704
13504,Female,10.0,No,No,No,children,Urban,112.34,18.1,Unknown,No,0.1117998422179646,0.2641492013664482,0.0893470790378007
62272,Female,78.0,No,No,Yes,Private,Urban,119.03,31.0,never smoked,No,0.8781697283894963,0.2950327762902779,0.2371134020618556
5878,Female,68.0,No,No,Yes,Private,Urban,237.21,26.6,smokes,No,0.7654682745407415,0.8405964361554796,0.1867124856815578
62767,Female,24.0,No,No,Yes,Private,Urban,89.68,38.7,never smoked,No,0.2695818776062211,0.1595420552118918,0.3253150057273768
239,Male,59.0,Yes,Yes,Yes,Private,Rural,246.53,27.2,formerly smoked,No,0.6640369660768624,0.8836210876188717,0.1935853379152348
3184,Female,45.0,No,No,Yes,Private,Urban,89.05,27.8,formerly smoked,No,0.5062549306886058,0.1566337364970916,0.2004581901489118
51959,Male,12.0,No,No,No,children,Rural,81.74,28.3,Unknown,No,0.1343401329877155,0.1228880066475856,0.2061855670103093
2092,Female,37.0,No,No,Yes,Private,Rural,98.12,27.5,never smoked,No,0.4160937676096021,0.1985042932323885,0.1970217640320733
69239,Female,43.0,No,No,Yes,Self-employed,Rural,105.59,43.3,smokes,No,0.4837146399188549,0.2329886437078755,0.3780068728522336
68235,Male,12.0,No,No,No,children,Rural,86.0,20.1,formerly smoked,No,0.1343401329877155,0.1425537808143292,0.1122565864833906
3956,Male,13.0,No,No,No,children,Urban,65.51,25.9,Unknown,No,0.145610278372591,0.0479641768996399,0.1786941580756013
42703,Male,74.0,No,No,Yes,Self-employed,Urban,61.78,25.8,Unknown,No,0.8330891468499944,0.0307450835564583,0.1775486827033219
34436,Female,2.0,No,No,No,children,Rural,109.56,16.4,Unknown,No,0.0216386791389608,0.2513156679900286,0.0698739977090492
39258,Female,59.0,No,No,Yes,Self-employed,Urban,65.82,29.4,never smoked,No,0.6640369660768624,0.049395254362478,0.2187857961053837
40513,Female,21.0,No,No,No,Private,Urban,90.16,28.9,smokes,No,0.2357714414515947,0.1617579170898347,0.2130584192439862
48648,Female,55.0,No,No,Yes,Private,Urban,64.45,26.7,never smoked,No,0.6189563845373606,0.0430708152525159,0.1878579610538373
48836,Female,14.0,No,No,No,children,Urban,91.85,27.8,never smoked,No,0.1568804237574664,0.1695595974517588,0.2004581901489118
71444,Female,53.0,No,No,Yes,Private,Rural,97.89,38.7,formerly smoked,No,0.5964160937676096,0.1974425260825408,0.3253150057273768
33983,Male,75.0,No,No,Yes,Govt_job,Rural,206.33,26.8,never smoked,No,0.8443592922348698,0.6980426553411504,0.1890034364261168
35372,Male,37.0,No,No,Yes,Govt_job,Rural,74.29,36.1,never smoked,No,0.4160937676096021,0.0884959837503462,0.2955326460481099
31849,Female,49.0,No,No,Yes,Private,Rural,107.4,26.7,smokes,No,0.5513355122281077,0.2413442895392854,0.1878579610538373
2772,Male,55.0,No,No,Yes,Private,Urban,87.72,27.0,Unknown,No,0.6189563845373606,0.1504939525436247,0.1912943871706758
11148,Male,57.0,No,No,Yes,Private,Rural,85.99,21.2,Unknown,No,0.6414966753071114,0.1425076170252054,0.124856815578465
62387,Female,45.0,No,No,Yes,Private,Urban,100.84,21.0,never smoked,No,0.5062549306886058,0.2110608438740652,0.122565864833906
50775,Male,46.0,No,No,No,Private,Urban,124.61,37.4,Unknown,No,0.5175250760734813,0.3207921706213646,0.3104238258877434
3807,Female,45.0,No,No,No,children,Urban,86.55,26.5,Unknown,No,0.5062549306886058,0.1450927892161388,0.1855670103092783
51339,Male,12.0,No,No,No,children,Rural,90.42,28.9,Unknown,No,0.1343401329877155,0.1629581756070538,0.2130584192439862
69259,Female,77.0,No,No,Yes,Private,Rural,100.85,29.5,smokes,No,0.8668995830046208,0.211107007663189,0.2199312714776632
32826,Male,6.0,No,No,No,children,Urban,87.74,17.7,Unknown,No,0.0667192606784627,0.1505862801218724,0.0847651775486827
12414,Male,76.0,Yes,No,Yes,Private,Rural,80.15,34.9,formerly smoked,No,0.8556294376197453,0.1155479641768996,0.281786941580756
21381,Female,52.0,No,No,Yes,Private,Urban,107.29,28.1,never smoked,No,0.5851459483827341,0.2408364878589235,0.2038946162657503
29375,Male,62.0,No,No,Yes,Private,Urban,206.98,36.8,smokes,No,0.6978474022314888,0.701043301634198,0.3035509736540664
62452,Male,82.0,Yes,No,Yes,Private,Rural,227.28,33.3,never smoked,No,0.923250309928998,0.794755793555535,0.263459335624284
68650,Male,45.0,No,Yes,Yes,Private,Rural,80.43,29.2,Unknown,No,0.5062549306886058,0.1168405502723664,0.2164948453608247
47622,Male,78.0,No,Yes,Yes,Self-employed,Urban,228.7,34.0,Unknown,No,0.8781697283894963,0.8013110516111162,0.2714776632302405
57124,Male,37.0,No,No,Yes,Private,Urban,120.07,33.9,smokes,No,0.4160937676096021,0.2998338103591542,0.270332187857961
19382,Female,50.0,No,No,Yes,Private,Rural,93.47,28.7,never smoked,No,0.5626056576129832,0.1770381312898162,0.2107674684994272
44179,Female,45.0,No,No,Yes,Private,Urban,80.77,21.1,never smoked,No,0.5062549306886058,0.1184101191025759,0.1237113402061855
50098,Male,54.0,No,No,Yes,Private,Rural,150.27,38.2,smokes,No,0.6076862391524851,0.4392484535130643,0.3195876288659794
24674,Male,43.0,No,No,Yes,Private,Urban,81.94,27.7,smokes,No,0.4837146399188549,0.1238112824300618,0.1993127147766323
72361,Female,37.0,No,No,Yes,Private,Urban,70.75,35.8,Unknown,No,0.4160937676096021,0.072154002400517,0.2920962199312714
14563,Male,9.0,No,No,No,children,Urban,83.83,27.1,Unknown,No,0.1005296968330891,0.1325362385744622,0.1924398625429553
40237,Female,11.0,No,No,No,children,Urban,73.66,20.5,never smoked,No,0.12306998760284,0.0855876650355461,0.1168384879725085
36523,Male,56.0,Yes,No,Yes,Private,Urban,102.37,35.6,never smoked,No,0.6302265299222359,0.2181239036100083,0.2898052691867125
65970,Female,5.0,No,No,No,children,Rural,77.83,15.6,Unknown,No,0.0554491152935872,0.1048379651001754,0.0607101947308132
1577,Female,17.0,No,No,No,Private,Urban,70.01,43.0,Unknown,No,0.1906908599120928,0.068737882005355,0.3745704467353952
51109,Female,6.0,No,No,No,children,Rural,119.88,17.8,Unknown,No,0.0667192606784627,0.2989566983658018,0.0859106529209622
5984,Female,25.0,No,No,Yes,Private,Rural,78.29,28.1,smokes,No,0.2808520229910966,0.1069614993998707,0.2038946162657503
46373,Female,57.0,No,No,Yes,Private,Rural,169.97,25.8,never smoked,No,0.6414966753071114,0.5301911180869725,0.1775486827033219
13062,Male,18.0,No,No,No,Private,Rural,123.79,20.5,Unknown,No,0.2019610052969683,0.3170067399132121,0.1168384879725085
47770,Male,2.0,No,No,No,children,Urban,80.98,19.9,Unknown,No,0.0216386791389608,0.119379558674176,0.1099656357388316
32459,Female,76.0,No,No,Yes,Govt_job,Rural,84.21,24.4,never smoked,No,0.8556294376197453,0.134290462561167,0.1615120274914089
12687,Male,1.0,No,No,No,children,Urban,101.31,18.3,Unknown,No,0.0103685337540854,0.2132305419628843,0.0916380297823596
7725,Male,54.0,No,No,Yes,Private,Urban,86.26,35.1,formerly smoked,No,0.6076862391524851,0.1437540393315483,0.284077892325315
67217,Female,45.0,No,No,Yes,Private,Urban,92.86,35.1,formerly smoked,No,0.5062549306886058,0.1742221401532638,0.284077892325315
49976,Female,54.0,No,Yes,Yes,Private,Urban,140.28,37.1,formerly smoked,No,0.6076862391524851,0.3931308281783768,0.3069873997709049
71318,Male,67.0,No,No,Yes,Govt_job,Rural,244.28,29.4,formerly smoked,No,0.7541981291558661,0.8732342350660142,0.2187857961053837
42201,Male,53.0,No,No,Yes,Private,Urban,124.16,31.7,never smoked,No,0.5964160937676096,0.318714800110793,0.2451317296678121
11232,Male,47.0,No,No,Yes,Private,Rural,93.55,31.4,never smoked,No,0.5287952214583568,0.1774074416028067,0.2416953035509736
14709,Male,44.0,No,No,Yes,Private,Urban,99.34,33.1,never smoked,No,0.4949847853037304,0.2041362755054935,0.2611683848797251
57137,Male,65.0,No,No,Yes,Private,Urban,59.87,28.5,smokes,No,0.7316578383861152,0.0219277998338103,0.2084765177548682
36858,Female,40.0,No,No,Yes,Private,Rural,72.76,24.0,formerly smoked,No,0.4499042037642285,0.0814329240144031,0.1569301260022909
50373,Female,3.0,No,No,No,children,Rural,68.34,18.0,Unknown,No,0.0329088245238363,0.0610285292216785,0.0882016036655211
51124,Male,81.0,No,No,Yes,Self-employed,Urban,61.1,27.6,smokes,No,0.9119801645441226,0.0276059458960391,0.1981672394043528
13191,Female,24.0,No,No,No,Private,Rural,120.77,16.9,never smoked,No,0.2695818776062211,0.3030652755978211,0.0756013745704467
47330,Male,9.0,No,No,No,children,Rural,60.39,16.4,Unknown,No,0.1005296968330891,0.0243283168682485,0.0698739977090492
42191,Female,52.0,No,No,Yes,Govt_job,Urban,126.34,35.1,never smoked,No,0.5851459483827341,0.3287785061397839,0.284077892325315
35332,Female,63.0,No,No,Yes,Private,Rural,93.24,28.8,never smoked,No,0.7091175476163643,0.1759763641399686,0.2119129438717067
49341,Female,78.0,No,No,Yes,Private,Rural,154.75,17.6,never smoked,No,0.8781697283894963,0.4599298310405317,0.0836197021764032
64750,Female,22.0,No,No,No,Private,Rural,62.81,21.3,never smoked,No,0.2470415868364702,0.0354999538362109,0.1260022909507445
70259,Female,2.0,No,No,No,children,Rural,65.96,19.7,Unknown,No,0.0216386791389608,0.0500415474102114,0.1076746849942726
36960,Female,79.0,No,No,Yes,Private,Rural,79.53,37.3,never smoked,No,0.8894398737743716,0.1126858092512233,0.3092783505154639
12992,Female,49.0,No,No,Yes,Private,Rural,96.85,35.5,never smoked,No,0.5513355122281077,0.1926414920136644,0.2886597938144329
4692,Female,74.0,No,No,Yes,Govt_job,Urban,251.99,25.5,never smoked,No,0.8330891468499944,0.9088265164804727,0.1741122565864833
62460,Male,62.0,No,No,Yes,Private,Rural,115.13,30.0,smokes,No,0.6978474022314888,0.2770288985319915,0.2256586483390607
72132,Male,16.0,No,No,No,children,Urban,102.3,21.9,Unknown,No,0.1794207145272174,0.2178007570861416,0.1328751431844215
41402,Male,43.44,No,No,Yes,Self-employed,Urban,78.99,45.5,never smoked,No,0.4886735038882001,0.1101929646385375,0.4032073310423826
40253,Male,27.0,No,No,No,Private,Rural,191.79,28.1,smokes,No,0.3033923137608475,0.6309205059551287,0.2038946162657503
63577,Female,50.0,Yes,No,Yes,Self-employed,Rural,68.8,34.9,never smoked,No,0.5626056576129832,0.0631520635213738,0.281786941580756
11726,Female,49.0,No,No,Yes,Govt_job,Rural,83.84,19.3,formerly smoked,No,0.5513355122281077,0.132582402363586,0.1030927835051546
13736,Male,24.0,No,No,Yes,Private,Urban,94.66,32.1,formerly smoked,No,0.2695818776062211,0.1825316221955498,0.2497136311569301
43913,Female,21.0,No,No,No,Private,Rural,107.98,26.9,never smoked,No,0.2357714414515947,0.2440217893084664,0.1901489117983963
41870,Male,17.0,No,No,No,Never_worked,Rural,61.01,32.5,Unknown,No,0.1906908599120928,0.0271904717939248,0.2542955326460481
37907,Female,22.0,No,No,No,Private,Urban,135.64,19.5,never smoked,No,0.2470415868364702,0.3717108300249283,0.1053837342497136
15987,Male,13.0,No,No,No,children,Urban,92.65,31.7,never smoked,No,0.145610278372591,0.1732527005816637,0.2451317296678121
57166,Female,21.0,No,No,No,Private,Rural,121.11,21.0,Unknown,No,0.2357714414515947,0.3046348444280307,0.122565864833906
44950,Male,51.0,Yes,No,Yes,Private,Rural,163.56,28.1,formerly smoked,No,0.5738758029978587,0.5006001292586095,0.2038946162657503
47627,Male,8.0,No,No,No,children,Urban,107.69,20.3,Unknown,No,0.0892595514482136,0.2426830394238759,0.1145475372279496
42460,Male,48.0,No,No,Yes,Self-employed,Rural,216.88,28.1,smokes,No,0.5400653668432323,0.7467454528667713,0.2038946162657503
8723,Female,16.0,No,No,No,Private,Rural,70.15,21.5,Unknown,No,0.1794207145272174,0.0693841750530883,0.1282932416953035
52559,Male,18.0,No,No,No,Private,Urban,83.02,40.4,Unknown,No,0.2019610052969683,0.1287969716554334,0.3447880870561283
937,Male,7.0,No,No,No,children,Urban,87.94,28.1,Unknown,No,0.0779894060633382,0.1515095559043486,0.2038946162657503
41271,Male,68.0,No,No,Yes,Govt_job,Urban,222.29,30.1,never smoked,No,0.7654682745407415,0.7717200627827532,0.2268041237113402
66893,Male,49.0,Yes,No,Yes,Govt_job,Urban,139.43,40.2,formerly smoked,No,0.5513355122281077,0.3892069061028529,0.3424971363115693
21491,Female,80.0,No,No,Yes,Private,Urban,213.11,34.7,never smoked,No,0.9007100191592471,0.7293417043670944,0.279495990836197
51806,Male,31.0,No,No,Yes,Private,Rural,77.23,25.9,smokes,No,0.3484728953003493,0.1020681377527467,0.1786941580756013
59412,Female,25.0,No,No,Yes,Private,Urban,58.48,23.7,never smoked,No,0.2808520229910966,0.0155110331456005,0.1534936998854524
742,Female,39.0,No,No,No,Govt_job,Rural,87.33,34.3,never smoked,No,0.4386340583793531,0.1486935647677961,0.274914089347079
42902,Male,35.0,No,No,Yes,Private,Rural,102.34,34.3,never smoked,No,0.3935534768398512,0.2179854122426369,0.274914089347079
43059,Female,71.0,No,No,Yes,Self-employed,Rural,151.3,26.3,never smoked,No,0.7992787106953679,0.4440033237928169,0.1832760595647193
61512,Female,45.0,No,No,Yes,Self-employed,Urban,144.23,22.1,formerly smoked,No,0.5062549306886058,0.4113655248822823,0.1351660939289805
10943,Female,40.0,No,No,Yes,Govt_job,Rural,110.6,33.3,formerly smoked,No,0.4499042037642285,0.2561167020589049,0.263459335624284
11447,Female,41.0,No,No,Yes,Govt_job,Urban,80.28,37.3,never smoked,No,0.461174349149104,0.1161480934355092,0.3092783505154639
29233,Female,2.0,No,No,No,children,Rural,111.02,20.5,Unknown,No,0.0216386791389608,0.258055581202105,0.1168384879725085
17762,Female,3.0,No,No,No,children,Rural,114.88,19.1,Unknown,No,0.0329088245238363,0.2758748038038962,0.1008018327605956
46284,Male,53.0,Yes,No,Yes,Self-employed,Urban,227.51,34.7,formerly smoked,No,0.5964160937676096,0.7958175607053826,0.279495990836197
1405,Male,1.88,No,No,No,children,Urban,111.65,16.3,Unknown,No,0.0202862616927758,0.2609638999169052,0.0687285223367697
38493,Male,45.0,Yes,Yes,Yes,Private,Urban,201.01,28.0,never smoked,No,0.5062549306886058,0.6734835195272827,0.2027491408934708
57953,Female,5.0,No,No,No,children,Urban,129.01,17.2,Unknown,No,0.0554491152935872,0.3411042378358415,0.0790378006872852
30746,Female,30.0,No,No,Yes,Private,Rural,124.08,41.1,Unknown,No,0.3372027499154739,0.3183454897978026,0.3528064146620848
16949,Female,49.0,Yes,No,Yes,Govt_job,Rural,107.91,25.0,Unknown,No,0.5513355122281077,0.2436986427845997,0.1683848797250859
45297,Male,68.0,Yes,No,Yes,Private,Rural,95.4,27.5,never smoked,No,0.7654682745407415,0.1859477425907118,0.1970217640320733
40251,Female,23.0,No,No,No,Private,Rural,65.9,21.5,never smoked,No,0.2583117322213457,0.0497645646754686,0.1282932416953035
27013,Male,2.0,No,No,No,children,Urban,78.98,15.1,Unknown,No,0.0216386791389608,0.1101468008494137,0.0549828178694158
7586,Male,24.0,No,No,No,Self-employed,Rural,111.33,29.6,formerly smoked,No,0.2695818776062211,0.2594866586649432,0.2210767468499427
26452,Female,41.0,No,No,Yes,Private,Rural,104.36,30.2,never smoked,No,0.461174349149104,0.2273104976456467,0.2279495990836197
16378,Female,63.0,No,No,Yes,Govt_job,Urban,123.87,34.9,Unknown,No,0.7091175476163643,0.3173760502262026,0.281786941580756
5137,Male,64.0,No,No,Yes,Self-employed,Rural,210.0,30.7,formerly smoked,No,0.7203876930012397,0.7149847659495892,0.2336769759450171
4559,Male,38.0,No,No,No,Private,Rural,86.86,36.5,Unknown,No,0.4273639129944776,0.146523866678977,0.3001145475372279
45357,Female,1.24,No,No,No,children,Rural,113.96,21.5,Unknown,No,0.0130733686464555,0.2716277352045055,0.1282932416953035
45257,Female,38.0,No,No,Yes,Private,Rural,81.28,33.2,smokes,No,0.4273639129944776,0.1207644723478903,0.2623138602520046
34386,Female,43.0,No,No,Yes,Private,Rural,102.5,50.2,never smoked,No,0.4837146399188549,0.2187240328686178,0.457044673539519
15219,Female,27.0,No,No,No,Private,Rural,78.05,22.3,never smoked,No,0.3033923137608475,0.1058535684608992,0.1374570446735395
39202,Female,59.55,Yes,Yes,Yes,Private,Urban,237.58,28.1,formerly smoked,No,0.6702355460385439,0.8423044963530607,0.2038946162657503
9076,Male,42.0,No,No,Yes,Self-employed,Urban,86.07,27.3,Unknown,No,0.4724444945339794,0.1428769273381959,0.1947308132875143
72824,Male,45.0,No,No,Yes,Private,Rural,59.05,28.3,formerly smoked,No,0.5062549306886058,0.0181423691256578,0.2061855670103093
64132,Male,67.0,No,Yes,Yes,Self-employed,Rural,95.88,31.9,Unknown,No,0.7541981291558661,0.1881636044686547,0.2474226804123711
52987,Female,34.0,No,No,Yes,Govt_job,Rural,70.18,24.9,Unknown,No,0.3822833314549758,0.0695226664204598,0.1672394043528064
17827,Male,51.0,No,No,Yes,Private,Rural,111.13,32.7,formerly smoked,No,0.5738758029978587,0.258563382882467,0.2565864833906071
29378,Female,77.0,No,No,Yes,Private,Urban,79.3,26.4,Unknown,No,0.8668995830046208,0.1116240421013756,0.1844215349369988
29327,Female,30.0,No,No,No,Self-employed,Urban,65.84,24.8,smokes,No,0.3372027499154739,0.0494875819407257,0.1660939289805269
48609,Female,81.0,No,Yes,Yes,Private,Rural,123.49,30.7,smokes,No,0.9119801645441226,0.3156218262394977,0.2336769759450171
4833,Female,12.0,No,No,No,children,Rural,207.45,25.4,smokes,No,0.1343401329877155,0.7032129997230172,0.1729667812142038
8085,Male,18.0,No,No,No,Private,Rural,143.45,32.0,smokes,No,0.2019610052969683,0.4077647493306249,0.2485681557846506
41820,Female,35.0,No,No,Yes,Govt_job,Rural,89.11,24.4,never smoked,No,0.3935534768398512,0.1569107192318345,0.1615120274914089
72474,Female,82.0,No,No,Yes,Govt_job,Rural,58.3,20.4,never smoked,No,0.923250309928998,0.0146800849413719,0.115693012600229
32094,Male,53.0,Yes,No,Yes,Self-employed,Urban,78.68,29.5,never smoked,No,0.5964160937676096,0.1087618871756994,0.2199312714776632
66818,Male,75.0,No,No,Yes,Govt_job,Urban,98.91,24.4,never smoked,No,0.8443592922348698,0.2021512325731696,0.1615120274914089
49057,Female,32.0,No,No,No,Private,Rural,67.92,22.8,smokes,No,0.3597430406852248,0.0590896500784784,0.143184421534937
18070,Female,27.0,No,No,No,Private,Rural,73.0,20.0,never smoked,No,0.3033923137608475,0.0825408549533745,0.1111111111111111
17860,Male,56.0,No,No,Yes,Private,Rural,97.5,36.3,formerly smoked,No,0.6302265299222359,0.1956421383067122,0.2978235967926689
17078,Male,71.0,No,No,Yes,Private,Urban,108.43,32.8,smokes,No,0.7992787106953679,0.246099159819038,0.2577319587628865
23836,Male,78.0,No,No,Yes,Private,Urban,90.43,34.4,formerly smoked,No,0.8781697283894963,0.1630043393961776,0.2760595647193585
5296,Female,44.0,No,No,No,Private,Urban,76.3,30.5,never smoked,No,0.4949847853037304,0.0977749053642322,0.2313860252004582
48184,Male,62.0,No,No,Yes,Private,Rural,121.27,29.7,smokes,No,0.6978474022314888,0.3053734650540116,0.2222222222222222
9511,Male,27.0,No,No,No,Private,Urban,119.67,36.9,Unknown,No,0.3033923137608475,0.2979872587942018,0.3046964490263459
19389,Female,42.0,No,Yes,Yes,Govt_job,Urban,226.93,34.2,smokes,No,0.4724444945339794,0.7931400609362016,0.2737686139747995
25559,Female,66.0,No,Yes,Yes,Govt_job,Rural,76.11,37.0,Unknown,No,0.7429279837709907,0.0968977933708798,0.3058419243986254
11770,Female,25.0,No,No,Yes,Govt_job,Urban,93.23,28.1,smokes,No,0.2808520229910966,0.1759302003508448,0.2038946162657503
34496,Female,82.0,No,No,Yes,Private,Urban,253.16,47.5,Unknown,No,0.923250309928998,0.9142276798079586,0.4261168384879725
8096,Female,49.0,No,No,Yes,Private,Urban,101.02,24.2,smokes,No,0.5513355122281077,0.2118917920782937,0.1592210767468499
49709,Female,77.0,Yes,No,Yes,Self-employed,Rural,238.53,30.6,never smoked,No,0.8668995830046208,0.8466900563198227,0.2325315005727377
19735,Female,59.0,No,No,Yes,Private,Rural,79.18,52.8,formerly smoked,No,0.6640369660768624,0.1110700766318899,0.4868270332187858
31415,Female,54.0,No,No,Yes,Private,Urban,207.79,38.6,never smoked,No,0.6076862391524851,0.7047825685532267,0.3241695303550974
71322,Female,45.0,No,No,Yes,Private,Rural,196.2,32.8,never smoked,No,0.5062549306886058,0.6512787369587295,0.2577319587628865
72337,Female,55.0,No,No,Yes,Private,Urban,231.76,42.9,never smoked,No,0.6189563845373606,0.8154371710830024,0.3734249713631156
25454,Female,13.0,No,No,No,children,Rural,93.3,25.9,Unknown,No,0.145610278372591,0.1762533468747114,0.1786941580756013
15310,Female,45.0,No,No,Yes,Private,Urban,110.47,24.7,smokes,No,0.5062549306886058,0.2555165728002954,0.1649484536082474
10245,Female,54.0,No,No,Yes,Self-employed,Rural,77.52,35.8,never smoked,No,0.6076862391524851,0.1034068876373372,0.2920962199312714
29224,Male,30.0,No,No,Yes,Private,Urban,91.23,28.1,smokes,No,0.3372027499154739,0.1666974425260825,0.2038946162657503
7550,Female,51.0,No,No,Yes,Private,Rural,216.92,31.2,Unknown,No,0.5738758029978587,0.7469301080232664,0.2394043528064146
57917,Female,47.0,No,No,Yes,Private,Urban,157.01,26.1,smokes,No,0.5287952214583568,0.4703628473825131,0.1809851088201604
24219,Male,25.0,No,No,Yes,Private,Urban,93.51,30.8,never smoked,No,0.2808520229910966,0.1772227864463115,0.2348224513172966
49023,Male,61.0,Yes,No,Yes,Self-employed,Rural,102.54,40.5,never smoked,No,0.6865772568466133,0.2189086880251131,0.3459335624284078
51020,Female,55.0,No,No,Yes,Private,Rural,87.78,25.2,formerly smoked,No,0.6189563845373606,0.1507709352783676,0.1706758304696448
52089,Female,23.0,No,No,No,Private,Urban,126.67,28.7,smokes,No,0.2583117322213457,0.3303019111808697,0.2107674684994272
29095,Male,71.0,Yes,No,Yes,Self-employed,Rural,93.6,28.1,never smoked,No,0.7992787106953679,0.1776382605484258,0.2038946162657503
41424,Male,59.0,No,Yes,Yes,Self-employed,Rural,194.98,30.4,Unknown,No,0.6640369660768624,0.6456467546856245,0.2302405498281786
7297,Male,4.0,No,No,No,children,Rural,99.96,15.2,Unknown,No,0.0441789699087118,0.2069984304311697,0.0561282932416952
68994,Male,65.0,No,No,Yes,Private,Urban,58.87,36.6,never smoked,No,0.7316578383861152,0.0173114209214292,0.3012600229095075
25935,Female,50.0,No,No,No,Self-employed,Urban,77.67,34.5,Unknown,No,0.5626056576129832,0.1040993444741944,0.277205040091638
29910,Male,42.0,No,No,Yes,Private,Urban,83.14,23.7,never smoked,No,0.4724444945339794,0.1293509371249192,0.1534936998854524
24567,Male,51.0,No,No,Yes,Self-employed,Urban,69.18,35.7,smokes,No,0.5738758029978587,0.0649062875080787,0.290950744558992
54858,Male,66.0,No,No,Yes,Govt_job,Rural,218.54,38.9,smokes,No,0.7429279837709907,0.754408641861324,0.3276059564719358
36679,Female,22.0,Yes,No,No,Private,Urban,71.22,40.0,never smoked,No,0.2470415868364702,0.0743237004893361,0.3402061855670103
59339,Male,5.0,No,No,No,children,Urban,82.41,18.4,Unknown,No,0.0554491152935872,0.1259809805188809,0.0927835051546391
18754,Male,19.0,No,No,No,Self-employed,Rural,82.07,29.0,never smoked,No,0.2132311506818438,0.1244114116886713,0.2142038946162657
34312,Female,45.0,No,No,Yes,Self-employed,Urban,73.0,20.6,never smoked,No,0.5062549306886058,0.0825408549533745,0.1179839633447881
57798,Male,12.0,No,No,No,children,Rural,127.25,28.2,Unknown,No,0.1343401329877155,0.3329794109500507,0.2050400916380297
37759,Female,53.0,No,No,Yes,Private,Rural,72.63,66.8,Unknown,No,0.5964160937676096,0.0808327947557935,0.6471935853379153
11605,Female,26.0,No,No,No,Private,Rural,108.2,26.2,never smoked,No,0.292122168375972,0.2450373926691903,0.1821305841924398
47558,Male,62.0,Yes,Yes,Yes,Private,Urban,123.95,34.8,formerly smoked,No,0.6978474022314888,0.3177453605391931,0.2806414662084764
54264,Female,81.0,Yes,No,Yes,Private,Urban,58.71,34.5,never smoked,No,0.9119801645441226,0.0165728002954482,0.277205040091638
47893,Male,63.0,No,No,Yes,Private,Rural,98.46,30.6,never smoked,No,0.7091175476163643,0.200073862062598,0.2325315005727377
3178,Female,25.0,No,No,Yes,Private,Rural,68.78,55.1,formerly smoked,No,0.2808520229910966,0.0630597359431262,0.5131729667812142
61924,Male,8.0,No,No,No,children,Rural,133.63,18.8,Unknown,No,0.0892595514482136,0.3624319084110423,0.0973654066437571
18141,Male,76.0,No,Yes,Yes,Self-employed,Rural,101.43,29.1,Unknown,No,0.8556294376197453,0.2137845074323701,0.2153493699885452
58015,Female,44.0,No,No,No,Private,Rural,65.3,22.1,smokes,No,0.4949847853037304,0.0469947373280398,0.1351660939289805
354,Female,65.0,No,No,Yes,Private,Urban,72.49,28.9,smokes,No,0.7316578383861152,0.0801865017080601,0.2130584192439862
5777,Female,54.0,No,No,Yes,Private,Urban,65.49,34.7,Unknown,No,0.6076862391524851,0.0478718493213922,0.279495990836197
43271,Female,24.0,No,No,No,Govt_job,Urban,63.4,20.3,smokes,No,0.2695818776062211,0.0382236173945157,0.1145475372279496
46210,Female,65.0,No,No,Yes,Self-employed,Rural,105.29,25.1,formerly smoked,No,0.7316578383861152,0.2316037300341612,0.1695303550973654
39714,Male,12.0,No,No,No,children,Urban,64.08,18.2,Unknown,No,0.1343401329877155,0.0413627550549349,0.0904925544100801
21785,Female,33.0,No,No,No,Private,Urban,78.34,25.5,never smoked,No,0.3710131860701003,0.1071923183454898,0.1741122565864833
36620,Female,74.0,No,No,Yes,Private,Rural,66.32,34.4,formerly smoked,No,0.8330891468499944,0.0517034438186686,0.2760595647193585
49495,Female,18.0,No,No,No,Private,Rural,168.15,48.5,never smoked,No,0.2019610052969683,0.5217893084664389,0.4375715922107675
21720,Female,77.0,No,No,Yes,Private,Rural,93.48,25.2,formerly smoked,No,0.8668995830046208,0.1770842950789401,0.1706758304696448
6304,Male,48.0,Yes,No,Yes,Self-employed,Urban,79.2,32.5,never smoked,No,0.5400653668432323,0.1111624042101376,0.2542955326460481
18887,Male,52.0,No,No,Yes,Private,Rural,107.45,42.1,formerly smoked,No,0.5851459483827341,0.2415751084849044,0.3642611683848797
30214,Male,23.0,No,No,No,Private,Rural,83.86,19.5,never smoked,No,0.2583117322213457,0.1326747299418336,0.1053837342497136
66419,Male,25.0,No,No,Yes,Private,Rural,119.96,27.7,never smoked,No,0.2808520229910966,0.2993260086787924,0.1993127147766323
57468,Female,44.0,No,No,Yes,Private,Rural,70.58,25.1,never smoked,No,0.4949847853037304,0.0713692179854122,0.1695303550973654
24218,Female,78.0,No,No,No,Private,Rural,87.7,29.6,never smoked,No,0.8781697283894963,0.1504016249653771,0.2210767468499427
69792,Female,37.0,No,No,Yes,Govt_job,Urban,65.29,32.9,never smoked,No,0.4160937676096021,0.0469485735389161,0.258877434135166
6372,Female,32.0,No,No,Yes,Private,Urban,97.14,55.9,never smoked,No,0.3597430406852248,0.193980241898255,0.5223367697594501
34664,Male,67.0,No,No,Yes,Private,Urban,110.68,25.1,formerly smoked,No,0.7541981291558661,0.2564860123718955,0.1695303550973654
40931,Female,41.0,No,No,Yes,Govt_job,Urban,91.93,24.7,smokes,No,0.461174349149104,0.1699289077647493,0.1649484536082474
28559,Male,2.0,No,No,No,children,Urban,88.54,17.5,Unknown,No,0.0216386791389608,0.1542793832517773,0.0824742268041237
15166,Female,75.0,Yes,No,Yes,Private,Urban,183.0,20.8,Unknown,No,0.8443592922348698,0.5903425353152987,0.120274914089347
49815,Female,17.0,No,No,No,Govt_job,Rural,115.93,23.3,never smoked,No,0.1906908599120928,0.2807220016618964,0.1489117983963344
1625,Female,13.0,No,No,No,children,Urban,99.13,22.8,Unknown,No,0.145610278372591,0.2031668359338934,0.143184421534937
56309,Female,25.0,No,No,Yes,Private,Rural,69.24,26.6,never smoked,No,0.2808520229910966,0.0651832702428215,0.1867124856815578
30116,Female,57.0,No,No,Yes,Private,Rural,102.28,25.5,never smoked,No,0.6414966753071114,0.217708429507894,0.1741122565864833
52034,Male,31.0,No,No,Yes,Private,Urban,71.31,25.8,never smoked,No,0.3484728953003493,0.0747391745914504,0.1775486827033219
35584,Male,61.0,No,No,Yes,Private,Rural,89.75,25.4,never smoked,No,0.6865772568466133,0.1598652017357584,0.1729667812142038
2898,Male,46.0,No,No,Yes,Private,Urban,87.66,57.3,never smoked,No,0.5175250760734813,0.1502169698088819,0.5383734249713631
16593,Male,47.0,No,No,No,Private,Rural,237.17,28.1,Unknown,No,0.5287952214583568,0.8404117809989843,0.2038946162657503
17175,Female,15.0,No,No,No,children,Urban,81.11,20.2,Unknown,No,0.1681505691423419,0.1199796879327855,0.11340206185567
63663,Male,47.0,No,No,Yes,Private,Urban,178.33,27.7,never smoked,No,0.5287952214583568,0.5687840457944788,0.1993127147766323
10603,Female,68.0,No,No,No,Private,Rural,81.38,23.1,Unknown,No,0.7654682745407415,0.1212261102391284,0.1466208476517755
40544,Male,0.4,No,No,No,children,Urban,109.56,14.3,Unknown,No,0.0036064465231601,0.2513156679900286,0.0458190148911798
49152,Female,40.0,No,No,No,Private,Rural,70.45,23.3,smokes,No,0.4499042037642285,0.0707690887268027,0.1489117983963344
1231,Female,62.0,No,No,Yes,Govt_job,Rural,73.44,23.4,Unknown,No,0.6978474022314888,0.0845720616748222,0.1500572737686139
43672,Female,45.0,No,No,Yes,Private,Urban,146.44,22.8,formerly smoked,No,0.5062549306886058,0.4215677222786446,0.143184421534937
25107,Female,47.0,No,No,Yes,Private,Urban,65.04,30.9,never smoked,No,0.5287952214583568,0.0457944788108208,0.2359679266895761
39286,Female,35.0,No,No,Yes,Self-employed,Rural,151.25,28.4,Unknown,No,0.3935534768398512,0.4437725048471978,0.2073310423825887
32766,Male,51.0,No,No,No,Private,Rural,106.41,41.9,smokes,No,0.5738758029978587,0.236774074416028,0.3619702176403207
15988,Male,60.0,Yes,No,Yes,Private,Urban,197.09,34.3,Unknown,No,0.6753071114617378,0.6553873141907488,0.274914089347079
9011,Male,59.0,No,No,Yes,Private,Urban,93.58,25.1,smokes,No,0.6640369660768624,0.1775459329701782,0.1695303550973654
38043,Female,1.24,No,No,No,children,Rural,122.04,10.3,Unknown,No,0.0130733686464555,0.3089280768165451,0.0
71721,Female,18.0,No,No,No,Private,Rural,80.06,31.8,Unknown,No,0.2019610052969683,0.1151324900747853,0.2462772050400916
14832,Female,81.0,No,Yes,Yes,Private,Urban,84.93,31.8,Unknown,No,0.9119801645441226,0.1376142553780814,0.2462772050400916
38094,Male,15.0,No,No,No,Self-employed,Urban,68.4,23.0,never smoked,No,0.1681505691423419,0.0613055119564214,0.1454753722794959
49789,Female,73.0,No,No,No,Govt_job,Urban,62.99,25.4,formerly smoked,No,0.8218190014651189,0.0363309020404395,0.1729667812142038
47350,Female,0.08,No,No,No,children,Urban,139.67,14.1,Unknown,No,0.0,0.3903148370418243,0.0435280641466208
33525,Male,53.0,No,No,Yes,Govt_job,Urban,113.4,35.1,smokes,No,0.5964160937676096,0.2690425630135722,0.284077892325315
12318,Male,45.0,No,No,Yes,Self-employed,Urban,101.92,26.9,Unknown,No,0.5062549306886058,0.2160465330994368,0.1901489117983963
54553,Male,70.0,Yes,No,Yes,Private,Urban,65.98,33.0,formerly smoked,No,0.7880085653104925,0.050133874988459,0.2600229095074456
45976,Male,56.0,No,No,Yes,Private,Urban,84.3,22.1,Unknown,No,0.6302265299222359,0.1347059366632813,0.1351660939289805
43675,Female,7.0,No,No,No,children,Urban,61.42,20.8,Unknown,No,0.0779894060633382,0.0290831871480011,0.120274914089347
12915,Female,66.0,No,No,Yes,Govt_job,Rural,85.52,30.0,never smoked,No,0.7429279837709907,0.1403379189363862,0.2256586483390607
4542,Female,53.0,No,No,Yes,Govt_job,Urban,83.79,44.0,Unknown,No,0.5964160937676096,0.132351583417967,0.3860252004581902
65801,Female,20.0,No,No,No,Private,Urban,73.83,16.6,Unknown,No,0.2245012960667192,0.0863724494506509,0.0721649484536082
59953,Female,15.0,No,No,No,Private,Rural,69.38,28.4,never smoked,No,0.1681505691423419,0.0658295632905548,0.2073310423825887
60973,Male,51.0,No,No,Yes,Private,Urban,66.11,26.3,never smoked,No,0.5738758029978587,0.0507340042470686,0.1832760595647193
68739,Male,34.0,No,No,Yes,Private,Urban,149.62,39.4,formerly smoked,No,0.3822833314549758,0.4362478072200166,0.3333333333333333
35829,Female,45.0,No,No,Yes,Private,Urban,242.84,15.7,smokes,No,0.5062549306886058,0.8665866494321853,0.0618556701030927
53909,Female,53.0,Yes,No,Yes,Private,Urban,202.66,34.1,smokes,No,0.5964160937676096,0.6811005447327116,0.2726231386025201
5799,Male,69.0,No,Yes,Yes,Private,Rural,216.9,29.8,formerly smoked,No,0.776738419925617,0.7468377804450189,0.2233676975945017
43772,Female,28.0,No,No,No,Private,Urban,103.78,23.6,Unknown,No,0.314662459145723,0.2246329978764657,0.1523482245131729
3154,Female,81.0,No,No,Yes,Self-employed,Rural,114.88,18.3,formerly smoked,No,0.9119801645441226,0.2758748038038962,0.0916380297823596
45754,Female,20.0,No,No,No,Private,Urban,75.94,28.3,never smoked,No,0.2245012960667192,0.096113008955775,0.2061855670103093
57485,Female,45.0,No,No,Yes,children,Rural,55.51,18.5,Unknown,No,0.5062549306886058,0.0018003877758286,0.0939289805269186
6128,Male,2.0,No,No,No,children,Rural,93.74,18.4,Unknown,No,0.0216386791389608,0.1782845535961591,0.0927835051546391
22623,Male,77.0,No,No,Yes,Private,Urban,71.44,24.1,smokes,No,0.8668995830046208,0.07533930385006,0.1580756013745704
37082,Female,38.0,No,No,Yes,Govt_job,Urban,58.29,25.5,formerly smoked,No,0.4273639129944776,0.0146339211522481,0.1741122565864833
64541,Male,23.0,No,No,Yes,Private,Urban,115.83,25.3,never smoked,No,0.2583117322213457,0.2802603637706582,0.1718213058419244
47037,Female,67.0,No,No,Yes,Private,Urban,102.71,39.9,formerly smoked,No,0.7541981291558661,0.2196934724402178,0.3390607101947308
48614,Male,59.0,No,No,Yes,Govt_job,Urban,99.69,28.8,smokes,No,0.6640369660768624,0.2057520081248268,0.2119129438717067
15969,Female,41.0,No,No,Yes,Self-employed,Rural,102.89,37.2,formerly smoked,No,0.461174349149104,0.2205244206444465,0.3081328751431844
17752,Male,76.0,No,Yes,Yes,Private,Urban,79.05,28.1,Unknown,No,0.8556294376197453,0.1104699473732803,0.2038946162657503
50889,Female,21.0,No,No,No,Govt_job,Rural,56.63,49.8,never smoked,No,0.2357714414515947,0.0069707321576955,0.4524627720504009
56459,Male,41.0,No,No,Yes,Private,Rural,87.34,34.3,formerly smoked,No,0.461174349149104,0.1487397285569199,0.274914089347079
34163,Male,54.0,No,No,Yes,Private,Rural,109.51,29.0,never smoked,No,0.6076862391524851,0.2510848490444096,0.2142038946162657
4538,Female,29.0,No,No,No,Private,Urban,81.43,28.1,formerly smoked,No,0.3259326045305984,0.1214569291847475,0.2038946162657503
14222,Female,25.0,No,No,No,Private,Urban,78.59,37.2,never smoked,No,0.2808520229910966,0.1083464130735851,0.3081328751431844
31461,Female,48.0,No,Yes,Yes,Self-employed,Urban,101.22,28.1,formerly smoked,No,0.5400653668432323,0.21281506786077,0.2038946162657503
34001,Female,6.0,No,No,No,children,Urban,78.26,19.4,Unknown,No,0.0667192606784627,0.1068230080324993,0.1042382588774341
48964,Male,21.0,No,No,No,Private,Rural,105.47,26.2,never smoked,No,0.2357714414515947,0.2324346782383898,0.1821305841924398
40393,Female,32.0,No,No,No,Private,Urban,68.19,21.1,never smoked,No,0.3597430406852248,0.0603360723848213,0.1237113402061855
16488,Female,57.0,Yes,No,Yes,Private,Urban,210.0,28.1,never smoked,No,0.6414966753071114,0.7149847659495892,0.2038946162657503
47947,Female,64.0,No,No,Yes,Self-employed,Rural,114.47,31.6,smokes,No,0.7203876930012397,0.2739820884498199,0.2439862542955326
51149,Male,70.0,No,No,Yes,Private,Urban,66.85,29.3,Unknown,No,0.7880085653104925,0.0541501246422306,0.2176403207331042
17079,Male,44.0,No,No,Yes,Private,Rural,94.71,28.4,smokes,No,0.4949847853037304,0.1827624411411688,0.2073310423825887
44781,Female,60.0,No,Yes,Yes,Private,Urban,208.05,35.3,smokes,No,0.6753071114617378,0.7059828270704459,0.286368843069874
29385,Female,56.0,No,No,Yes,Private,Rural,222.6,40.1,smokes,No,0.6302265299222359,0.7731511402455913,0.3413516609392898
53610,Male,53.0,No,No,Yes,Private,Urban,80.81,39.0,formerly smoked,No,0.5964160937676096,0.1185947742590712,0.3287514318442153
48210,Male,59.0,No,No,Yes,Private,Rural,64.51,31.5,never smoked,No,0.6640369660768624,0.0433477979872588,0.2428407789232531
48072,Female,53.0,Yes,No,Yes,Private,Urban,151.56,28.5,Unknown,No,0.5964160937676096,0.445203582310036,0.2084765177548682
32776,Male,63.0,No,No,Yes,Private,Urban,199.14,28.5,never smoked,No,0.7091175476163643,0.66485089096113,0.2084765177548682
8960,Female,42.0,No,No,No,Self-employed,Rural,73.41,56.0,smokes,No,0.4724444945339794,0.0844335703074508,0.5234822451317297
63491,Female,63.0,No,No,Yes,Private,Urban,109.65,28.6,formerly smoked,No,0.7091175476163643,0.251731142092143,0.2096219931271477
51883,Female,45.0,No,No,Yes,Govt_job,Rural,69.11,35.2,never smoked,No,0.5062549306886058,0.0645831409842119,0.2852233676975945
20460,Female,62.0,No,No,Yes,Private,Urban,114.41,32.5,never smoked,No,0.6978474022314888,0.273705105715077,0.2542955326460481
47181,Female,68.0,No,No,Yes,Private,Urban,103.46,35.9,never smoked,No,0.7654682745407415,0.2231557566245037,0.2932416953035509
35432,Female,36.0,No,No,Yes,Private,Rural,95.36,25.1,never smoked,No,0.4048236222247267,0.1857630874342166,0.1695303550973654
44010,Female,3.0,No,No,No,children,Urban,57.33,16.8,Unknown,No,0.0329088245238363,0.0102021973963622,0.0744558991981672
50841,Female,40.0,No,No,Yes,Private,Rural,191.48,27.9,smokes,No,0.4499042037642285,0.6294894284922906,0.2016036655211912
71044,Female,8.0,No,No,No,children,Rural,71.63,16.3,Unknown,No,0.0892595514482136,0.0762164158434124,0.0687285223367697
1842,Male,58.0,No,No,Yes,Private,Urban,94.0,28.1,Unknown,No,0.6527668206919869,0.1794848121133782,0.2038946162657503
34720,Male,45.0,No,Yes,Yes,Private,Rural,93.77,28.1,Unknown,No,0.5062549306886058,0.1784230449635306,0.2038946162657503
9489,Female,65.0,No,No,Yes,Private,Urban,84.75,21.4,Unknown,No,0.7316578383861152,0.1367833071738528,0.127147766323024
28725,Female,45.0,No,No,No,Private,Rural,89.24,32.7,formerly smoked,No,0.5062549306886058,0.157510848490444,0.2565864833906071
30290,Female,40.0,No,No,Yes,Private,Urban,70.13,23.6,never smoked,No,0.4499042037642285,0.0692918474748407,0.1523482245131729
13723,Female,65.0,No,No,Yes,Private,Urban,82.26,19.8,formerly smoked,No,0.7316578383861152,0.1252885236820238,0.1088201603665521
26328,Male,58.0,Yes,No,Yes,Private,Urban,200.16,33.1,never smoked,No,0.6527668206919869,0.6695595974517587,0.2611683848797251
60104,Male,44.0,No,No,Yes,Private,Urban,80.73,28.1,smokes,No,0.4949847853037304,0.1182254639460807,0.2038946162657503
48722,Female,54.0,No,No,Yes,Private,Urban,75.09,38.9,formerly smoked,No,0.6076862391524851,0.0921890868802511,0.3276059564719358
14481,Female,79.0,No,No,Yes,Self-employed,Urban,80.57,23.8,never smoked,No,0.8894398737743716,0.1174868433200996,0.1546391752577319
67963,Female,62.0,Yes,No,No,Private,Rural,77.04,33.8,formerly smoked,No,0.6978474022314888,0.1011910257593943,0.2691867124856815
70752,Male,37.0,No,No,Yes,Private,Urban,145.26,26.7,Unknown,No,0.4160937676096021,0.4161203951620348,0.1878579610538373
52419,Male,66.0,No,No,Yes,Private,Urban,190.4,28.1,formerly smoked,No,0.7429279837709907,0.624503739266919,0.2038946162657503
14711,Male,63.0,No,No,Yes,Self-employed,Urban,82.08,32.2,formerly smoked,No,0.7091175476163643,0.1244575754777952,0.2508591065292097
26366,Female,27.0,No,No,No,Private,Rural,103.35,28.1,formerly smoked,No,0.3033923137608475,0.2226479549441418,0.2038946162657503
12436,Male,6.0,No,No,No,children,Urban,97.46,21.3,Unknown,No,0.0667192606784627,0.1954574831502169,0.1260022909507445
36722,Female,30.0,No,No,Yes,Private,Urban,123.65,44.0,smokes,No,0.3372027499154739,0.3163604468654787,0.3860252004581902
37698,Female,15.0,No,No,No,children,Urban,87.96,21.5,formerly smoked,No,0.1681505691423419,0.1516018834825962,0.1282932416953035
55235,Female,50.0,No,No,Yes,Self-employed,Urban,85.92,37.3,smokes,No,0.5626056576129832,0.1421844705013387,0.3092783505154639
20468,Female,32.0,No,No,Yes,Private,Urban,80.8,44.8,never smoked,No,0.3597430406852248,0.1185486104699473,0.3951890034364261
14677,Female,33.0,No,No,Yes,Self-employed,Rural,99.3,21.4,never smoked,No,0.3710131860701003,0.2039516203489982,0.127147766323024
44171,Male,62.0,No,No,Yes,Private,Rural,62.56,32.3,never smoked,No,0.6978474022314888,0.0343458591081156,0.2520045819014891
70344,Male,82.0,No,No,Yes,Private,Urban,144.2,35.4,smokes,No,0.923250309928998,0.4112270335149108,0.2875143184421534
8470,Female,71.0,No,No,Yes,Private,Urban,71.38,19.7,never smoked,No,0.7992787106953679,0.0750623211153171,0.1076746849942726
42743,Female,20.0,No,No,No,Private,Urban,95.5,31.3,Unknown,No,0.2245012960667192,0.1864093804819499,0.2405498281786941
13949,Female,44.0,No,No,Yes,Govt_job,Urban,67.06,35.5,never smoked,No,0.4949847853037304,0.0551195642138306,0.2886597938144329
61096,Male,57.0,No,No,Yes,Private,Rural,70.16,25.8,formerly smoked,No,0.6414966753071114,0.0694303388422121,0.1775486827033219
19239,Female,50.0,No,No,Yes,Govt_job,Urban,104.24,32.8,Unknown,No,0.5626056576129832,0.226756532176161,0.2577319587628865
70447,Male,50.0,No,No,Yes,Private,Rural,122.48,35.9,smokes,No,0.5626056576129832,0.3109592835379928,0.2932416953035509
6879,Female,44.0,No,No,No,Govt_job,Urban,215.9,41.8,smokes,No,0.4949847853037304,0.7422214015326378,0.3608247422680412
37451,Female,47.0,No,No,Yes,Govt_job,Rural,108.56,27.3,formerly smoked,No,0.5287952214583568,0.2466992890776475,0.1947308132875143
5686,Male,35.0,No,No,Yes,Private,Urban,69.88,27.7,Unknown,No,0.3935534768398512,0.0681377527467454,0.1993127147766323
4789,Male,8.0,No,No,No,children,Rural,91.54,13.4,Unknown,No,0.0892595514482136,0.1681285199889207,0.0355097365406643
897,Male,3.0,No,No,No,children,Rural,65.85,17.0,Unknown,No,0.0329088245238363,0.0495337457298494,0.0767468499427262
69553,Female,29.0,No,No,Yes,Private,Rural,60.74,20.0,never smoked,No,0.3259326045305984,0.0259440494875819,0.1111111111111111
58438,Male,36.0,No,No,No,Private,Rural,233.52,40.9,never smoked,No,0.4048236222247267,0.8235619979687933,0.3505154639175257
29104,Female,19.0,No,No,No,Private,Urban,110.7,38.5,never smoked,No,0.2132311506818438,0.2565783399501431,0.3230240549828179
26862,Female,41.0,No,No,Yes,Govt_job,Rural,78.93,30.9,formerly smoked,No,0.461174349149104,0.1099159819037947,0.2359679266895761
38036,Female,23.0,No,No,No,Private,Urban,124.5,33.4,Unknown,No,0.2583117322213457,0.3202843689410026,0.2646048109965636
36666,Male,14.0,No,No,No,children,Urban,57.95,17.1,Unknown,No,0.1568804237574664,0.0130643523220386,0.0778923253150057
16316,Male,35.0,No,No,Yes,Private,Rural,92.82,28.6,Unknown,No,0.3935534768398512,0.1740374849967685,0.2096219931271477
61365,Male,45.0,No,No,Yes,Private,Rural,58.25,24.0,smokes,No,0.5062549306886058,0.0144492659957529,0.1569301260022909
12512,Female,52.0,Yes,No,Yes,Private,Rural,213.54,32.0,never smoked,No,0.5851459483827341,0.7313267472994183,0.2485681557846506
31835,Male,19.0,No,No,No,Private,Urban,74.86,28.4,never smoked,No,0.2132311506818438,0.0911273197304034,0.2073310423825887
4099,Female,21.0,No,No,No,Private,Urban,78.35,20.3,Unknown,No,0.2357714414515947,0.1072384821346136,0.1145475372279496
26893,Male,8.0,No,No,No,children,Urban,101.26,33.8,Unknown,No,0.0892595514482136,0.2129997230172652,0.2691867124856815
35143,Female,35.0,No,No,Yes,Private,Urban,86.87,43.2,Unknown,No,0.3935534768398512,0.1465700304681008,0.3768613974799543
1486,Female,33.0,No,No,Yes,Private,Rural,124.01,22.7,Unknown,No,0.3710131860701003,0.3180223432739359,0.1420389461626575
5043,Female,53.0,No,No,Yes,Private,Urban,83.41,29.9,never smoked,No,0.5964160937676096,0.1305973594312621,0.2245131729667812
2513,Male,43.92,No,Yes,Yes,Govt_job,Urban,188.69,28.1,formerly smoked,No,0.4940831736729404,0.6166097313267472,0.2038946162657503
5451,Male,34.0,No,No,Yes,Private,Rural,86.51,28.1,formerly smoked,No,0.3822833314549758,0.1449081340596436,0.2038946162657503
3640,Female,30.51,No,No,No,Self-employed,Rural,70.65,29.9,Unknown,No,0.3429505240617604,0.0716923645092789,0.2245131729667812
17835,Female,45.0,No,No,No,Self-employed,Rural,92.4,22.7,Unknown,No,0.5062549306886058,0.1720986058535684,0.1420389461626575
26826,Female,61.0,No,No,Yes,Self-employed,Urban,73.36,16.1,never smoked,No,0.6865772568466133,0.0842027513618317,0.0664375715922107
45713,Female,45.0,No,No,Yes,Govt_job,Urban,219.5,33.8,formerly smoked,No,0.5062549306886058,0.7588403656172098,0.2691867124856815
37660,Male,11.0,No,No,No,children,Rural,105.73,22.6,never smoked,No,0.12306998760284,0.2336349367556089,0.140893470790378
24782,Male,36.0,No,No,Yes,Private,Rural,83.79,25.5,smokes,No,0.4048236222247267,0.132351583417967,0.1741122565864833
63416,Female,16.0,No,No,No,Private,Urban,58.02,22.5,Unknown,No,0.1794207145272174,0.0133874988459052,0.1397479954180985
16953,Female,60.0,No,No,Yes,Govt_job,Rural,61.94,27.9,formerly smoked,No,0.6753071114617378,0.0314837041824392,0.2016036655211912
42082,Male,13.0,No,No,No,children,Rural,99.71,23.5,Unknown,No,0.145610278372591,0.2058443357030744,0.1512027491408934
51660,Female,69.0,No,No,Yes,Self-employed,Rural,63.19,32.2,never smoked,No,0.776738419925617,0.0372541778229157,0.2508591065292097
27135,Male,61.35,Yes,No,No,Private,Rural,107.11,28.1,smokes,No,0.6905218077313198,0.2400055396546948,0.2038946162657503
54058,Female,22.0,No,No,No,Private,Urban,56.84,29.9,smokes,No,0.2470415868364702,0.0079401717292955,0.2245131729667812
24272,Male,63.0,No,No,Yes,Govt_job,Rural,217.66,28.7,formerly smoked,No,0.7091175476163643,0.7503462284184286,0.2107674684994272
16028,Female,45.0,No,No,Yes,Private,Rural,77.19,37.2,smokes,No,0.5062549306886058,0.1018834825962515,0.3081328751431844
49645,Male,58.0,No,No,No,Private,Rural,76.22,22.2,formerly smoked,No,0.6527668206919869,0.0974055950512418,0.13631156930126
54347,Male,61.0,No,No,Yes,Self-employed,Rural,155.32,26.6,formerly smoked,No,0.6865772568466133,0.4625611670205889,0.1867124856815578
4861,Female,30.0,No,No,Yes,Private,Urban,70.67,24.6,smokes,No,0.3372027499154739,0.0717846920875265,0.1638029782359679
54353,Female,78.0,Yes,Yes,Yes,Private,Urban,227.16,41.7,never smoked,No,0.8781697283894963,0.7942018280860492,0.3596792668957618
71016,Female,68.0,No,No,Yes,Private,Rural,58.69,26.2,formerly smoked,No,0.7654682745407415,0.0164804727172006,0.1821305841924398
33768,Female,16.0,No,No,No,Self-employed,Urban,88.85,27.1,Unknown,No,0.1794207145272174,0.1557104607146154,0.1924398625429553
62681,Female,29.67,Yes,No,Yes,Private,Urban,137.94,41.8,never smoked,No,0.333483601938465,0.382328501523405,0.3608247422680412
41007,Female,39.0,No,No,Yes,Private,Urban,60.6,34.2,never smoked,No,0.4386340583793531,0.0252977564398486,0.2737686139747995
35450,Female,51.0,No,No,Yes,Private,Rural,93.67,19.2,never smoked,No,0.5738758029978587,0.1779614070722925,0.1019473081328751
62793,Male,37.0,No,No,Yes,Private,Urban,79.56,25.2,never smoked,No,0.4160937676096021,0.1128243006185947,0.1706758304696448
66592,Male,16.0,No,No,No,Private,Rural,122.46,18.7,never smoked,No,0.1794207145272174,0.3108669559597452,0.0962199312714776
33462,Male,39.0,No,No,Yes,Private,Urban,92.32,43.0,never smoked,No,0.4386340583793531,0.1717292955405779,0.3745704467353952
29804,Male,24.0,Yes,No,Yes,Private,Rural,80.63,28.2,smokes,No,0.2695818776062211,0.1177638260548425,0.2050400916380297
33906,Male,51.0,No,No,Yes,Govt_job,Urban,92.32,34.7,smokes,No,0.5738758029978587,0.1717292955405779,0.279495990836197
43510,Female,50.0,Yes,No,Yes,Govt_job,Urban,59.89,25.5,never smoked,No,0.5626056576129832,0.0220201274120579,0.1741122565864833
21202,Female,27.0,No,No,Yes,Private,Urban,80.57,39.8,smokes,No,0.3033923137608475,0.1174868433200996,0.3379152348224513
7222,Female,73.0,No,No,Yes,Self-employed,Urban,88.52,20.8,formerly smoked,No,0.8218190014651189,0.1541870556735296,0.120274914089347
13561,Female,65.0,No,No,Yes,Private,Urban,88.82,28.2,formerly smoked,No,0.7316578383861152,0.155571969347244,0.2050400916380297
29179,Female,76.0,Yes,Yes,Yes,Private,Rural,102.08,31.0,smokes,No,0.8556294376197453,0.2167851537254178,0.2371134020618556
5511,Male,66.0,No,No,Yes,Self-employed,Urban,71.38,28.1,formerly smoked,No,0.7429279837709907,0.0750623211153171,0.2038946162657503
20825,Female,53.0,No,No,Yes,Govt_job,Rural,84.9,21.6,never smoked,No,0.5964160937676096,0.13747576401071,0.129438717067583
67144,Female,65.0,No,No,Yes,Self-employed,Urban,82.21,26.2,Unknown,No,0.7316578383861152,0.1250577047364047,0.1821305841924398
15515,Female,48.0,No,No,Yes,Self-employed,Rural,209.9,28.1,smokes,No,0.5400653668432323,0.714523128058351,0.2038946162657503
3753,Female,31.0,No,No,Yes,Private,Urban,74.05,26.0,Unknown,No,0.3484728953003493,0.0873880528113747,0.1798396334478808
27279,Male,1.72,No,No,No,children,Urban,90.46,22.5,Unknown,No,0.0184830384311957,0.163142830763549,0.1397479954180985
48759,Female,45.0,No,No,Yes,Private,Rural,176.48,24.0,formerly smoked,No,0.5062549306886058,0.5602437448065737,0.1569301260022909
69524,Male,56.0,No,No,Yes,Self-employed,Urban,94.07,31.5,never smoked,No,0.6302265299222359,0.1798079586372449,0.2428407789232531
28443,Male,62.0,No,No,Yes,Self-employed,Urban,85.12,36.3,formerly smoked,No,0.6978474022314888,0.1384913673714339,0.2978235967926689
38578,Female,35.0,No,No,No,Private,Urban,71.81,25.4,Unknown,No,0.3935534768398512,0.077047364047641,0.1729667812142038
66502,Male,16.0,No,No,No,Private,Rural,111.93,32.2,never smoked,No,0.1794207145272174,0.2622564860123719,0.2508591065292097
50978,Female,31.0,No,No,Yes,Govt_job,Urban,94.4,39.8,Unknown,No,0.3484728953003493,0.1813313636783307,0.3379152348224513
9034,Male,5.0,No,No,No,children,Urban,70.0,18.6,Unknown,No,0.0554491152935872,0.0686917182162312,0.0950744558991981
16582,Male,26.0,No,No,Yes,Private,Rural,95.57,30.7,smokes,No,0.292122168375972,0.1867325270058166,0.2336769759450171
28500,Male,10.0,No,No,No,children,Urban,91.98,16.4,Unknown,No,0.1117998422179646,0.1701597267103684,0.0698739977090492
70241,Female,22.0,No,No,No,Private,Urban,66.29,20.5,smokes,No,0.2470415868364702,0.0515649524512972,0.1168384879725085
32452,Female,45.0,No,No,Yes,Self-employed,Rural,211.88,28.7,never smoked,No,0.5062549306886058,0.7236635583048656,0.2107674684994272
45573,Female,50.0,No,No,Yes,Private,Rural,76.55,29.0,smokes,No,0.5626056576129832,0.0989290000923275,0.2142038946162657
64412,Female,47.0,No,No,Yes,Private,Urban,56.67,24.4,never smoked,No,0.5287952214583568,0.0071553873141907,0.1615120274914089
66647,Male,31.0,No,No,Yes,Private,Rural,100.52,29.9,Unknown,No,0.3484728953003493,0.2095836026221032,0.2245131729667812
39450,Male,22.0,No,No,No,Private,Rural,58.96,25.3,Unknown,No,0.2470415868364702,0.0177268950235435,0.1718213058419244
57109,Female,12.0,No,No,No,children,Rural,81.66,23.5,formerly smoked,No,0.1343401329877155,0.1225186963345951,0.1512027491408934
3591,Female,63.0,Yes,No,Yes,Private,Rural,96.77,20.5,never smoked,No,0.7091175476163643,0.1922721817006739,0.1168384879725085
25138,Female,78.0,Yes,No,Yes,Private,Rural,91.63,33.5,smokes,No,0.8781697283894963,0.168543994091035,0.265750286368843
17277,Male,4.0,No,No,No,children,Urban,97.51,22.0,Unknown,No,0.0441789699087118,0.195688302095836,0.134020618556701
35333,Male,76.0,Yes,No,Yes,Private,Rural,225.6,29.0,never smoked,No,0.8556294376197453,0.7870002769827347,0.2142038946162657
18861,Male,32.0,No,No,No,Private,Rural,95.58,28.1,smokes,No,0.3597430406852248,0.1867786907949404,0.2038946162657503
15120,Female,81.0,Yes,No,Yes,Self-employed,Rural,210.23,30.7,never smoked,No,0.9119801645441226,0.7160465330994367,0.2336769759450171
29221,Female,39.0,No,No,Yes,Private,Urban,92.82,37.4,never smoked,No,0.4386340583793531,0.1740374849967685,0.3104238258877434
11412,Female,59.0,No,No,Yes,Private,Rural,234.82,51.8,never smoked,No,0.6640369660768624,0.8295632905548886,0.4753722794959908
38858,Male,2.0,No,No,No,children,Rural,65.67,16.6,Unknown,No,0.0216386791389608,0.0487027975256209,0.0721649484536082
6802,Female,37.0,No,No,Yes,Private,Urban,74.51,29.5,Unknown,No,0.4160937676096021,0.0895115871110701,0.2199312714776632
8644,Female,78.0,No,Yes,Yes,Private,Rural,81.99,27.3,formerly smoked,No,0.8781697283894963,0.1240421013756809,0.1947308132875143
54579,Female,75.0,No,No,Yes,Self-employed,Urban,87.69,27.5,formerly smoked,No,0.8443592922348698,0.1503554611762533,0.1970217640320733
41935,Male,34.0,No,No,No,Private,Rural,125.29,33.9,never smoked,No,0.3822833314549758,0.3239313082817838,0.270332187857961
17926,Female,48.0,No,No,Yes,Govt_job,Rural,111.64,27.9,Unknown,No,0.5400653668432323,0.2609177361277813,0.2016036655211912
13862,Female,13.0,No,No,No,Never_worked,Urban,70.93,22.9,never smoked,No,0.145610278372591,0.0729849506047456,0.1443298969072164
64523,Male,54.0,Yes,No,Yes,Private,Urban,89.93,32.1,never smoked,No,0.6076862391524851,0.1606961499399871,0.2497136311569301
66065,Male,13.0,No,No,No,children,Rural,137.45,18.2,Unknown,No,0.145610278372591,0.3800664758563382,0.0904925544100801
71869,Female,24.0,No,No,No,Private,Rural,72.06,30.2,formerly smoked,No,0.2695818776062211,0.0782014587757363,0.2279495990836197
11024,Female,76.0,No,No,Yes,Private,Rural,97.9,31.3,formerly smoked,No,0.8556294376197453,0.1974886898716647,0.2405498281786941
46035,Male,1.0,No,No,No,children,Urban,84.85,20.3,Unknown,No,0.0103685337540854,0.1372449450650909,0.1145475372279496
24630,Male,57.0,No,No,Yes,Private,Rural,230.59,23.2,formerly smoked,No,0.6414966753071114,0.8100360077555165,0.1477663230240549
11238,Male,46.0,No,No,Yes,Private,Rural,92.81,30.8,Unknown,No,0.5175250760734813,0.1739913212076447,0.2348224513172966
54946,Female,26.0,No,No,No,Private,Urban,168.15,22.9,never smoked,No,0.292122168375972,0.5217893084664389,0.1443298969072164
24229,Female,56.0,No,No,Yes,Self-employed,Urban,224.63,42.8,never smoked,No,0.6302265299222359,0.782522389437725,0.3722794959908362
29934,Male,34.0,No,No,No,Private,Urban,108.12,22.2,Unknown,No,0.3822833314549758,0.2446680823561998,0.13631156930126
28998,Male,25.0,No,No,No,Private,Rural,85.17,28.7,smokes,No,0.2808520229910966,0.1387221863170529,0.2107674684994272
19805,Male,60.0,No,No,No,Private,Urban,84.14,32.3,never smoked,No,0.6753071114617378,0.1339673160373003,0.2520045819014891
63668,Male,22.0,No,No,No,Private,Rural,85.57,24.2,formerly smoked,No,0.2470415868364702,0.1405687378820053,0.1592210767468499
24876,Male,35.0,No,No,Yes,Private,Urban,82.81,23.9,never smoked,No,0.3935534768398512,0.1278275320838334,0.1557846506300114
34719,Male,48.0,Yes,No,No,Private,Urban,110.53,34.2,never smoked,No,0.5400653668432323,0.2557935555350383,0.2737686139747995
48769,Female,38.0,No,No,Yes,Private,Rural,61.88,29.0,Unknown,No,0.4273639129944776,0.0312067214476964,0.2142038946162657
22536,Female,12.0,No,No,No,children,Urban,85.04,29.9,never smoked,No,0.1343401329877155,0.1381220570584433,0.2245131729667812
8760,Female,22.0,No,No,No,Private,Urban,140.4,23.0,smokes,No,0.2470415868364702,0.3936847936478626,0.1454753722794959
53126,Female,0.64,No,No,No,children,Urban,62.27,17.3,Unknown,No,0.0063112814155302,0.033007109223525,0.0801832760595647
18179,Male,13.0,No,No,No,Private,Rural,99.44,21.0,never smoked,No,0.145610278372591,0.2045979133967316,0.122565864833906
38242,Female,78.0,No,Yes,Yes,Self-employed,Rural,88.9,34.3,Unknown,No,0.8781697283894963,0.1559412796602345,0.274914089347079
68708,Female,23.0,No,No,No,Private,Urban,64.1,19.8,Unknown,No,0.2583117322213457,0.0414550826331825,0.1088201603665521
12366,Female,35.0,No,No,No,Private,Urban,97.58,24.3,Unknown,No,0.3935534768398512,0.1960114486197027,0.1603665521191294
42465,Female,78.0,Yes,No,Yes,Private,Rural,58.66,16.4,never smoked,No,0.8781697283894963,0.0163419813498291,0.0698739977090492
24638,Male,50.0,No,No,Yes,Govt_job,Urban,88.24,32.6,Unknown,No,0.5626056576129832,0.1528944695780629,0.2554410080183276
58587,Male,61.0,No,No,Yes,Private,Urban,61.32,23.7,smokes,No,0.6865772568466133,0.028621549256763,0.1534936998854524
9170,Male,60.0,No,No,Yes,Self-employed,Urban,185.71,28.1,Unknown,No,0.6753071114617378,0.6028529221678516,0.2038946162657503
36545,Female,43.0,No,No,Yes,Private,Rural,62.99,27.0,formerly smoked,No,0.4837146399188549,0.0363309020404395,0.1912943871706758
19467,Male,60.0,Yes,No,Yes,Private,Urban,86.04,25.6,smokes,No,0.6753071114617378,0.1427384359708245,0.1752577319587629
16868,Female,51.0,No,No,Yes,Private,Rural,83.3,34.0,formerly smoked,No,0.5738758029978587,0.1300895577509002,0.2714776632302405
47608,Female,21.0,No,No,No,Private,Urban,208.17,24.9,never smoked,No,0.2357714414515947,0.7065367925399316,0.1672394043528064
38440,Male,16.0,No,No,No,Private,Rural,133.2,26.3,Unknown,No,0.1794207145272174,0.3604468654787184,0.1832760595647193
23543,Female,25.0,No,No,No,Private,Rural,81.54,43.1,Unknown,No,0.2808520229910966,0.1219647308651094,0.3757159221076747
65396,Female,36.0,No,No,Yes,Private,Rural,146.61,39.6,never smoked,No,0.4048236222247267,0.4223525066937494,0.3356242840778923
34621,Female,8.0,No,No,No,children,Urban,79.33,15.2,Unknown,No,0.0892595514482136,0.1117625334687471,0.0561282932416952
23561,Female,48.0,No,No,Yes,Private,Rural,84.56,41.8,never smoked,No,0.5400653668432323,0.1359061951805004,0.3608247422680412
16091,Male,14.0,No,No,No,Private,Rural,103.44,20.1,never smoked,No,0.1568804237574664,0.2230634290462561,0.1122565864833906
63597,Female,60.0,No,No,Yes,Private,Urban,185.31,39.3,never smoked,No,0.6753071114617378,0.6010063706028991,0.3321878579610538
57533,Male,61.0,Yes,No,Yes,Private,Urban,102.53,28.3,formerly smoked,No,0.6865772568466133,0.2188625242359893,0.2061855670103093
59370,Female,60.0,No,No,Yes,Private,Urban,65.78,27.5,Unknown,No,0.6753071114617378,0.0492105992059828,0.1970217640320733
57285,Male,56.0,No,No,No,Private,Rural,62.6,33.9,never smoked,No,0.6302265299222359,0.0345305142646108,0.270332187857961
17515,Female,45.0,No,No,No,children,Rural,81.18,20.0,Unknown,No,0.5062549306886058,0.1203028344566522,0.1111111111111111
23988,Female,45.0,No,No,Yes,Private,Rural,76.68,34.8,smokes,No,0.5062549306886058,0.0995291293509371,0.2806414662084764
34958,Male,14.0,No,No,No,children,Urban,92.86,20.7,formerly smoked,No,0.1568804237574664,0.1742221401532638,0.1191294387170675
30620,Male,37.0,No,No,Yes,Private,Urban,90.95,24.6,smokes,No,0.4160937676096021,0.1654048564306158,0.1638029782359679
31811,Female,52.0,No,Yes,Yes,Private,Urban,85.66,39.4,never smoked,No,0.5851459483827341,0.1409842119841196,0.3333333333333333
1818,Female,30.0,No,No,No,Govt_job,Urban,88.2,28.1,smokes,No,0.3372027499154739,0.1527098144215677,0.2038946162657503
5478,Female,60.0,No,No,Yes,Self-employed,Urban,203.04,28.1,smokes,No,0.6753071114617378,0.6828547687194164,0.2038946162657503
26830,Female,47.0,No,No,Yes,Self-employed,Rural,68.37,29.4,smokes,No,0.5287952214583568,0.0611670205890499,0.2187857961053837
25883,Female,82.0,Yes,No,Yes,Self-employed,Urban,77.32,24.8,Unknown,No,0.923250309928998,0.102483611854861,0.1660939289805269
43657,Male,64.0,No,No,Yes,Govt_job,Rural,187.87,32.3,never smoked,No,0.7203876930012397,0.6128243006185947,0.2520045819014891
71917,Male,12.0,No,No,No,children,Rural,213.87,25.3,never smoked,No,0.1343401329877155,0.7328501523405041,0.1718213058419244
61299,Female,79.0,Yes,No,Yes,Private,Rural,119.62,39.0,Unknown,No,0.8894398737743716,0.2977564398485827,0.3287514318442153
24603,Male,77.0,No,No,Yes,Private,Urban,222.85,29.4,formerly smoked,No,0.8668995830046208,0.7743052349736865,0.2187857961053837
70654,Female,25.0,No,No,No,Private,Rural,100.82,31.9,Unknown,No,0.2808520229910966,0.2109685162958175,0.2474226804123711
49485,Female,26.0,No,No,No,Private,Rural,136.1,26.4,Unknown,No,0.292122168375972,0.3738343643246237,0.1844215349369988
61641,Male,14.0,No,No,No,children,Rural,149.42,20.6,Unknown,No,0.1568804237574664,0.4353245314375403,0.1179839633447881
12600,Female,42.0,No,No,Yes,Self-employed,Rural,79.99,26.3,never smoked,No,0.4724444945339794,0.1148093435509186,0.1832760595647193
11566,Male,37.0,No,No,Yes,Private,Rural,118.21,23.6,Unknown,No,0.4160937676096021,0.2912473455821253,0.1523482245131729
72108,Male,17.08,No,No,No,children,Rural,56.3,18.0,Unknown,No,0.1915924715428829,0.0054473271166097,0.0882016036655211
35117,Female,78.0,No,No,Yes,Self-employed,Rural,84.49,26.4,never smoked,No,0.8781697283894963,0.1355830486566337,0.1844215349369988
22967,Male,18.0,No,No,No,Private,Rural,89.61,22.0,never smoked,No,0.2019610052969683,0.1592189086880251,0.134020618556701
28913,Male,78.0,No,No,Yes,Private,Rural,100.09,30.5,Unknown,No,0.8781697283894963,0.2075985596897793,0.2313860252004582
70857,Female,55.0,No,No,Yes,Govt_job,Urban,198.36,29.1,smokes,No,0.6189563845373606,0.6612501154094729,0.2153493699885452
42229,Female,68.0,No,No,Yes,Self-employed,Rural,93.61,24.9,never smoked,No,0.7654682745407415,0.1776844243375496,0.1672394043528064
23459,Female,47.0,No,No,Yes,Private,Rural,75.43,36.4,smokes,No,0.5287952214583568,0.0937586557104607,0.2989690721649484
2209,Female,47.0,No,No,Yes,Govt_job,Urban,100.31,31.2,smokes,No,0.5287952214583568,0.2086141630505032,0.2394043528064146
38673,Female,51.0,No,No,Yes,Private,Rural,105.63,32.8,never smoked,No,0.5738758029978587,0.2331732988643707,0.2577319587628865
42184,Male,43.0,No,No,Yes,Self-employed,Rural,82.84,31.6,never smoked,No,0.4837146399188549,0.1279660234512049,0.2439862542955326
59250,Female,78.0,No,No,Yes,Govt_job,Urban,58.88,35.8,Unknown,No,0.8781697283894963,0.017357584710553,0.2920962199312714
29525,Male,43.24,No,No,Yes,Private,Urban,92.27,35.2,formerly smoked,No,0.4864194748112251,0.1714984765949589,0.2852233676975945
42713,Female,45.0,No,No,Yes,Private,Urban,115.23,28.0,never smoked,No,0.5062549306886058,0.2774905364232296,0.2027491408934708
16066,Female,53.0,Yes,Yes,Yes,Private,Urban,196.25,24.9,smokes,No,0.5964160937676096,0.6515095559043486,0.1672394043528064
33692,Female,12.0,No,No,No,children,Rural,85.97,35.7,Unknown,No,0.1343401329877155,0.1424152894469578,0.290950744558992
29232,Female,45.0,No,No,Yes,Private,Urban,114.33,30.7,smokes,No,0.5062549306886058,0.2733357954020866,0.2336769759450171
70122,Female,29.0,No,No,Yes,Private,Rural,72.52,33.9,never smoked,No,0.3259326045305984,0.0803249930754316,0.270332187857961
25305,Male,10.0,No,No,No,children,Rural,99.87,28.1,formerly smoked,No,0.1117998422179646,0.2065829563290555,0.2038946162657503
66110,Female,55.0,No,No,Yes,Private,Rural,63.47,27.8,Unknown,No,0.6189563845373606,0.0385467639183824,0.2004581901489118
69461,Female,49.0,No,No,Yes,Govt_job,Urban,90.58,23.2,Unknown,No,0.5513355122281077,0.1636967962330348,0.1477663230240549
7885,Female,23.0,No,No,No,Private,Rural,92.26,17.1,Unknown,No,0.2583117322213457,0.1714523128058351,0.0778923253150057
60050,Female,53.0,No,No,Yes,Self-employed,Urban,113.74,31.6,smokes,No,0.5964160937676096,0.2706121318437817,0.2439862542955326
21608,Male,56.0,Yes,No,Yes,Govt_job,Urban,72.79,23.8,smokes,No,0.6302265299222359,0.0815714153817745,0.1546391752577319
32150,Female,79.44,No,No,Yes,Self-employed,Rural,94.71,29.6,smokes,No,0.8943987377437168,0.1827624411411688,0.2210767468499427
48069,Female,61.0,No,No,Yes,Private,Rural,194.53,45.0,never smoked,No,0.6865772568466133,0.643569384175053,0.3974799541809851
24066,Female,45.0,No,No,Yes,Private,Urban,72.65,25.6,Unknown,No,0.5062549306886058,0.0809251223340412,0.1752577319587629
39242,Male,80.0,Yes,Yes,Yes,Private,Urban,86.68,27.7,formerly smoked,No,0.9007100191592471,0.1456929184747484,0.1993127147766323
57618,Female,47.0,No,No,Yes,Self-employed,Rural,140.39,25.5,never smoked,No,0.5287952214583568,0.3936386298587387,0.1741122565864833
14599,Female,3.0,No,No,No,children,Rural,77.87,18.3,Unknown,No,0.0329088245238363,0.1050226202566707,0.0916380297823596
27479,Male,63.0,No,No,Yes,Self-employed,Rural,104.7,21.0,formerly smoked,No,0.7091175476163643,0.2288800664758563,0.122565864833906
10238,Female,68.0,Yes,No,Yes,Private,Urban,95.82,28.6,never smoked,No,0.7654682745407415,0.1878866217339119,0.2096219931271477
49014,Female,76.0,No,No,Yes,Govt_job,Urban,204.05,23.5,never smoked,No,0.8556294376197453,0.6875173114209214,0.1512027491408934
67063,Male,62.0,No,No,Yes,Self-employed,Urban,130.56,36.1,Unknown,No,0.6978474022314888,0.3482596251500323,0.2955326460481099
38488,Female,30.0,No,No,Yes,Private,Urban,67.78,29.2,smokes,No,0.3372027499154739,0.0584433570307451,0.2164948453608247
33298,Female,44.0,No,No,Yes,Private,Urban,105.29,27.6,formerly smoked,No,0.4949847853037304,0.2316037300341612,0.1981672394043528
48739,Male,47.0,No,No,Yes,Self-employed,Urban,135.19,36.0,smokes,No,0.5287952214583568,0.3696334595143569,0.2943871706758305
52428,Male,25.0,No,No,No,Private,Urban,116.12,20.4,smokes,No,0.2808520229910966,0.2815991136552488,0.115693012600229
61171,Female,31.0,No,No,No,Private,Rural,59.63,19.9,never smoked,No,0.3484728953003493,0.0208198688948389,0.1099656357388316
40878,Male,71.0,No,No,Yes,Self-employed,Rural,56.43,29.2,formerly smoked,No,0.7992787106953679,0.0060474563752192,0.2164948453608247
61247,Female,32.0,No,No,No,Private,Rural,199.18,27.9,never smoked,No,0.3597430406852248,0.6650355461176253,0.2016036655211912
27799,Male,72.0,No,No,Yes,Private,Rural,209.26,38.1,formerly smoked,No,0.8105488560802434,0.711568645554427,0.3184421534936999
2824,Female,44.0,No,No,Yes,Govt_job,Urban,91.21,24.1,never smoked,No,0.4949847853037304,0.1666051149478349,0.1580756013745704
12376,Male,63.0,No,No,Yes,Govt_job,Urban,95.16,37.8,formerly smoked,No,0.7091175476163643,0.1848398116517403,0.3150057273768614
72435,Female,37.0,No,No,Yes,Private,Urban,217.11,29.1,never smoked,No,0.4160937676096021,0.747807220016619,0.2153493699885452
46864,Male,54.0,No,Yes,Yes,Govt_job,Urban,222.46,35.7,never smoked,No,0.6076862391524851,0.772504847197858,0.290950744558992
2019,Male,20.0,No,No,No,Private,Rural,70.96,28.1,Unknown,No,0.2245012960667192,0.073123441972117,0.2038946162657503
26154,Female,56.0,No,No,Yes,Private,Rural,82.44,34.5,never smoked,No,0.6302265299222359,0.1261194718862524,0.277205040091638
47972,Female,25.0,No,No,No,Govt_job,Rural,74.11,34.1,smokes,No,0.2808520229910966,0.0876650355461176,0.2726231386025201
47751,Female,19.0,No,No,No,Private,Urban,131.23,21.1,Unknown,No,0.2132311506818438,0.3513525990213276,0.1237113402061855
25405,Male,62.0,No,No,Yes,Govt_job,Urban,187.52,57.7,never smoked,No,0.6978474022314888,0.6112085679992614,0.5429553264604812
34525,Female,27.0,No,No,No,Private,Rural,83.26,22.2,never smoked,No,0.3033923137608475,0.129904902594405,0.13631156930126
13755,Male,5.0,No,No,No,children,Rural,99.07,20.5,Unknown,No,0.0554491152935872,0.2028898531991505,0.1168384879725085
56019,Female,20.0,No,No,No,Private,Urban,76.63,26.2,never smoked,No,0.2245012960667192,0.099298310405318,0.1821305841924398
67942,Male,45.0,No,No,No,Private,Rural,65.09,23.5,never smoked,No,0.5062549306886058,0.0460252977564398,0.1512027491408934
43806,Male,44.0,No,No,Yes,Private,Urban,142.31,29.1,smokes,No,0.4949847853037304,0.4025020773705105,0.2153493699885452
39849,Male,39.0,Yes,No,No,Private,Urban,80.99,39.8,Unknown,No,0.4386340583793531,0.1194257224632997,0.3379152348224513
7344,Male,38.0,No,No,Yes,Govt_job,Rural,237.74,21.2,never smoked,No,0.4273639129944776,0.8430431169790417,0.124856815578465
1741,Male,77.0,No,No,Yes,Private,Urban,74.26,28.1,formerly smoked,No,0.8668995830046208,0.0883574923829748,0.2038946162657503
52220,Female,26.0,No,No,No,Private,Rural,154.08,20.2,formerly smoked,No,0.292122168375972,0.4568368571692365,0.11340206185567
20129,Male,51.0,No,No,Yes,Private,Rural,78.29,30.8,never smoked,No,0.5738758029978587,0.1069614993998707,0.2348224513172966
61178,Male,39.0,No,No,Yes,Private,Urban,164.67,33.8,Unknown,No,0.4386340583793531,0.5057243098513525,0.2691867124856815
48226,Female,5.0,No,No,No,children,Rural,59.61,17.1,Unknown,No,0.0554491152935872,0.0207275413165912,0.0778923253150057
1151,Female,59.0,No,No,Yes,Self-employed,Urban,67.75,21.3,formerly smoked,No,0.6640369660768624,0.0583048656633736,0.1260022909507445
6672,Male,67.0,No,No,Yes,Private,Urban,92.73,28.1,never smoked,No,0.7541981291558661,0.1736220108946542,0.2038946162657503
10333,Female,45.0,No,No,Yes,Private,Urban,90.35,22.3,never smoked,No,0.5062549306886058,0.1626350290831871,0.1374570446735395
11134,Male,43.0,No,No,Yes,Private,Rural,77.86,28.9,never smoked,No,0.4837146399188549,0.1049764564675468,0.2130584192439862
25199,Female,80.0,No,No,Yes,Private,Rural,71.88,26.7,never smoked,No,0.9007100191592471,0.0773705105715076,0.1878579610538373
66490,Male,42.0,Yes,No,Yes,Govt_job,Urban,118.82,41.0,smokes,No,0.4724444945339794,0.2940633367186778,0.3516609392898053
10390,Female,8.0,No,No,No,children,Urban,67.33,16.7,Unknown,No,0.0892595514482136,0.0563659865201735,0.0733104238258877
33144,Female,68.0,No,No,No,Govt_job,Urban,121.66,29.1,smokes,No,0.7654682745407415,0.3071738528298402,0.2153493699885452
72497,Female,5.0,No,No,No,children,Rural,111.92,23.6,Unknown,No,0.0554491152935872,0.2622103222232481,0.1523482245131729
16783,Male,57.0,No,Yes,Yes,Self-employed,Urban,92.82,27.8,formerly smoked,No,0.6414966753071114,0.1740374849967685,0.2004581901489118
727,Male,44.0,No,No,Yes,Private,Rural,95.46,31.4,smokes,No,0.4949847853037304,0.1862247253254547,0.2416953035509736
51935,Male,16.0,No,No,No,Never_worked,Urban,59.99,28.2,never smoked,No,0.1794207145272174,0.0224817653032961,0.2050400916380297
44177,Female,60.0,No,No,Yes,Self-employed,Rural,68.96,30.8,Unknown,No,0.6753071114617378,0.0638906841473548,0.2348224513172966
2421,Female,58.0,No,No,Yes,Private,Urban,90.26,36.1,never smoked,No,0.6527668206919869,0.1622195549810728,0.2955326460481099
48693,Female,43.0,No,No,Yes,Private,Rural,91.9,32.7,formerly smoked,No,0.4837146399188549,0.1697904163973779,0.2565864833906071
5723,Female,45.0,No,No,Yes,Private,Urban,91.08,26.4,never smoked,No,0.5062549306886058,0.1660049856892253,0.1844215349369988
29470,Female,1.48,No,No,No,children,Rural,118.55,20.7,Unknown,No,0.0157782035388256,0.292816914412335,0.1191294387170675
71590,Female,5.0,No,No,No,children,Rural,102.04,18.5,Unknown,No,0.0554491152935872,0.2166004985689225,0.0939289805269186
16600,Male,9.0,No,No,No,children,Rural,65.52,33.5,Unknown,No,0.1005296968330891,0.0480103406887637,0.265750286368843
28309,Female,67.0,No,No,Yes,Private,Urban,82.09,14.1,never smoked,No,0.7541981291558661,0.124503739266919,0.0435280641466208
41911,Female,21.0,No,No,Yes,Private,Rural,149.9,23.4,Unknown,No,0.2357714414515947,0.4375403933154833,0.1500572737686139
3390,Female,36.0,No,No,Yes,Private,Rural,100.33,23.2,never smoked,No,0.4048236222247267,0.2087064906287508,0.1477663230240549
31806,Female,70.0,No,No,Yes,Private,Urban,91.25,36.0,Unknown,No,0.7880085653104925,0.1667897701043301,0.2943871706758305
68750,Male,57.0,No,No,Yes,Private,Rural,89.81,35.6,never smoked,No,0.6414966753071114,0.1601421844705013,0.2898052691867125
32840,Female,52.0,No,No,Yes,Private,Urban,97.32,21.8,smokes,No,0.5851459483827341,0.1948111901024836,0.131729667812142
49797,Female,28.0,No,No,No,Private,Rural,75.53,34.9,never smoked,No,0.314662459145723,0.0942202936016988,0.281786941580756
72096,Female,41.0,No,No,Yes,Private,Rural,121.44,20.4,never smoked,No,0.461174349149104,0.3061582494691164,0.115693012600229
13503,Male,81.0,No,No,Yes,Self-employed,Urban,83.52,25.0,never smoked,No,0.9119801645441226,0.131105161111624,0.1683848797250859
41536,Female,33.0,No,No,Yes,Govt_job,Rural,57.92,22.3,Unknown,No,0.3710131860701003,0.0129258609546671,0.1374570446735395
17441,Female,31.0,No,No,No,Self-employed,Rural,75.27,27.3,never smoked,No,0.3484728953003493,0.0930200350844797,0.1947308132875143
62238,Female,42.0,No,No,No,Private,Urban,80.24,28.9,never smoked,No,0.4724444945339794,0.1159634382790139,0.2130584192439862
737,Male,10.0,No,No,No,children,Urban,88.69,30.4,Unknown,No,0.1117998422179646,0.1549718400886344,0.2302405498281786
4627,Male,34.0,No,No,No,Private,Urban,69.09,36.9,formerly smoked,No,0.3822833314549758,0.0644908134059643,0.3046964490263459
47208,Female,70.0,No,No,Yes,Self-employed,Rural,62.67,27.7,never smoked,No,0.7880085653104925,0.0348536607884775,0.1993127147766323
6844,Male,33.0,No,No,Yes,Private,Urban,98.74,44.4,never smoked,No,0.3710131860701003,0.2013664481580648,0.3906071019473081
60001,Female,58.0,No,No,Yes,Private,Rural,56.51,28.2,smokes,No,0.6527668206919869,0.0064167666882097,0.2050400916380297
44503,Female,25.0,No,No,No,Private,Rural,65.95,35.0,never smoked,No,0.2808520229910966,0.0499953836210876,0.2829324169530355
44938,Female,1.4,No,No,No,children,Urban,129.07,20.6,Unknown,No,0.0148765919080356,0.3413812205705844,0.1179839633447881
40371,Female,47.0,No,No,Yes,Private,Urban,62.47,26.5,never smoked,No,0.5287952214583568,0.0339303850060013,0.1855670103092783
39011,Female,14.0,No,No,No,children,Urban,69.82,25.1,never smoked,No,0.1568804237574664,0.0678607700120025,0.1695303550973654
1460,Female,82.0,No,No,Yes,Private,Urban,99.68,22.2,Unknown,No,0.923250309928998,0.2057058443357031,0.13631156930126
48364,Male,52.0,No,No,Yes,Govt_job,Urban,223.35,27.3,formerly smoked,No,0.5851459483827341,0.7766134244298771,0.1947308132875143
30285,Male,72.0,No,Yes,Yes,Self-employed,Rural,74.36,27.3,never smoked,No,0.8105488560802434,0.0888191302742129,0.1947308132875143
21472,Male,52.0,No,Yes,Yes,Self-employed,Rural,102.97,41.9,formerly smoked,No,0.5851459483827341,0.220893730957437,0.3619702176403207
71182,Female,61.0,Yes,No,Yes,Govt_job,Urban,153.38,38.8,never smoked,No,0.6865772568466133,0.4536053919305696,0.3264604810996563
33412,Female,15.0,No,No,No,Private,Rural,87.1,18.3,never smoked,No,0.1681505691423419,0.1476317976179484,0.0916380297823596
16061,Female,1.56,No,No,No,children,Urban,113.4,19.5,Unknown,No,0.0166798151696156,0.2690425630135722,0.1053837342497136
60266,Male,6.0,No,No,No,children,Rural,94.88,17.2,Unknown,No,0.0667192606784627,0.1835472255562736,0.0790378006872852
70965,Male,3.0,No,No,No,children,Urban,82.73,20.8,Unknown,No,0.0329088245238363,0.1274582217708429,0.120274914089347
56736,Male,18.0,No,No,No,Private,Rural,67.8,23.8,Unknown,No,0.2019610052969683,0.0585356846089927,0.1546391752577319
6537,Female,53.0,No,No,Yes,Self-employed,Urban,84.85,24.7,never smoked,No,0.5964160937676096,0.1372449450650909,0.1649484536082474
41827,Male,58.0,No,No,Yes,Private,Rural,135.89,23.1,formerly smoked,No,0.6527668206919869,0.3728649247530236,0.1466208476517755
49480,Female,31.0,No,No,No,Private,Urban,106.13,22.4,never smoked,No,0.3484728953003493,0.2354814883205613,0.138602520045819
36704,Female,29.0,No,No,Yes,Self-employed,Rural,74.33,29.9,smokes,No,0.3259326045305984,0.0886806389068414,0.2245131729667812
8884,Female,5.0,No,No,No,children,Rural,109.4,20.0,Unknown,No,0.0554491152935872,0.2505770473640477,0.1111111111111111
49775,Male,45.0,No,No,Yes,Private,Rural,75.4,28.7,Unknown,No,0.5062549306886058,0.0936201643430893,0.2107674684994272
25777,Male,75.0,No,No,Yes,Private,Rural,87.69,26.2,formerly smoked,No,0.8443592922348698,0.1503554611762533,0.1821305841924398
2070,Male,52.0,No,No,Yes,Private,Urban,95.85,29.6,smokes,No,0.5851459483827341,0.1880251131012833,0.2210767468499427
15752,Male,39.0,No,No,Yes,Private,Urban,90.36,30.8,formerly smoked,No,0.4386340583793531,0.1626811928723109,0.2348224513172966
45915,Female,40.0,No,No,No,Private,Rural,63.45,32.7,formerly smoked,No,0.4499042037642285,0.0384544363401348,0.2565864833906071
48775,Female,45.0,Yes,No,Yes,Self-employed,Rural,201.07,21.8,Unknown,No,0.5062549306886058,0.6737605022620256,0.131729667812142
65697,Female,39.0,No,No,Yes,Private,Urban,122.91,35.7,never smoked,No,0.4386340583793531,0.3129443264703166,0.290950744558992
65229,Female,17.0,No,No,No,Private,Rural,55.41,25.4,Unknown,No,0.1906908599120928,0.0013387498845905,0.1729667812142038
56889,Male,45.0,Yes,No,Yes,Private,Urban,60.99,32.8,Unknown,No,0.5062549306886058,0.0270981442156772,0.2577319587628865
6596,Male,0.56,No,No,No,children,Rural,111.77,21.1,Unknown,No,0.0054096697847402,0.2615178653863909,0.1237113402061855
46577,Female,13.0,No,No,No,Private,Urban,77.63,31.7,never smoked,No,0.145610278372591,0.1039146893176991,0.2451317296678121
63455,Male,26.0,No,No,Yes,Private,Urban,70.61,20.0,never smoked,No,0.292122168375972,0.0715077093527836,0.1111111111111111
21724,Female,42.0,No,No,Yes,Self-employed,Urban,124.34,34.7,formerly smoked,No,0.4724444945339794,0.3195457483150217,0.279495990836197
29863,Male,44.0,No,No,No,Private,Urban,103.44,28.0,never smoked,No,0.4949847853037304,0.2230634290462561,0.2027491408934708
69249,Female,3.0,No,No,No,children,Urban,124.5,16.4,Unknown,No,0.0329088245238363,0.3202843689410026,0.0698739977090492
8968,Female,42.0,No,No,Yes,Private,Urban,208.06,28.1,smokes,No,0.4724444945339794,0.7060289908595697,0.2038946162657503
20310,Male,25.0,No,No,No,Govt_job,Urban,75.5,24.6,never smoked,No,0.2808520229910966,0.0940818022343274,0.1638029782359679
11450,Female,41.0,No,No,Yes,Self-employed,Urban,98.85,24.6,never smoked,No,0.461174349149104,0.2018742498384267,0.1638029782359679
31999,Male,51.0,No,Yes,Yes,Private,Rural,96.06,30.3,Unknown,No,0.5738758029978587,0.1889945526728834,0.2290950744558992
34133,Female,20.0,No,No,No,Private,Rural,93.74,23.7,Unknown,No,0.2245012960667192,0.1782845535961591,0.1534936998854524
44202,Female,25.0,No,No,Yes,Private,Urban,65.6,33.5,never smoked,No,0.2808520229910966,0.0483796510017542,0.265750286368843
72311,Male,18.0,No,No,No,Private,Urban,113.24,24.9,Unknown,No,0.2019610052969683,0.2683039423875911,0.1672394043528064
18704,Female,46.21,No,No,Yes,Private,Rural,94.77,48.9,Unknown,No,0.5198918066043052,0.1830394238759117,0.4421534936998854
36518,Female,51.0,No,No,Yes,Private,Urban,145.22,31.4,Unknown,No,0.5738758029978587,0.4159357400055396,0.2416953035509736
35651,Male,2.0,No,No,No,children,Urban,112.92,18.4,Unknown,No,0.0216386791389608,0.2668267011356292,0.0927835051546391
13749,Female,38.0,No,No,Yes,Private,Rural,84.79,24.2,formerly smoked,No,0.4273639129944776,0.1369679623303481,0.1592210767468499
21521,Male,64.0,No,Yes,Yes,Private,Urban,103.28,34.3,smokes,No,0.7203876930012397,0.2223248084202751,0.274914089347079
27163,Female,60.0,Yes,No,Yes,Private,Urban,109.0,28.1,Unknown,No,0.6753071114617378,0.2487304957990952,0.2038946162657503
8882,Male,22.0,No,No,No,Govt_job,Rural,96.18,25.1,never smoked,No,0.2470415868364702,0.1895485181423691,0.1695303550973654
32016,Male,71.0,Yes,No,Yes,Private,Rural,186.95,33.3,never smoked,No,0.7992787106953679,0.608577232019204,0.263459335624284
14287,Female,32.0,No,No,Yes,Private,Urban,68.66,22.6,Unknown,No,0.3597430406852248,0.0625057704736404,0.140893470790378
60139,Female,32.0,No,No,Yes,Self-employed,Rural,128.72,26.3,smokes,No,0.3597430406852248,0.339765487951251,0.1832760595647193
2447,Female,63.0,No,No,Yes,Private,Urban,85.04,29.7,formerly smoked,No,0.7091175476163643,0.1381220570584433,0.2222222222222222
42500,Male,0.24,No,No,No,children,Rural,146.97,18.5,Unknown,No,0.00180322326158,0.4240144031022066,0.0939289805269186
44391,Male,54.0,No,No,Yes,Private,Urban,65.69,21.4,never smoked,No,0.6076862391524851,0.0487951251038685,0.127147766323024
12741,Female,25.0,No,No,Yes,Private,Rural,97.52,45.5,formerly smoked,No,0.2808520229910966,0.1957344658849598,0.4032073310423826
15418,Female,80.0,No,No,Yes,Self-employed,Rural,90.43,34.2,never smoked,No,0.9007100191592471,0.1630043393961776,0.2737686139747995
69482,Female,31.0,No,No,Yes,Govt_job,Urban,81.71,32.7,Unknown,No,0.3484728953003493,0.1227495152802141,0.2565864833906071
32270,Male,53.0,No,No,Yes,Private,Rural,198.24,38.1,never smoked,No,0.5964160937676096,0.660696149939987,0.3184421534936999
50983,Male,35.0,No,No,Yes,Private,Rural,90.51,26.7,never smoked,No,0.3935534768398512,0.1633736497091681,0.1878579610538373
6493,Male,31.0,No,No,No,Private,Urban,97.78,22.6,smokes,No,0.3484728953003493,0.1969347244021789,0.140893470790378
45399,Male,60.0,No,No,Yes,Private,Urban,80.74,27.7,Unknown,No,0.6753071114617378,0.1182716277352044,0.1993127147766323
67099,Male,0.56,No,No,No,children,Rural,57.02,20.7,Unknown,No,0.0054096697847402,0.0087711199335241,0.1191294387170675
19585,Female,21.0,No,No,No,Private,Rural,93.0,25.7,never smoked,No,0.2357714414515947,0.1748684332009971,0.1764032073310423
26247,Female,78.0,No,No,Yes,Private,Rural,95.37,17.3,Unknown,No,0.8781697283894963,0.1858092512233404,0.0801832760595647
25818,Male,59.0,No,No,Yes,Govt_job,Rural,96.25,23.3,formerly smoked,No,0.6640369660768624,0.1898716646662358,0.1489117983963344
34261,Male,0.64,No,No,No,children,Rural,86.74,16.2,Unknown,No,0.0063112814155302,0.1459699012094912,0.0675830469644902
64128,Male,10.0,No,No,No,children,Urban,63.08,20.5,smokes,No,0.1117998422179646,0.0367463761425537,0.1168384879725085
62817,Male,60.0,No,No,Yes,Private,Urban,129.16,33.6,smokes,No,0.6753071114617378,0.3417966946726987,0.2668957617411225
69339,Male,11.0,No,No,No,children,Urban,99.79,20.2,Unknown,No,0.12306998760284,0.206213646016065,0.11340206185567
25919,Male,48.0,Yes,No,Yes,Self-employed,Urban,83.34,49.3,never smoked,No,0.5400653668432323,0.1302742129073954,0.4467353951890034
71978,Female,50.0,No,No,Yes,Private,Urban,95.01,26.2,formerly smoked,No,0.5626056576129832,0.1841473548148832,0.1821305841924398
1473,Male,69.0,Yes,No,Yes,Private,Urban,229.21,30.1,smokes,No,0.776738419925617,0.8036654048564306,0.2268041237113402
66546,Female,20.0,No,No,No,Private,Urban,80.08,25.1,never smoked,No,0.2245012960667192,0.1152248176530329,0.1695303550973654
56584,Female,22.0,No,No,No,Private,Rural,62.0,32.7,smokes,No,0.2470415868364702,0.0317606869171821,0.2565864833906071
38316,Male,55.0,No,No,Yes,Private,Rural,118.69,26.4,Unknown,No,0.6189563845373606,0.2934632074600683,0.1844215349369988
15647,Female,57.0,No,No,No,Private,Rural,77.57,21.0,Unknown,No,0.6414966753071114,0.1036377065829563,0.122565864833906
59933,Female,29.0,No,No,No,Private,Rural,108.75,24.1,Unknown,No,0.3259326045305984,0.2475764010709999,0.1580756013745704
3429,Female,32.0,No,No,No,Govt_job,Urban,108.23,20.4,Unknown,No,0.3597430406852248,0.2451758840365617,0.115693012600229
60963,Female,54.0,No,No,Yes,Private,Rural,151.33,30.9,formerly smoked,No,0.6076862391524851,0.4441418151601883,0.2359679266895761
67689,Male,37.0,No,No,Yes,Self-employed,Rural,82.43,39.1,Unknown,No,0.4160937676096021,0.1260733080971286,0.3298969072164948
31689,Female,58.0,No,No,Yes,Private,Rural,107.17,27.7,Unknown,No,0.6527668206919869,0.2402825223894377,0.1993127147766323
23240,Female,41.0,No,No,Yes,Private,Rural,91.46,29.5,never smoked,No,0.461174349149104,0.1677592096759302,0.2199312714776632
30850,Male,72.0,No,No,Yes,Private,Urban,81.05,30.3,Unknown,No,0.8105488560802434,0.1197027051980426,0.2290950744558992
38920,Male,0.48,No,No,No,children,Urban,73.02,28.1,Unknown,No,0.0045080581539501,0.0826331825316221,0.2038946162657503
66080,Female,32.0,No,No,No,Private,Urban,114.37,37.8,Unknown,No,0.3597430406852248,0.2735204505585819,0.3150057273768614
57263,Female,54.0,No,No,Yes,Private,Urban,100.29,30.2,never smoked,No,0.6076862391524851,0.2085218354722556,0.2279495990836197
60126,Female,79.0,No,No,Yes,Private,Urban,68.37,24.2,smokes,No,0.8894398737743716,0.0611670205890499,0.1592210767468499
64393,Male,56.0,No,No,No,Self-employed,Rural,87.95,25.2,never smoked,No,0.6302265299222359,0.1515557196934724,0.1706758304696448
69285,Female,45.0,No,No,Yes,Private,Urban,73.27,22.2,smokes,No,0.5062549306886058,0.0837872772597174,0.13631156930126
24428,Male,6.0,No,No,No,children,Rural,131.43,17.7,Unknown,No,0.0667192606784627,0.3522758748038039,0.0847651775486827
59642,Female,45.0,No,No,Yes,Private,Urban,107.29,29.6,never smoked,No,0.5062549306886058,0.2408364878589235,0.2210767468499427
12064,Male,60.0,No,No,Yes,Private,Rural,68.24,32.2,Unknown,No,0.6753071114617378,0.0605668913304403,0.2508591065292097
59737,Female,65.0,No,No,Yes,Private,Urban,74.01,28.7,smokes,No,0.7316578383861152,0.0872033976548795,0.2107674684994272
19352,Female,57.0,No,No,Yes,Private,Urban,95.4,19.5,Unknown,No,0.6414966753071114,0.1859477425907118,0.1053837342497136
61903,Male,58.0,No,No,No,Govt_job,Rural,95.75,38.5,smokes,No,0.6527668206919869,0.1875634752100452,0.3230240549828179
47701,Male,8.0,No,No,No,children,Urban,104.51,20.6,Unknown,No,0.0892595514482136,0.2280029544825039,0.1179839633447881
15225,Male,18.0,No,No,No,Private,Rural,108.87,21.5,Unknown,No,0.2019610052969683,0.2481303665404856,0.1282932416953035
66431,Male,49.0,No,No,Yes,Private,Urban,209.06,43.8,Unknown,No,0.5513355122281077,0.7106453697719508,0.3837342497136312
57236,Male,2.0,No,No,No,children,Rural,86.57,18.0,Unknown,No,0.0216386791389608,0.1451851167943864,0.0882016036655211
48453,Female,52.0,No,No,Yes,Private,Urban,120.25,28.2,Unknown,No,0.5851459483827341,0.3006647585633829,0.2050400916380297
8031,Female,63.0,No,No,Yes,Self-employed,Rural,85.51,26.6,smokes,No,0.7091175476163643,0.1402917551472625,0.1867124856815578
39139,Female,57.0,No,No,Yes,Private,Rural,84.18,35.5,never smoked,No,0.6414966753071114,0.1341519711937956,0.2886597938144329
4838,Female,50.0,No,No,Yes,Govt_job,Urban,82.37,30.7,never smoked,No,0.5626056576129832,0.1257963253623857,0.2336769759450171
22689,Male,12.0,No,No,No,children,Rural,96.15,18.7,Unknown,No,0.1343401329877155,0.1894100267749977,0.0962199312714776
37752,Female,35.0,No,No,Yes,Private,Rural,74.55,22.4,never smoked,No,0.3935534768398512,0.0896962422675653,0.138602520045819
32320,Female,35.0,No,No,Yes,Self-employed,Urban,114.45,25.2,smokes,No,0.3935534768398512,0.2738897608715723,0.1706758304696448
14889,Male,64.0,No,No,Yes,Govt_job,Rural,113.68,24.2,never smoked,No,0.7203876930012397,0.2703351491090389,0.1592210767468499
13964,Female,42.0,No,No,Yes,Private,Rural,107.91,20.5,never smoked,No,0.4724444945339794,0.2436986427845997,0.1168384879725085
31746,Female,62.0,No,No,Yes,Private,Rural,83.85,24.5,never smoked,No,0.6978474022314888,0.1326285661527098,0.1626575028636884
17492,Female,3.0,No,No,No,children,Urban,101.3,24.8,Unknown,No,0.0329088245238363,0.2131843781737604,0.1660939289805269
1499,Female,43.0,No,No,Yes,Govt_job,Rural,72.13,42.6,never smoked,No,0.4837146399188549,0.0785246052996029,0.3699885452462771
34396,Female,52.0,Yes,No,Yes,Private,Urban,94.98,23.8,never smoked,No,0.5851459483827341,0.1840088634475118,0.1546391752577319
36750,Male,64.0,Yes,No,Yes,Private,Rural,228.42,42.3,formerly smoked,No,0.7203876930012397,0.8000184655156495,0.3665521191294387
68816,Male,59.0,No,No,Yes,Private,Rural,93.9,42.2,never smoked,No,0.6640369660768624,0.1790231742221401,0.3654066437571592
16129,Female,81.0,No,No,Yes,Self-employed,Urban,93.13,26.1,Unknown,No,0.9119801645441226,0.1754685624596066,0.1809851088201604
64006,Female,15.0,No,No,No,Private,Urban,121.6,22.8,never smoked,No,0.1681505691423419,0.3068968700950973,0.143184421534937
51845,Male,50.0,No,No,Yes,Govt_job,Rural,84.4,42.3,formerly smoked,No,0.5626056576129832,0.1351675745545194,0.3665521191294387
30692,Male,73.0,No,No,Yes,Private,Rural,82.13,28.5,never smoked,No,0.8218190014651189,0.1246883944234142,0.2084765177548682
65712,Male,19.0,No,No,No,Private,Urban,73.33,23.0,never smoked,No,0.2132311506818438,0.0840642599944603,0.1454753722794959
42161,Female,30.0,No,No,Yes,Private,Urban,75.88,32.8,Unknown,No,0.3372027499154739,0.0958360262210322,0.2577319587628865
16938,Female,40.0,No,No,Yes,Self-employed,Rural,212.97,49.8,formerly smoked,No,0.4499042037642285,0.728695411319361,0.4524627720504009
16113,Female,47.0,No,No,Yes,Govt_job,Rural,100.41,23.8,never smoked,No,0.5287952214583568,0.2090758009417413,0.1546391752577319
29388,Female,66.0,No,No,Yes,Private,Urban,202.05,31.7,smokes,No,0.7429279837709907,0.6782845535961592,0.2451317296678121
65109,Male,47.0,No,No,Yes,Private,Urban,71.42,34.9,smokes,No,0.5287952214583568,0.0752469762718124,0.281786941580756
61242,Female,41.0,Yes,No,Yes,Govt_job,Rural,107.5,54.0,never smoked,No,0.461174349149104,0.2418059274305235,0.5005727376861397
65252,Female,63.0,No,No,Yes,Govt_job,Rural,55.57,26.8,formerly smoked,No,0.7091175476163643,0.0020773705105715,0.1890034364261168
49615,Female,12.0,No,No,No,children,Urban,58.14,21.3,never smoked,No,0.1343401329877155,0.013941464315391,0.1260022909507445
63511,Male,1.32,No,No,No,children,Rural,78.53,19.8,Unknown,No,0.0139749802772455,0.1080694303388422,0.1088201603665521
14089,Female,46.0,No,No,Yes,Private,Urban,78.79,42.4,smokes,No,0.5175250760734813,0.1092696888560613,0.3676975945017182
16987,Female,8.0,No,No,No,children,Urban,96.62,16.4,Unknown,No,0.0892595514482136,0.1915797248638168,0.0698739977090492
53399,Male,74.0,No,No,No,Private,Rural,65.28,28.2,never smoked,No,0.8330891468499944,0.0469024097497922,0.2050400916380297
36946,Male,85.3,No,No,Yes,Private,Rural,92.67,26.3,formerly smoked,No,0.9604417896990872,0.1733450281599113,0.1832760595647193
55522,Female,4.0,No,No,No,children,Rural,206.25,17.0,Unknown,No,0.0441789699087118,0.6976733450281599,0.0767468499427262
27954,Female,26.0,No,No,No,Private,Urban,114.18,23.3,never smoked,No,0.292122168375972,0.2726433385652295,0.1489117983963344
5355,Male,63.0,No,No,Yes,Govt_job,Rural,231.69,56.1,formerly smoked,No,0.7091175476163643,0.8151140245591357,0.5246277205040092
69069,Female,48.0,No,Yes,No,Private,Rural,101.89,25.1,smokes,No,0.5400653668432323,0.2159080417320653,0.1695303550973654
11539,Female,24.0,Yes,No,No,Private,Urban,107.22,35.3,smokes,No,0.2695818776062211,0.2405133413350567,0.286368843069874
16847,Male,47.0,No,No,No,Private,Rural,101.99,36.3,never smoked,No,0.5287952214583568,0.2163696796233034,0.2978235967926689
15873,Male,70.0,No,No,Yes,Private,Rural,72.56,30.4,formerly smoked,No,0.7880085653104925,0.0805096482319269,0.2302405498281786
15415,Female,41.0,Yes,Yes,Yes,Private,Urban,94.47,43.9,never smoked,No,0.461174349149104,0.1816545102021974,0.3848797250859106
22891,Female,42.0,No,No,Yes,Self-employed,Urban,98.76,26.4,smokes,No,0.4724444945339794,0.2014587757363124,0.1844215349369988
7394,Female,57.0,Yes,No,No,Private,Rural,116.93,28.3,never smoked,No,0.6414966753071114,0.2853383805742776,0.2061855670103093
29915,Female,51.0,No,No,No,Private,Rural,219.96,42.3,never smoked,No,0.5738758029978587,0.7609638999169052,0.3665521191294387
62607,Male,15.0,No,No,No,Private,Urban,75.77,38.0,never smoked,No,0.1681505691423419,0.0953282245406702,0.3172966781214204
24404,Male,11.0,No,No,No,children,Urban,124.35,32.7,Unknown,No,0.12306998760284,0.3195919121041454,0.2565864833906071
69666,Female,27.0,No,No,Yes,Self-employed,Urban,88.97,28.8,never smoked,No,0.3033923137608475,0.1562644261841012,0.2119129438717067
54997,Female,53.0,No,No,Yes,Self-employed,Rural,72.49,38.5,never smoked,No,0.5964160937676096,0.0801865017080601,0.3230240549828179
6199,Female,52.0,No,No,Yes,Govt_job,Rural,107.27,30.1,Unknown,No,0.5851459483827341,0.2407441602806758,0.2268041237113402
4635,Female,68.0,No,No,Yes,Private,Rural,97.96,31.3,never smoked,No,0.7654682745407415,0.1977656726064075,0.2405498281786941
3305,Male,65.0,No,No,Yes,Private,Urban,197.69,28.4,smokes,No,0.7316578383861152,0.6581571415381774,0.2073310423825887
24342,Female,23.0,No,No,No,Private,Rural,112.3,26.6,Unknown,No,0.2583117322213457,0.2639645462099529,0.1867124856815578
65093,Female,43.0,No,No,Yes,Self-employed,Urban,75.77,20.4,formerly smoked,No,0.4837146399188549,0.0953282245406702,0.115693012600229
46261,Male,55.0,No,No,Yes,Private,Urban,76.51,34.7,Unknown,No,0.6189563845373606,0.0987443449358323,0.279495990836197
42624,Female,52.0,No,No,Yes,Private,Urban,93.14,32.5,never smoked,No,0.5851459483827341,0.1755147262487305,0.2542955326460481
24735,Female,21.0,No,No,No,Private,Rural,80.84,30.7,Unknown,No,0.2357714414515947,0.1187332656264426,0.2336769759450171
50671,Male,78.0,Yes,Yes,Yes,Self-employed,Rural,199.88,29.6,formerly smoked,No,0.8781697283894963,0.6682670113562921,0.2210767468499427
1679,Male,35.0,No,No,Yes,Private,Rural,77.48,28.1,formerly smoked,No,0.3935534768398512,0.103222232480842,0.2038946162657503
66680,Female,49.0,Yes,No,Yes,Private,Rural,65.34,39.4,never smoked,No,0.5513355122281077,0.0471793924845351,0.3333333333333333
34248,Male,50.0,Yes,No,No,Private,Urban,81.96,28.1,formerly smoked,No,0.5626056576129832,0.1239036100083094,0.2038946162657503
65336,Female,27.0,No,No,Yes,Private,Urban,98.71,26.1,formerly smoked,No,0.3033923137608475,0.2012279567906933,0.1809851088201604
68333,Female,52.0,Yes,No,No,Private,Rural,170.22,27.2,formerly smoked,No,0.5851459483827341,0.5313452128150679,0.1935853379152348
60210,Female,22.0,No,No,No,Private,Urban,73.5,41.3,smokes,No,0.2470415868364702,0.0848490444095651,0.3550973654066437
11573,Female,19.0,No,No,No,Private,Rural,72.39,28.1,smokes,No,0.2132311506818438,0.0797248638168221,0.2038946162657503
67890,Male,77.0,No,Yes,Yes,Private,Urban,102.96,20.9,formerly smoked,No,0.8668995830046208,0.2208475671683131,0.1214203894616265
49254,Male,57.0,Yes,No,Yes,Private,Urban,80.72,41.5,formerly smoked,No,0.6414966753071114,0.1181793001569568,0.3573883161512027
9199,Male,13.0,No,No,No,Self-employed,Urban,74.19,31.1,formerly smoked,No,0.145610278372591,0.0880343458591081,0.2382588774341351
35402,Male,14.0,No,No,No,Private,Urban,77.12,24.5,formerly smoked,No,0.1568804237574664,0.1015603360723848,0.1626575028636884
25996,Female,29.0,No,No,Yes,Private,Urban,81.2,23.0,Unknown,No,0.3259326045305984,0.1203951620348998,0.1454753722794959
8345,Female,49.0,No,No,Yes,Private,Rural,114.76,24.7,never smoked,No,0.5513355122281077,0.2753208383344105,0.1649484536082474
63219,Male,1.24,No,No,No,children,Urban,109.97,19.3,Unknown,No,0.0130733686464555,0.2532083833441049,0.1030927835051546
8770,Male,21.0,No,No,No,Self-employed,Urban,92.87,37.0,never smoked,No,0.2357714414515947,0.1742683039423876,0.3058419243986254
22370,Male,36.0,Yes,No,No,Govt_job,Urban,113.05,31.0,smokes,No,0.4048236222247267,0.2674268303942387,0.2371134020618556
25930,Female,42.0,No,No,Yes,Private,Urban,68.24,33.1,formerly smoked,No,0.4724444945339794,0.0605668913304403,0.2611683848797251
33478,Female,56.0,No,No,No,Private,Rural,74.35,26.6,smokes,No,0.6302265299222359,0.088772966485089,0.1867124856815578
23009,Male,46.0,No,No,Yes,Private,Urban,91.08,27.7,never smoked,No,0.5175250760734813,0.1660049856892253,0.1993127147766323
24885,Male,79.0,No,Yes,Yes,Self-employed,Urban,88.83,40.3,smokes,No,0.8894398737743716,0.1556181331363678,0.3436426116838487
58591,Female,25.0,No,No,No,Private,Rural,134.33,19.5,Unknown,No,0.2808520229910966,0.3656633736497092,0.1053837342497136
44777,Male,67.0,No,No,Yes,Private,Rural,208.78,26.7,Unknown,No,0.7541981291558661,0.7093527836764841,0.1878579610538373
46363,Male,37.0,No,No,Yes,Private,Rural,66.17,26.1,never smoked,No,0.4160937676096021,0.0510109869818114,0.1809851088201604
36377,Female,44.0,No,No,Yes,Private,Rural,222.29,38.2,never smoked,No,0.4949847853037304,0.7717200627827532,0.3195876288659794
15440,Female,36.0,No,No,Yes,Private,Rural,114.16,21.3,smokes,No,0.4048236222247267,0.2725510109869818,0.1260022909507445
56420,Male,17.0,Yes,No,No,Private,Rural,61.67,97.6,Unknown,No,0.1906908599120928,0.0302372818760964,1.0
39531,Male,50.0,Yes,No,Yes,Private,Rural,220.36,40.9,formerly smoked,No,0.5626056576129832,0.7628104514818577,0.3505154639175257
55220,Male,53.0,No,No,Yes,Private,Urban,76.03,27.3,never smoked,No,0.5964160937676096,0.0965284830578894,0.1947308132875143
30731,Female,39.0,No,No,No,Self-employed,Urban,73.06,20.9,never smoked,No,0.4386340583793531,0.0828178376881174,0.1214203894616265
14479,Female,71.0,No,Yes,Yes,Private,Urban,187.88,29.2,formerly smoked,No,0.7992787106953679,0.6128704644077185,0.2164948453608247
40471,Female,18.0,No,No,No,Private,Urban,79.89,17.9,Unknown,No,0.2019610052969683,0.1143477056596805,0.0870561282932416
7384,Male,55.0,No,No,No,Self-employed,Rural,79.02,38.0,Unknown,No,0.6189563845373606,0.1103314560059089,0.3172966781214204
53422,Male,52.0,No,No,Yes,Private,Rural,191.66,26.1,smokes,No,0.5851459483827341,0.6303203766965192,0.1809851088201604
59745,Female,27.0,No,No,Yes,Private,Urban,76.74,53.9,Unknown,No,0.3033923137608475,0.0998061120856799,0.4994272623138602
24721,Male,24.0,No,No,No,Private,Urban,72.29,22.2,Unknown,No,0.2695818776062211,0.079263225925584,0.13631156930126
9644,Female,72.0,No,No,Yes,Private,Urban,92.59,24.6,formerly smoked,No,0.8105488560802434,0.1729757178469209,0.1638029782359679
50837,Male,41.0,No,No,Yes,Self-employed,Rural,80.42,33.4,formerly smoked,No,0.461174349149104,0.1167943864832425,0.2646048109965636
67941,Female,29.0,No,No,No,Self-employed,Rural,62.47,34.4,formerly smoked,No,0.3259326045305984,0.0339303850060013,0.2760595647193585
43590,Female,26.0,No,No,Yes,Private,Rural,63.94,17.6,never smoked,No,0.292122168375972,0.0407164620072015,0.0836197021764032
29014,Female,23.0,No,No,Yes,Private,Rural,77.73,19.2,never smoked,No,0.2583117322213457,0.1043763272089373,0.1019473081328751
66051,Male,43.0,No,No,Yes,Self-employed,Rural,115.79,31.8,Unknown,No,0.4837146399188549,0.2800757086141631,0.2462772050400916
70783,Female,43.0,No,No,Yes,Private,Urban,96.3,28.1,smokes,No,0.4837146399188549,0.1901024836118548,0.2038946162657503
10716,Female,49.0,No,No,Yes,Private,Rural,107.46,32.1,never smoked,No,0.5513355122281077,0.2416212722740282,0.2497136311569301
7868,Male,13.0,No,No,No,children,Rural,108.33,17.4,never smoked,No,0.145610278372591,0.2456375219277998,0.0813287514318441
58350,Female,26.0,No,No,No,Govt_job,Rural,89.37,20.2,never smoked,No,0.292122168375972,0.1581109777490536,0.11340206185567
18927,Female,10.0,No,No,No,children,Urban,93.64,23.4,Unknown,No,0.1117998422179646,0.177822915704921,0.1500572737686139
19550,Male,39.0,No,No,Yes,Private,Urban,217.75,39.5,never smoked,No,0.4386340583793531,0.7507617025205429,0.3344788087056128
31372,Female,41.0,No,No,Yes,Private,Rural,83.44,21.5,Unknown,No,0.461174349149104,0.1307358507986335,0.1282932416953035
55262,Male,25.0,No,No,Yes,Private,Rural,93.88,24.3,smokes,No,0.2808520229910966,0.1789308466438925,0.1603665521191294
50238,Male,10.0,No,No,No,children,Urban,55.34,15.3,Unknown,No,0.1117998422179646,0.0010156033607238,0.0572737686139748
2868,Female,45.0,No,No,Yes,Govt_job,Rural,102.61,32.4,Unknown,No,0.5062549306886058,0.2192318345489798,0.2531500572737686
51343,Male,7.0,No,No,No,children,Rural,62.08,16.1,Unknown,No,0.0779894060633382,0.0321299972301726,0.0664375715922107
56324,Female,53.0,No,No,Yes,Self-employed,Rural,81.76,34.3,formerly smoked,No,0.5964160937676096,0.1229803342258333,0.274914089347079
42047,Female,55.0,No,No,Yes,Self-employed,Urban,59.2,43.8,never smoked,No,0.6189563845373606,0.018834825962515,0.3837342497136312
36486,Female,6.0,No,No,No,children,Urban,55.61,19.6,Unknown,No,0.0667192606784627,0.0022620256670667,0.1065292096219931
62456,Female,72.0,No,No,Yes,Self-employed,Urban,226.88,36.7,formerly smoked,No,0.8105488560802434,0.7929092419905825,0.302405498281787
64980,Female,42.0,No,No,Yes,Govt_job,Urban,65.66,33.7,never smoked,No,0.4724444945339794,0.048656633736497,0.2680412371134021
65962,Male,50.0,No,No,Yes,Private,Urban,58.7,38.9,smokes,No,0.5626056576129832,0.0165266365063244,0.3276059564719358
47521,Female,55.0,Yes,No,Yes,Govt_job,Urban,186.4,28.0,never smoked,No,0.6189563845373606,0.6060382236173945,0.2027491408934708
41501,Female,47.0,No,No,Yes,Govt_job,Urban,122.32,23.9,Unknown,No,0.5287952214583568,0.3102206629120118,0.1557846506300114
47582,Male,3.0,No,No,No,children,Urban,59.05,16.6,Unknown,No,0.0329088245238363,0.0181423691256578,0.0721649484536082
63938,Female,49.0,No,No,Yes,Self-employed,Urban,149.13,42.9,smokes,No,0.5513355122281077,0.4339857815529498,0.3734249713631156
49627,Female,12.0,No,No,No,children,Urban,82.39,17.1,never smoked,No,0.1343401329877155,0.1258886529406333,0.0778923253150057
61291,Male,28.0,No,No,Yes,Private,Rural,169.49,27.2,Unknown,No,0.314662459145723,0.5279752562090296,0.1935853379152348
53032,Male,40.0,No,No,Yes,Private,Rural,80.25,30.3,formerly smoked,No,0.4499042037642285,0.1160096020681377,0.2290950744558992
45040,Male,55.0,No,No,Yes,Private,Urban,203.81,33.9,formerly smoked,No,0.6189563845373606,0.6864093804819499,0.270332187857961
56791,Male,9.0,No,No,No,children,Urban,170.76,20.0,Unknown,No,0.1005296968330891,0.5338380574277536,0.1111111111111111
37320,Female,77.0,No,No,Yes,Private,Rural,80.85,19.4,Unknown,No,0.8668995830046208,0.1187794294155664,0.1042382588774341
72514,Male,18.0,No,No,No,Private,Rural,120.58,21.5,never smoked,No,0.2019610052969683,0.3021881636044687,0.1282932416953035
3842,Male,41.61,No,No,Yes,Private,Rural,86.57,28.5,formerly smoked,No,0.468049137833878,0.1451851167943864,0.2084765177548682
38143,Female,67.0,Yes,No,Yes,Private,Urban,90.01,34.4,smokes,No,0.7541981291558661,0.1610654602529776,0.2760595647193585
54296,Male,45.0,No,No,Yes,Self-employed,Rural,68.84,43.7,formerly smoked,No,0.5062549306886058,0.0633367186778691,0.3825887743413517
48435,Female,2.0,No,No,No,children,Rural,155.14,13.7,Unknown,No,0.0216386791389608,0.4617302188163603,0.0389461626575028
42212,Female,38.0,No,No,Yes,Private,Urban,158.48,33.7,formerly smoked,No,0.4273639129944776,0.4771489243837133,0.2680412371134021
47607,Male,5.0,No,No,No,children,Rural,92.56,18.0,Unknown,No,0.0554491152935872,0.1728372264795494,0.0882016036655211
16535,Female,34.0,No,No,No,Private,Rural,90.15,27.9,formerly smoked,No,0.3822833314549758,0.1617117533007109,0.2016036655211912
66677,Male,78.0,No,No,Yes,Private,Rural,80.09,21.8,never smoked,No,0.8781697283894963,0.1152709814421567,0.131729667812142
57270,Female,57.0,No,No,Yes,Private,Rural,189.44,35.8,never smoked,No,0.6414966753071114,0.6200720155110331,0.2920962199312714
22414,Female,17.0,No,No,No,Private,Rural,70.03,23.1,smokes,No,0.1906908599120928,0.0688302095836026,0.1466208476517755
63401,Female,38.35,No,No,Yes,Self-employed,Rural,249.29,30.3,smokes,No,0.431308463879184,0.8963622934170435,0.2290950744558992
32252,Female,19.0,No,No,No,Private,Rural,72.52,32.0,Unknown,No,0.2132311506818438,0.0803249930754316,0.2485681557846506
17950,Male,56.0,No,No,Yes,Private,Urban,96.93,25.0,smokes,No,0.6302265299222359,0.193010802326655,0.1683848797250859
53990,Male,64.0,No,Yes,Yes,Private,Urban,211.35,30.7,formerly smoked,No,0.7203876930012397,0.7212168774813036,0.2336769759450171
20565,Male,13.0,No,No,No,children,Rural,85.87,24.3,Unknown,No,0.145610278372591,0.1419536515557197,0.1603665521191294
59993,Female,40.0,No,No,Yes,Private,Rural,60.96,11.5,never smoked,No,0.4499042037642285,0.0269596528483058,0.0137457044673539
42830,Male,80.0,No,Yes,Yes,Private,Urban,120.09,30.7,never smoked,No,0.9007100191592471,0.2999261379374019,0.2336769759450171
34721,Female,62.0,No,No,Yes,Govt_job,Urban,92.13,33.7,never smoked,No,0.6978474022314888,0.1708521835472255,0.2680412371134021
5157,Male,79.0,Yes,No,Yes,Self-employed,Urban,83.07,26.5,smokes,No,0.8894398737743716,0.1290277906010525,0.1855670103092783
48851,Female,9.0,No,No,No,children,Rural,77.67,17.6,Unknown,No,0.1005296968330891,0.1040993444741944,0.0836197021764032
26084,Female,77.0,Yes,No,Yes,Self-employed,Urban,109.51,28.1,never smoked,No,0.8668995830046208,0.2510848490444096,0.2038946162657503
23413,Female,26.0,No,No,No,Private,Urban,97.24,22.5,never smoked,No,0.292122168375972,0.1944418797894931,0.1397479954180985
49970,Male,1.72,No,No,No,children,Rural,127.29,18.5,Unknown,No,0.0184830384311957,0.3331640661065461,0.0939289805269186
72414,Male,16.0,No,No,No,Private,Urban,134.8,22.4,never smoked,No,0.1794207145272174,0.3678330717385283,0.138602520045819
21374,Female,40.0,No,No,Yes,Private,Urban,74.65,25.3,formerly smoked,No,0.4499042037642285,0.0901578801588034,0.1718213058419244
69623,Male,46.0,No,No,Yes,Private,Urban,85.84,37.3,never smoked,No,0.5175250760734813,0.1418151601883482,0.3092783505154639
40378,Male,45.0,Yes,No,Yes,Self-employed,Urban,90.43,39.7,smokes,No,0.5062549306886058,0.1630043393961776,0.3367697594501718
4671,Female,59.0,No,No,No,Private,Urban,74.35,28.0,never smoked,No,0.6640369660768624,0.088772966485089,0.2027491408934708
17295,Female,31.0,No,No,Yes,Self-employed,Urban,206.59,41.4,smokes,No,0.3484728953003493,0.6992429138583695,0.3562428407789232
55466,Female,69.0,No,Yes,Yes,Private,Urban,196.33,25.3,never smoked,No,0.776738419925617,0.6518788662173391,0.1718213058419244
65419,Male,73.0,No,Yes,Yes,Govt_job,Rural,70.23,28.1,never smoked,No,0.8218190014651189,0.0697534853660788,0.2038946162657503
34448,Female,56.0,No,No,Yes,Self-employed,Urban,242.94,41.2,never smoked,No,0.6302265299222359,0.8670482873234234,0.3539518900343643
14406,Female,80.0,No,Yes,Yes,Self-employed,Rural,103.06,28.8,never smoked,No,0.9007100191592471,0.2213092050595513,0.2119129438717067
924,Female,60.0,No,No,Yes,Govt_job,Urban,80.86,31.0,smokes,No,0.6753071114617378,0.1188255932046902,0.2371134020618556
71339,Female,40.0,No,No,Yes,Govt_job,Urban,114.32,28.3,smokes,No,0.4499042037642285,0.2732896316129627,0.2061855670103093
31443,Female,30.0,No,No,Yes,Govt_job,Urban,83.91,23.9,Unknown,No,0.3372027499154739,0.1329055488874526,0.1557846506300114
49672,Female,66.0,No,No,Yes,Govt_job,Rural,152.02,44.2,formerly smoked,No,0.7429279837709907,0.4473271166097313,0.3883161512027492
394,Male,78.0,Yes,No,Yes,Self-employed,Rural,75.19,27.6,never smoked,No,0.8781697283894963,0.0926507247714892,0.1981672394043528
63362,Female,37.0,No,No,Yes,Private,Urban,60.61,35.7,formerly smoked,No,0.4160937676096021,0.0253439202289724,0.290950744558992
59928,Female,41.0,No,No,Yes,Self-employed,Rural,89.14,37.4,formerly smoked,No,0.461174349149104,0.1570492105992059,0.3104238258877434
62289,Female,34.0,No,No,Yes,Private,Urban,97.23,27.5,Unknown,No,0.3822833314549758,0.1943957160003693,0.1970217640320733
59464,Female,18.0,No,No,No,Private,Rural,135.19,23.4,never smoked,No,0.2019610052969683,0.3696334595143569,0.1500572737686139
18680,Male,69.0,No,No,Yes,Self-employed,Urban,78.48,25.8,formerly smoked,No,0.776738419925617,0.1078386113932231,0.1775486827033219
19439,Male,67.0,No,Yes,Yes,Private,Rural,97.24,28.1,Unknown,No,0.7541981291558661,0.1944418797894931,0.2038946162657503
27017,Male,28.0,No,No,No,Private,Urban,75.92,22.8,never smoked,No,0.314662459145723,0.0960206813775274,0.143184421534937
8277,Female,3.0,No,No,No,children,Urban,93.3,19.5,Unknown,No,0.0329088245238363,0.1762533468747114,0.1053837342497136
14099,Female,57.0,No,No,Yes,Govt_job,Urban,97.39,38.0,Unknown,No,0.6414966753071114,0.1951343366263503,0.3172966781214204
37128,Male,34.0,No,No,Yes,Private,Rural,134.61,23.4,never smoked,No,0.3822833314549758,0.3669559597451759,0.1500572737686139
57774,Male,50.0,No,No,Yes,Private,Rural,104.02,29.5,never smoked,No,0.5626056576129832,0.2257409288154371,0.2199312714776632
64033,Male,55.0,No,Yes,No,Private,Urban,56.9,28.2,never smoked,No,0.6189563845373606,0.0082171544640384,0.2050400916380297
72701,Male,2.0,No,No,No,children,Rural,112.66,14.2,Unknown,No,0.0216386791389608,0.2656264426184101,0.0446735395189003
59130,Female,27.0,No,No,No,Private,Rural,226.75,28.9,Unknown,No,0.3033923137608475,0.792309112731973,0.2130584192439862
48472,Male,57.0,No,No,Yes,Private,Rural,76.28,31.4,formerly smoked,No,0.6414966753071114,0.0976825777859846,0.2416953035509736
67956,Female,73.0,No,No,Yes,Private,Urban,90.01,32.4,formerly smoked,No,0.8218190014651189,0.1610654602529776,0.2531500572737686
35602,Female,52.0,No,No,Yes,Govt_job,Rural,107.84,22.0,formerly smoked,No,0.5851459483827341,0.2433754962607331,0.134020618556701
13818,Female,65.0,No,No,Yes,Private,Rural,71.06,26.4,never smoked,No,0.7316578383861152,0.0735850798633552,0.1844215349369988
34661,Male,48.0,Yes,No,Yes,Private,Urban,185.0,26.1,never smoked,No,0.5400653668432323,0.5995752931400609,0.1809851088201604
64895,Male,54.0,Yes,No,Yes,Self-employed,Rural,104.42,37.6,smokes,No,0.6076862391524851,0.2275874803803896,0.3127147766323024
21969,Male,8.0,No,No,No,children,Urban,89.57,18.8,Unknown,No,0.0892595514482136,0.1590342535315298,0.0973654066437571
38320,Male,45.0,Yes,No,Yes,Private,Rural,136.2,23.8,Unknown,No,0.5062549306886058,0.3742960022158618,0.1546391752577319
42040,Female,48.0,No,No,Yes,Govt_job,Urban,128.23,49.4,never smoked,No,0.5400653668432323,0.3375034622841842,0.4478808705612829
31857,Female,77.0,No,No,Yes,Self-employed,Rural,104.23,23.8,smokes,No,0.8668995830046208,0.2267103683870372,0.1546391752577319
64494,Female,34.0,No,No,Yes,Private,Urban,133.82,20.4,never smoked,No,0.3822833314549758,0.3633090204043947,0.115693012600229
34764,Female,33.0,No,No,Yes,Private,Rural,80.82,40.3,never smoked,No,0.3710131860701003,0.1186409380481949,0.3436426116838487
20673,Male,39.0,No,No,Yes,Private,Rural,102.35,23.6,never smoked,No,0.4386340583793531,0.2180315760317606,0.1523482245131729
64817,Male,39.0,No,No,Yes,Self-employed,Rural,88.48,34.3,never smoked,No,0.4386340583793531,0.1540024005170344,0.274914089347079
72450,Male,40.0,No,No,Yes,Private,Rural,88.81,32.7,Unknown,No,0.4499042037642285,0.1555258055581202,0.2565864833906071
13988,Female,46.0,No,No,Yes,Private,Rural,75.09,28.7,never smoked,No,0.5175250760734813,0.0921890868802511,0.2107674684994272
54985,Female,1.0,No,No,No,children,Urban,199.83,24.5,Unknown,No,0.0103685337540854,0.6680361924106731,0.1626575028636884
6049,Female,5.0,No,No,No,children,Rural,73.69,24.8,Unknown,No,0.0554491152935872,0.0857261564029175,0.1660939289805269
13380,Male,14.0,No,No,No,children,Urban,111.27,23.2,Unknown,No,0.1568804237574664,0.2592096759302003,0.1477663230240549
64371,Female,49.0,No,No,Yes,Self-employed,Rural,68.44,23.0,smokes,No,0.5513355122281077,0.0614901671129166,0.1454753722794959
50295,Female,45.0,No,No,Yes,Private,Urban,65.36,39.3,never smoked,No,0.5062549306886058,0.0472717200627827,0.3321878579610538
14404,Female,13.0,No,No,No,children,Urban,94.12,20.1,never smoked,No,0.145610278372591,0.180038777582864,0.1122565864833906
58645,Female,76.0,No,No,Yes,Private,Rural,96.24,25.4,never smoked,No,0.8556294376197453,0.1898255008771119,0.1729667812142038
19419,Male,14.0,No,No,No,children,Rural,91.25,23.8,Unknown,No,0.1568804237574664,0.1667897701043301,0.1546391752577319
24518,Female,20.0,No,No,No,Private,Rural,77.29,28.4,never smoked,No,0.2245012960667192,0.1023451204874896,0.2073310423825887
53494,Female,9.0,No,No,No,children,Rural,125.09,15.4,Unknown,No,0.1005296968330891,0.3230080324993075,0.0584192439862542
42599,Female,78.0,No,Yes,Yes,Private,Urban,107.18,28.2,never smoked,No,0.8781697283894963,0.2403286861785615,0.2050400916380297
68370,Male,49.0,No,No,Yes,Private,Urban,130.07,26.0,never smoked,No,0.5513355122281077,0.3459975994829655,0.1798396334478808
57813,Female,55.0,No,No,Yes,Private,Urban,57.3,41.5,never smoked,No,0.6189563845373606,0.0100637060289908,0.3573883161512027
1329,Female,43.0,No,No,No,Govt_job,Rural,101.35,32.2,never smoked,No,0.4837146399188549,0.2134151971193795,0.2508591065292097
15255,Female,16.0,No,No,No,Private,Rural,94.03,25.7,never smoked,No,0.1794207145272174,0.1796233034807497,0.1764032073310423
65680,Male,58.0,No,Yes,Yes,Self-employed,Urban,227.81,33.0,formerly smoked,No,0.6527668206919869,0.797202474379097,0.2600229095074456
32974,Male,67.0,No,No,Yes,Govt_job,Urban,66.67,35.0,smokes,No,0.7541981291558661,0.053319176438002,0.2829324169530355
5863,Female,71.0,No,No,Yes,Private,Urban,240.81,27.4,never smoked,No,0.7992787106953679,0.8572154002400517,0.1958762886597937
10584,Male,8.0,No,No,No,children,Urban,88.02,16.4,Unknown,No,0.0892595514482136,0.1518788662173391,0.0698739977090492
38675,Female,18.0,No,No,No,Private,Urban,152.87,31.5,Unknown,No,0.2019610052969683,0.4512510386852553,0.2428407789232531
47600,Female,47.0,No,No,Yes,Private,Urban,96.04,29.2,Unknown,No,0.5287952214583568,0.1889022250946358,0.2164948453608247
48246,Male,59.0,No,No,Yes,Private,Urban,60.35,25.9,formerly smoked,No,0.6640369660768624,0.0241436617117533,0.1786941580756013
61743,Male,28.0,No,No,No,Govt_job,Urban,118.66,32.3,never smoked,No,0.314662459145723,0.2933247160926969,0.2520045819014891
3879,Female,20.0,No,No,No,Private,Urban,89.03,28.1,smokes,No,0.2245012960667192,0.156541408918844,0.2038946162657503
58086,Male,67.0,No,No,Yes,Private,Urban,58.51,30.4,formerly smoked,No,0.7541981291558661,0.015649524512972,0.2302405498281786
53957,Male,71.0,No,No,Yes,Self-employed,Urban,96.04,45.1,formerly smoked,No,0.7992787106953679,0.1889022250946358,0.3986254295532646
40137,Female,56.0,No,No,Yes,Self-employed,Rural,110.92,25.9,Unknown,No,0.6302265299222359,0.257593943310867,0.1786941580756013
70500,Female,44.0,No,No,No,Private,Rural,92.72,36.6,never smoked,No,0.4949847853037304,0.1735758471055304,0.3012600229095075
35085,Female,6.0,No,No,No,children,Rural,108.23,18.6,Unknown,No,0.0667192606784627,0.2451758840365617,0.0950744558991981
43872,Female,78.0,No,No,Yes,Private,Rural,56.34,27.5,Unknown,No,0.8781697283894963,0.005631982273105,0.1970217640320733
62951,Female,32.0,No,No,Yes,Private,Rural,61.83,31.3,never smoked,No,0.3597430406852248,0.0309759025020773,0.2405498281786941
43244,Female,40.0,No,No,Yes,Private,Rural,131.99,37.5,never smoked,No,0.4499042037642285,0.3548610469947373,0.3115693012600229
31198,Female,63.0,No,No,Yes,Self-employed,Rural,136.81,23.1,smokes,No,0.7091175476163643,0.3771119933524143,0.1466208476517755
23223,Male,51.0,No,No,Yes,Private,Rural,239.28,35.0,never smoked,No,0.5738758029978587,0.8501523405041086,0.2829324169530355
38474,Male,22.0,No,No,Yes,Govt_job,Urban,131.3,27.0,never smoked,No,0.2470415868364702,0.3516757455451944,0.1912943871706758
4591,Female,82.0,No,No,Yes,Self-employed,Rural,117.75,29.8,never smoked,No,0.923250309928998,0.2891238112824301,0.2233676975945017
1451,Female,45.0,No,No,No,Private,Urban,78.46,23.5,Unknown,No,0.5062549306886058,0.1077462838149755,0.1512027491408934
37150,Female,34.0,No,No,Yes,Private,Rural,83.53,48.5,formerly smoked,No,0.3822833314549758,0.1311513249007478,0.4375715922107675
65632,Male,42.0,No,No,Yes,Private,Rural,145.5,31.8,formerly smoked,No,0.4724444945339794,0.4172283261010063,0.2462772050400916
62834,Female,32.0,No,No,Yes,Private,Urban,88.33,20.0,Unknown,No,0.3597430406852248,0.1533099436801772,0.1111111111111111
21826,Male,73.0,No,No,Yes,Self-employed,Rural,101.25,29.4,formerly smoked,No,0.8218190014651189,0.2129535592281414,0.2187857961053837
21036,Female,47.0,No,No,Yes,Private,Urban,131.43,24.3,never smoked,No,0.5287952214583568,0.3522758748038039,0.1603665521191294
55566,Female,34.0,No,No,Yes,Private,Rural,231.5,45.4,never smoked,No,0.3822833314549758,0.8142369125657833,0.402061855670103
46923,Male,64.0,No,Yes,Yes,Private,Rural,82.89,29.5,never smoked,No,0.7203876930012397,0.1281968423968239,0.2199312714776632
63990,Male,52.0,Yes,No,Yes,Self-employed,Rural,192.37,49.2,never smoked,No,0.5851459483827341,0.6335980057243098,0.445589919816724
2265,Male,49.0,No,No,Yes,Private,Rural,79.64,28.1,smokes,No,0.5513355122281077,0.1131936109315852,0.2038946162657503
2860,Male,55.0,No,No,Yes,Private,Rural,82.88,29.4,Unknown,No,0.6189563845373606,0.1281506786077001,0.2187857961053837
15964,Female,64.0,Yes,No,Yes,Private,Rural,99.4,29.1,never smoked,No,0.7203876930012397,0.2044132582402364,0.2153493699885452
46483,Female,23.0,No,No,No,Private,Urban,77.75,38.8,smokes,No,0.2583117322213457,0.1044686547871849,0.3264604810996563
33284,Male,18.0,No,No,No,Private,Rural,75.03,23.4,never smoked,No,0.2019610052969683,0.0919121041455082,0.1500572737686139
61895,Female,65.0,No,No,Yes,Private,Rural,220.47,48.7,never smoked,No,0.7316578383861152,0.7633182531622195,0.4398625429553265
48875,Male,12.0,No,No,No,children,Rural,196.91,19.7,Unknown,No,0.1343401329877155,0.6545563659865201,0.1076746849942726
36589,Female,61.0,No,No,Yes,Self-employed,Urban,180.8,20.3,never smoked,No,0.6865772568466133,0.5801865017080602,0.1145475372279496
28651,Male,66.0,No,No,Yes,Private,Urban,247.48,33.5,smokes,No,0.7429279837709907,0.8880066475856337,0.265750286368843
45033,Male,59.0,No,No,Yes,Govt_job,Urban,216.0,36.7,smokes,No,0.6640369660768624,0.7426830394238759,0.302405498281787
32166,Male,47.0,Yes,No,Yes,Private,Urban,75.64,24.4,never smoked,No,0.5287952214583568,0.0947280952820607,0.1615120274914089
34188,Female,47.0,No,No,Yes,Govt_job,Urban,95.07,38.8,formerly smoked,No,0.5287952214583568,0.184424337549626,0.3264604810996563
58359,Female,71.0,Yes,No,Yes,Private,Urban,129.97,44.2,smokes,No,0.7992787106953679,0.3455359615917274,0.3883161512027492
59347,Male,62.0,No,No,Yes,Private,Urban,124.26,33.4,never smoked,No,0.6978474022314888,0.3191764380020312,0.2646048109965636
12849,Female,45.0,No,No,Yes,Private,Urban,87.92,32.5,Unknown,No,0.5062549306886058,0.151417228326101,0.2542955326460481
6104,Female,7.0,No,No,No,children,Rural,85.15,15.1,Unknown,No,0.0779894060633382,0.1386298587388053,0.0549828178694158
29694,Female,68.0,No,No,Yes,Private,Rural,95.36,21.5,smokes,No,0.7654682745407415,0.1857630874342166,0.1282932416953035
30806,Male,37.0,No,No,Yes,Self-employed,Urban,87.16,30.4,formerly smoked,No,0.4160937676096021,0.1479087803526913,0.2302405498281786
20316,Female,75.0,No,No,Yes,Govt_job,Rural,219.39,33.4,smokes,No,0.8443592922348698,0.7583325639368479,0.2646048109965636
58253,Male,5.0,No,No,No,children,Urban,71.92,18.2,Unknown,No,0.0554491152935872,0.0775551657280029,0.0904925544100801
57679,Male,45.0,No,No,No,children,Urban,167.66,18.7,Unknown,No,0.5062549306886058,0.5195272827993721,0.0962199312714776
39956,Female,34.0,No,No,No,Private,Rural,87.21,38.4,Unknown,No,0.3822833314549758,0.1481395992983104,0.3218785796105383
7683,Male,49.0,No,No,Yes,Self-employed,Rural,220.47,36.4,smokes,No,0.5513355122281077,0.7633182531622195,0.2989690721649484
9197,Female,8.0,No,No,No,children,Urban,80.47,20.6,Unknown,No,0.0892595514482136,0.1170252054288616,0.1179839633447881
58543,Female,50.0,No,No,Yes,Govt_job,Urban,89.95,48.9,formerly smoked,No,0.5626056576129832,0.1607884775182347,0.4421534936998854
6968,Male,2.0,No,No,No,children,Rural,111.32,18.2,Unknown,No,0.0216386791389608,0.2594404948758194,0.0904925544100801
35838,Female,1.16,No,No,No,children,Urban,65.01,17.0,Unknown,No,0.0121717570156655,0.0456559874434493,0.0767468499427262
57549,Female,76.0,No,No,Yes,Self-employed,Urban,110.07,31.8,never smoked,No,0.8556294376197453,0.253670021235343,0.2462772050400916
59200,Male,18.0,No,No,No,Private,Urban,60.56,33.0,never smoked,No,0.2019610052969683,0.0251131012833533,0.2600229095074456
24289,Male,82.0,No,No,Yes,Private,Urban,89.83,24.7,smokes,No,0.923250309928998,0.1602345120487489,0.1649484536082474
6206,Female,67.0,No,No,Yes,Self-employed,Rural,90.35,28.1,Unknown,No,0.7541981291558661,0.1626350290831871,0.2038946162657503
28227,Female,27.0,No,No,Yes,Private,Urban,71.5,40.3,smokes,No,0.3033923137608475,0.0756162865848028,0.3436426116838487
35229,Male,57.0,No,No,Yes,Govt_job,Urban,71.71,35.2,smokes,No,0.6414966753071114,0.0765857261564029,0.2852233676975945
23176,Female,51.0,Yes,No,Yes,Private,Urban,173.96,31.2,formerly smoked,No,0.5738758029978587,0.5486104699473733,0.2394043528064146
3045,Male,45.0,Yes,No,Yes,Private,Urban,96.06,37.6,never smoked,No,0.5062549306886058,0.1889945526728834,0.3127147766323024
22386,Female,56.0,No,No,Yes,Private,Urban,113.2,38.7,smokes,No,0.6302265299222359,0.2681192872310959,0.3253150057273768
1077,Male,77.0,No,Yes,Yes,Govt_job,Rural,106.03,28.1,Unknown,No,0.8668995830046208,0.2350198504293232,0.2038946162657503
57903,Female,52.0,Yes,No,Yes,Self-employed,Rural,111.38,28.1,smokes,No,0.5851459483827341,0.2597174776105622,0.2038946162657503
22108,Female,18.0,No,No,No,Private,Rural,73.29,28.1,smokes,No,0.2019610052969683,0.0838796048379651,0.2038946162657503
55982,Female,63.0,No,No,Yes,Self-employed,Urban,65.71,29.2,smokes,No,0.7091175476163643,0.0488874526821161,0.2164948453608247
55465,Female,31.0,No,No,Yes,Private,Rural,60.41,31.1,Unknown,No,0.3484728953003493,0.0244206444464961,0.2382588774341351
29258,Female,37.0,No,No,No,Private,Urban,89.11,24.1,never smoked,No,0.4160937676096021,0.1569107192318345,0.1580756013745704
38432,Female,64.0,No,No,Yes,Private,Urban,63.32,18.7,formerly smoked,No,0.7203876930012397,0.0378543070815252,0.0962199312714776
49666,Male,47.0,No,No,Yes,Self-employed,Urban,85.68,39.6,never smoked,No,0.5287952214583568,0.1410765395623673,0.3356242840778923
59904,Female,1.8,No,No,No,children,Urban,162.93,15.7,Unknown,No,0.0193846500619857,0.4976918105438094,0.0618556701030927
32365,Male,42.0,No,No,Yes,Private,Rural,89.22,53.8,Unknown,No,0.4724444945339794,0.1574185209121964,0.4982817869415807
15351,Male,37.0,No,No,Yes,Private,Rural,91.68,32.4,formerly smoked,No,0.4160937676096021,0.1687748130366541,0.2531500572737686
61000,Female,69.0,No,Yes,No,Private,Urban,198.33,42.7,smokes,No,0.776738419925617,0.6611116240421014,0.3711340206185567
77,Female,13.0,No,No,No,children,Rural,85.81,18.6,Unknown,No,0.145610278372591,0.1416766688209768,0.0950744558991981
17466,Male,73.0,No,No,No,Govt_job,Rural,79.59,31.4,smokes,No,0.8218190014651189,0.1129627919859662,0.2416953035509736
57569,Male,48.0,No,No,Yes,Private,Rural,106.74,33.7,formerly smoked,No,0.5400653668432323,0.2382974794571138,0.2680412371134021
9026,Female,78.0,Yes,No,Yes,Self-employed,Urban,191.33,24.5,never smoked,No,0.8781697283894963,0.6287969716554335,0.1626575028636884
54590,Female,21.0,No,No,No,Private,Rural,59.52,33.7,never smoked,No,0.2357714414515947,0.0203120672144769,0.2680412371134021
54301,Male,54.0,No,No,Yes,Private,Rural,206.52,35.4,smokes,No,0.6076862391524851,0.6989197673345028,0.2875143184421534
170,Male,43.0,No,No,Yes,Govt_job,Rural,80.07,28.1,never smoked,No,0.4837146399188549,0.1151786538639091,0.2038946162657503
52554,Male,19.0,No,No,No,Private,Rural,64.92,22.5,Unknown,No,0.2132311506818438,0.045240513341335,0.1397479954180985
10649,Female,45.0,No,No,Yes,Private,Urban,80.0,33.6,never smoked,No,0.5062549306886058,0.1148555073400424,0.2668957617411225
28258,Female,80.0,No,No,Yes,Self-employed,Urban,75.06,29.7,Unknown,No,0.9007100191592471,0.0920505955128797,0.2222222222222222
22269,Female,69.0,Yes,No,Yes,Govt_job,Urban,112.2,28.1,never smoked,No,0.776738419925617,0.2635029083187148,0.2038946162657503
12557,Female,45.0,No,No,No,Self-employed,Urban,91.18,25.7,never smoked,No,0.5062549306886058,0.1664666235804635,0.1764032073310423
2846,Female,46.0,No,No,Yes,Private,Rural,85.81,20.2,formerly smoked,No,0.5175250760734813,0.1416766688209768,0.11340206185567
61219,Female,14.0,No,No,No,Never_worked,Urban,148.37,22.7,never smoked,No,0.1568804237574664,0.4304773335795402,0.1420389461626575
65321,Male,6.0,No,No,No,children,Rural,64.55,17.4,Unknown,No,0.0667192606784627,0.043532453143754,0.0813287514318441
23946,Female,45.0,No,No,No,children,Rural,97.31,22.2,Unknown,No,0.5062549306886058,0.1947650263133598,0.13631156930126
56312,Male,47.0,No,No,No,Private,Rural,111.15,23.8,never smoked,No,0.5287952214583568,0.2586557104607146,0.1546391752577319
20256,Male,34.0,No,No,Yes,Private,Urban,80.97,28.7,never smoked,No,0.3822833314549758,0.1193333948850521,0.2107674684994272
26993,Female,41.0,No,No,Yes,Private,Rural,89.88,33.1,formerly smoked,No,0.461174349149104,0.160465330994368,0.2611683848797251
58599,Female,67.0,No,No,Yes,Private,Rural,62.66,28.0,formerly smoked,No,0.7541981291558661,0.0348074969993537,0.2027491408934708
27849,Female,5.0,No,No,No,children,Urban,122.25,16.7,Unknown,No,0.0554491152935872,0.3098975163881451,0.0733104238258877
33367,Male,20.0,No,No,No,Private,Rural,87.08,27.1,never smoked,No,0.2245012960667192,0.1475394700397008,0.1924398625429553
61764,Female,63.0,No,No,Yes,Private,Rural,85.0,26.4,smokes,No,0.7091175476163643,0.1379374019019481,0.1844215349369988
13620,Female,73.0,No,No,Yes,Self-employed,Urban,100.49,23.7,smokes,No,0.8218190014651189,0.2094451112547317,0.1534936998854524
39308,Male,62.0,No,No,Yes,Private,Urban,145.37,33.3,Unknown,No,0.6978474022314888,0.4166281968423968,0.263459335624284
1275,Male,0.88,No,No,No,children,Urban,112.19,18.9,Unknown,No,0.0090161163079003,0.263456744529591,0.0985108820160366
34336,Male,50.0,Yes,No,Yes,Govt_job,Rural,79.73,25.5,smokes,No,0.5626056576129832,0.1136090850336996,0.1741122565864833
1505,Male,71.0,No,Yes,Yes,Self-employed,Rural,101.13,35.9,formerly smoked,No,0.7992787106953679,0.2123995937586557,0.2932416953035509
31887,Female,30.0,No,No,Yes,Private,Urban,101.98,23.2,Unknown,No,0.3372027499154739,0.2163235158341797,0.1477663230240549
60258,Female,80.0,No,Yes,Yes,Self-employed,Rural,98.39,22.2,smokes,No,0.9007100191592471,0.1997507155387314,0.13631156930126
63450,Female,64.0,No,No,Yes,Self-employed,Rural,128.04,34.0,smokes,No,0.7203876930012397,0.3366263502908318,0.2714776632302405
35178,Male,7.0,No,No,No,children,Urban,98.12,20.4,Unknown,No,0.0779894060633382,0.1985042932323885,0.115693012600229
3099,Female,36.0,No,No,No,Private,Urban,216.96,34.5,Unknown,No,0.4048236222247267,0.7471147631797618,0.277205040091638
43903,Male,79.0,No,No,Yes,Self-employed,Rural,94.92,31.9,Unknown,No,0.8894398737743716,0.1837318807127689,0.2474226804123711
9013,Female,35.0,No,No,Yes,Private,Rural,83.27,19.8,formerly smoked,No,0.3935534768398512,0.1299510663835287,0.1088201603665521
60158,Female,28.0,No,No,No,Private,Rural,96.86,29.0,Unknown,No,0.314662459145723,0.1926876558027883,0.2142038946162657
15579,Male,72.0,No,No,Yes,Self-employed,Rural,99.73,36.7,formerly smoked,No,0.8105488560802434,0.2059366632813221,0.302405498281787
8563,Female,12.0,No,No,No,children,Rural,91.71,21.3,Unknown,No,0.1343401329877155,0.1689133044040254,0.1260022909507445
61573,Male,25.0,No,No,No,Private,Rural,65.77,23.7,smokes,No,0.2808520229910966,0.049164435416859,0.1534936998854524
43827,Female,27.0,No,No,Yes,Private,Urban,161.57,25.7,smokes,No,0.3033923137608475,0.491413535222971,0.1764032073310423
43090,Female,62.0,Yes,No,Yes,Self-employed,Rural,74.32,34.0,never smoked,No,0.6978474022314888,0.0886344751177176,0.2714776632302405
46068,Male,58.0,No,No,No,Self-employed,Rural,170.93,30.7,Unknown,No,0.6527668206919869,0.5346228418428585,0.2336769759450171
12469,Female,30.0,No,No,Yes,Private,Urban,74.43,44.8,never smoked,No,0.3372027499154739,0.0891422767980796,0.3951890034364261
58820,Male,56.0,No,No,Yes,Private,Rural,86.36,27.7,formerly smoked,No,0.6302265299222359,0.1442156772227864,0.1993127147766323
31893,Female,28.0,No,No,Yes,Private,Rural,97.06,23.2,Unknown,No,0.314662459145723,0.1936109315852645,0.1477663230240549
45259,Male,47.0,No,No,Yes,Private,Rural,110.38,30.1,Unknown,No,0.5287952214583568,0.2551010986981811,0.2268041237113402
63779,Female,16.0,No,No,No,Private,Rural,79.03,29.3,Unknown,No,0.1794207145272174,0.1103776197950327,0.2176403207331042
71250,Female,29.0,No,No,Yes,Private,Rural,62.48,29.5,never smoked,No,0.3259326045305984,0.0339765487951251,0.2199312714776632
55051,Male,26.0,No,No,Yes,Private,Rural,55.62,25.8,never smoked,No,0.292122168375972,0.0023081894561905,0.1775486827033219
2520,Female,26.0,No,No,Yes,Private,Rural,84.9,26.2,never smoked,No,0.292122168375972,0.13747576401071,0.1821305841924398
3715,Male,55.0,No,No,Yes,Private,Rural,232.81,28.8,Unknown,No,0.6189563845373606,0.8202843689410027,0.2119129438717067
21206,Female,29.0,No,No,No,Private,Rural,86.55,29.8,smokes,No,0.3259326045305984,0.1450927892161388,0.2233676975945017
60159,Female,29.0,No,No,No,Govt_job,Rural,118.61,26.5,never smoked,No,0.3259326045305984,0.2930938971470778,0.1855670103092783
3113,Female,33.0,No,No,No,Private,Rural,80.21,27.8,formerly smoked,No,0.3710131860701003,0.1158249469116424,0.2004581901489118
62126,Female,36.05,Yes,No,No,Private,Rural,65.96,29.0,never smoked,No,0.4053871294939704,0.0500415474102114,0.2142038946162657
51275,Female,10.0,No,No,No,children,Urban,61.34,19.1,Unknown,No,0.1117998422179646,0.0287138768350106,0.1008018327605956
3115,Female,3.0,No,No,No,children,Urban,116.6,17.1,Unknown,No,0.0329088245238363,0.2838149755331917,0.0778923253150057
9986,Female,60.0,No,No,Yes,Private,Urban,85.13,24.6,Unknown,No,0.6753071114617378,0.1385375311605576,0.1638029782359679
35974,Female,16.0,No,No,No,Private,Rural,86.32,18.3,Unknown,No,0.1794207145272174,0.1440310220662911,0.0916380297823596
46488,Male,35.0,No,No,Yes,Private,Rural,69.22,42.8,never smoked,No,0.3935534768398512,0.0650909426645739,0.3722794959908362
54172,Female,41.0,No,No,Yes,Private,Urban,140.93,46.5,Unknown,No,0.461174349149104,0.3961314744714246,0.4146620847651776
21804,Female,72.07,No,No,No,Private,Urban,83.43,38.4,Unknown,No,0.8113377662571847,0.1306896870095097,0.3218785796105383
50402,Female,79.0,No,No,Yes,Private,Urban,207.95,26.0,formerly smoked,No,0.8894398737743716,0.7055211891792077,0.1798396334478808
36317,Female,41.0,No,No,Yes,Private,Rural,134.29,26.8,smokes,No,0.461174349149104,0.3654787184932138,0.1890034364261168
44676,Male,1.64,No,No,No,children,Urban,115.12,21.1,Unknown,No,0.0175814268004057,0.2769827347428677,0.1237113402061855
3724,Female,51.0,No,No,Yes,Govt_job,Urban,86.25,29.0,never smoked,No,0.5738758029978587,0.1437078755424245,0.2142038946162657
69668,Female,33.0,No,No,Yes,Self-employed,Rural,112.94,43.0,never smoked,No,0.3710131860701003,0.2669190287138768,0.3745704467353952
59274,Female,33.0,No,No,Yes,Govt_job,Rural,73.54,36.6,smokes,No,0.3710131860701003,0.0850336995660604,0.3012600229095075
29676,Male,48.0,No,No,No,Private,Urban,80.86,27.5,Unknown,No,0.5400653668432323,0.1188255932046902,0.1970217640320733
37655,Male,45.0,No,No,Yes,Private,Rural,83.91,40.2,Unknown,No,0.5062549306886058,0.1329055488874526,0.3424971363115693
16980,Female,61.0,No,No,No,Private,Rural,69.91,37.1,never smoked,No,0.6865772568466133,0.0682762441141168,0.3069873997709049
40213,Male,31.0,No,No,No,Private,Rural,95.62,32.0,smokes,No,0.3484728953003493,0.1869633459514357,0.2485681557846506
47831,Male,60.0,Yes,No,No,Private,Urban,63.95,32.2,never smoked,No,0.6753071114617378,0.0407626257963253,0.2508591065292097
40977,Male,51.0,No,No,Yes,Private,Rural,122.5,20.6,Unknown,No,0.5738758029978587,0.3110516111162404,0.1179839633447881
39129,Male,53.0,No,No,Yes,Govt_job,Rural,86.0,24.1,never smoked,No,0.5964160937676096,0.1425537808143292,0.1580756013745704
40837,Female,52.0,No,No,Yes,Govt_job,Urban,120.27,25.0,never smoked,No,0.5851459483827341,0.3007570861416305,0.1683848797250859
59000,Female,42.0,No,No,Yes,Govt_job,Urban,56.71,25.2,Unknown,No,0.4724444945339794,0.007340042470686,0.1706758304696448
44510,Female,56.0,No,No,Yes,Private,Rural,131.63,27.6,never smoked,No,0.6302265299222359,0.3531991505862801,0.1981672394043528
3793,Male,14.0,No,No,No,Private,Urban,79.36,48.8,never smoked,No,0.1568804237574664,0.1119010248361185,0.4410080183276059
32215,Female,40.0,No,No,No,Private,Urban,120.77,27.6,never smoked,No,0.4499042037642285,0.3030652755978211,0.1981672394043528
35296,Female,50.58,No,No,Yes,Private,Rural,100.42,39.5,smokes,No,0.5691423419362109,0.2091219647308651,0.3344788087056128
69502,Female,52.0,Yes,No,Yes,Private,Urban,155.86,27.2,smokes,No,0.5851459483827341,0.4650540116332748,0.1935853379152348
67620,Male,30.0,No,No,Yes,Govt_job,Rural,66.01,26.3,smokes,No,0.3372027499154739,0.0502723663558305,0.1832760595647193
27664,Female,47.0,No,No,Yes,Private,Urban,86.99,28.9,smokes,No,0.5287952214583568,0.1471239959375865,0.2130584192439862
49555,Female,34.0,No,No,Yes,Govt_job,Urban,90.55,30.0,never smoked,No,0.3822833314549758,0.1635583048656633,0.2256586483390607
16812,Female,82.0,No,Yes,Yes,Self-employed,Rural,229.58,23.7,Unknown,No,0.923250309928998,0.8053734650540116,0.1534936998854524
63665,Female,31.0,No,No,Yes,Private,Urban,60.06,25.5,smokes,No,0.3484728953003493,0.0228049118271627,0.1741122565864833
68141,Female,45.0,No,No,Yes,Private,Rural,65.66,24.6,formerly smoked,No,0.5062549306886058,0.048656633736497,0.1638029782359679
33674,Female,47.0,No,No,Yes,Private,Urban,104.7,20.7,smokes,No,0.5287952214583568,0.2288800664758563,0.1191294387170675
30432,Male,45.0,Yes,No,Yes,Self-employed,Urban,113.86,36.4,never smoked,No,0.5062549306886058,0.2711660973132674,0.2989690721649484
10886,Female,13.0,No,No,No,children,Rural,99.49,23.4,Unknown,No,0.145610278372591,0.2048287323423506,0.1500572737686139
62629,Male,37.0,Yes,No,Yes,Private,Urban,165.99,32.3,never smoked,No,0.4160937676096021,0.5118179300156956,0.2520045819014891
67758,Male,9.0,No,No,No,children,Urban,114.99,18.8,Unknown,No,0.1005296968330891,0.2763826054842581,0.0973654066437571
41244,Female,7.0,No,No,No,children,Urban,79.58,15.5,Unknown,No,0.0779894060633382,0.1129166281968424,0.0595647193585337
50309,Female,37.0,No,No,No,Govt_job,Rural,77.37,21.4,never smoked,No,0.4160937676096021,0.1027144308004801,0.127147766323024
6480,Male,62.0,No,No,No,Govt_job,Urban,93.55,31.7,never smoked,No,0.6978474022314888,0.1774074416028067,0.2451317296678121
27007,Male,14.0,No,No,No,Self-employed,Urban,187.22,29.7,Unknown,No,0.1568804237574664,0.609823654325547,0.2222222222222222
63912,Female,77.0,No,No,Yes,Govt_job,Rural,167.59,34.3,formerly smoked,No,0.8668995830046208,0.5192041362755054,0.274914089347079
37483,Male,36.0,No,No,Yes,Private,Urban,98.03,22.1,smokes,No,0.4048236222247267,0.1980888191302742,0.1351660939289805
29855,Female,3.0,No,No,No,children,Urban,88.79,21.5,Unknown,No,0.0329088245238363,0.1554334779798726,0.1282932416953035
22136,Male,78.0,Yes,Yes,No,Self-employed,Urban,92.9,30.4,smokes,No,0.8781697283894963,0.174406795309759,0.2302405498281786
66637,Female,49.0,No,No,Yes,Govt_job,Urban,117.34,21.6,never smoked,No,0.5513355122281077,0.2872310959283538,0.129438717067583
2244,Male,44.0,No,No,Yes,Private,Urban,80.75,30.9,never smoked,No,0.4949847853037304,0.1183177915243283,0.2359679266895761
22259,Male,10.0,No,No,No,children,Rural,77.51,21.9,Unknown,No,0.1117998422179646,0.1033607238482135,0.1328751431844215
19088,Male,8.0,No,No,No,children,Urban,105.63,19.2,Unknown,No,0.0892595514482136,0.2331732988643707,0.1019473081328751
61010,Female,60.0,No,No,Yes,Private,Urban,114.34,30.3,smokes,No,0.6753071114617378,0.2733819591912104,0.2290950744558992
49574,Female,56.0,No,No,Yes,Private,Rural,227.04,23.0,smokes,No,0.6302265299222359,0.7936478626165635,0.1454753722794959
12336,Female,73.0,No,No,Yes,Self-employed,Urban,87.56,24.1,never smoked,No,0.8218190014651189,0.1497553319176438,0.1580756013745704
3668,Female,65.0,No,No,Yes,Govt_job,Urban,84.47,52.7,smokes,No,0.7316578383861152,0.1354907210783861,0.4856815578465064
6034,Female,34.0,No,No,Yes,Self-employed,Rural,96.26,27.6,Unknown,No,0.3822833314549758,0.1899178284553596,0.1981672394043528
61418,Male,13.0,No,No,No,children,Rural,116.64,23.9,Unknown,No,0.145610278372591,0.283999630689687,0.1557846506300114
68725,Female,80.0,No,No,Yes,Private,Urban,79.57,26.9,never smoked,No,0.9007100191592471,0.1128704644077185,0.1901489117983963
464,Male,46.0,No,No,Yes,Private,Rural,78.44,23.9,never smoked,No,0.5175250760734813,0.1076539562367279,0.1557846506300114
42225,Female,80.0,No,No,Yes,Self-employed,Urban,64.15,40.5,never smoked,No,0.9007100191592471,0.0416859015788016,0.3459335624284078
51254,Female,65.0,No,No,No,Private,Urban,74.5,32.0,never smoked,No,0.7316578383861152,0.0894654233219462,0.2485681557846506
59164,Female,24.0,No,No,No,Private,Urban,70.32,20.5,Unknown,No,0.2695818776062211,0.0701689594681931,0.1168384879725085
70429,Female,33.0,No,No,Yes,Private,Urban,84.48,44.5,never smoked,No,0.3710131860701003,0.1355368848675099,0.3917525773195877
54253,Male,11.0,No,No,No,children,Urban,144.08,16.2,formerly smoked,No,0.12306998760284,0.4106730680454252,0.0675830469644902
47937,Female,57.0,No,No,Yes,Self-employed,Rural,78.14,35.8,never smoked,No,0.6414966753071114,0.1062690425630135,0.2920962199312714
66882,Female,19.0,No,No,No,Govt_job,Urban,133.58,24.0,never smoked,No,0.2132311506818438,0.3622010894654233,0.1569301260022909
7411,Male,82.0,No,No,Yes,Private,Urban,214.42,33.9,formerly smoked,No,0.923250309928998,0.7353891607423136,0.270332187857961
39593,Female,39.0,No,No,Yes,Private,Urban,80.63,36.0,smokes,No,0.4386340583793531,0.1177638260548425,0.2943871706758305
6239,Female,14.0,No,No,No,Private,Rural,233.71,22.9,never smoked,No,0.1568804237574664,0.8244391099621456,0.1443298969072164
35378,Female,60.0,Yes,No,No,Private,Urban,96.0,44.5,smokes,No,0.6753071114617378,0.1887175699381405,0.3917525773195877
54012,Female,3.0,No,No,No,children,Urban,74.52,17.5,Unknown,No,0.0329088245238363,0.0895577509001938,0.0824742268041237
69835,Female,57.0,No,No,Yes,Private,Rural,131.4,32.3,never smoked,No,0.6414966753071114,0.3521373834364324,0.2520045819014891
44591,Male,79.0,No,No,Yes,Private,Urban,216.4,30.3,never smoked,No,0.8894398737743716,0.7445295909888283,0.2290950744558992
4709,Female,65.0,No,No,Yes,Private,Rural,108.8,33.5,Unknown,No,0.7316578383861152,0.2478072200166189,0.265750286368843
20393,Female,67.0,Yes,No,Yes,Private,Urban,97.06,30.9,never smoked,No,0.7541981291558661,0.1936109315852645,0.2359679266895761
27626,Female,60.0,No,No,No,Govt_job,Rural,266.59,25.5,never smoked,No,0.6753071114617378,0.9762256486012372,0.1741122565864833
45864,Female,36.0,No,No,No,Private,Rural,55.58,30.0,never smoked,No,0.4048236222247267,0.0021235342996953,0.2256586483390607
68685,Male,36.0,No,No,Yes,Govt_job,Urban,65.87,32.2,formerly smoked,No,0.4048236222247267,0.0496260733080971,0.2508591065292097
28711,Female,26.0,No,No,No,Private,Urban,89.28,21.7,smokes,No,0.292122168375972,0.1576955036469393,0.1305841924398625
44962,Male,71.0,No,No,Yes,Govt_job,Urban,56.12,24.7,Unknown,No,0.7992787106953679,0.0046163789123811,0.1649484536082474
7892,Male,78.0,No,No,Yes,Private,Urban,74.7,28.8,formerly smoked,No,0.8781697283894963,0.0903886991044225,0.2119129438717067
11744,Male,77.0,No,No,Yes,Self-employed,Urban,83.06,27.0,Unknown,No,0.8668995830046208,0.1289816268119287,0.1912943871706758
12279,Male,74.0,No,No,Yes,Private,Urban,227.94,26.0,Unknown,No,0.8330891468499944,0.7978026036377065,0.1798396334478808
20740,Female,50.0,No,No,Yes,Self-employed,Rural,84.88,27.1,never smoked,No,0.5626056576129832,0.1373834364324623,0.1924398625429553
58257,Male,9.0,No,No,No,children,Urban,64.2,18.5,Unknown,No,0.1005296968330891,0.0419167205244206,0.0939289805269186
36547,Male,1.64,No,No,No,children,Rural,137.22,18.8,Unknown,No,0.0175814268004057,0.3790047087064906,0.0973654066437571
559,Female,45.0,No,No,Yes,Private,Urban,81.44,31.5,formerly smoked,No,0.5062549306886058,0.1215030929738713,0.2428407789232531
13728,Male,8.0,No,No,No,children,Rural,90.26,18.1,Unknown,No,0.0892595514482136,0.1622195549810728,0.0893470790378007
4400,Female,36.0,No,No,Yes,Private,Urban,68.48,24.3,never smoked,No,0.4048236222247267,0.0616748222694119,0.1603665521191294
68524,Female,38.0,No,No,Yes,Private,Urban,100.02,28.0,never smoked,No,0.4273639129944776,0.2072754131659126,0.2027491408934708
24096,Female,34.0,Yes,No,Yes,Self-employed,Urban,100.61,28.1,Unknown,No,0.3822833314549758,0.2099990767242175,0.2038946162657503
65643,Female,45.0,No,No,No,children,Urban,156.82,17.3,Unknown,No,0.5062549306886058,0.4694857353891606,0.0801832760595647
30186,Female,5.0,No,No,No,children,Urban,81.66,17.2,Unknown,No,0.0554491152935872,0.1225186963345951,0.0790378006872852
11904,Male,14.0,No,No,No,children,Rural,112.22,26.9,Unknown,No,0.1568804237574664,0.2635952358969624,0.1901489117983963
20257,Male,0.88,No,No,No,children,Urban,90.62,22.4,Unknown,No,0.0090161163079003,0.1638814513895301,0.138602520045819
2822,Female,30.0,No,No,Yes,Private,Rural,72.49,25.8,never smoked,No,0.3372027499154739,0.0801865017080601,0.1775486827033219
18072,Female,39.0,No,No,Yes,Govt_job,Urban,107.47,21.3,Unknown,No,0.4386340583793531,0.241667436063152,0.1260022909507445
34896,Female,17.0,No,No,No,Private,Rural,92.11,43.0,never smoked,No,0.1906908599120928,0.1707598559689779,0.3745704467353952
53328,Female,14.0,No,No,No,Private,Rural,70.54,24.4,formerly smoked,No,0.1568804237574664,0.071184562828917,0.1615120274914089
28303,Female,52.0,No,No,Yes,Self-employed,Rural,205.0,30.1,never smoked,No,0.5851459483827341,0.6919028713876835,0.2268041237113402
44325,Male,78.0,No,No,Yes,Self-employed,Rural,126.39,21.3,smokes,No,0.8781697283894963,0.329009325085403,0.1260022909507445
8579,Female,2.0,No,No,No,children,Rural,89.72,17.8,Unknown,No,0.0216386791389608,0.159726710368387,0.0859106529209622
29229,Male,32.0,No,No,Yes,Private,Urban,92.08,28.4,smokes,No,0.3597430406852248,0.1706213646016065,0.2073310423825887
48406,Male,0.88,No,No,No,children,Urban,85.38,23.4,Unknown,No,0.0090161163079003,0.1396916258886529,0.1500572737686139
3761,Female,50.0,No,No,Yes,Self-employed,Rural,95.25,24.3,never smoked,No,0.5626056576129832,0.1852552857538547,0.1603665521191294
65324,Female,48.0,No,No,Yes,Govt_job,Rural,75.91,27.8,Unknown,No,0.5400653668432323,0.0959745175884036,0.2004581901489118
7658,Male,66.0,No,No,Yes,Govt_job,Rural,203.44,30.5,formerly smoked,No,0.7429279837709907,0.6847013202843689,0.2313860252004582
35997,Male,78.0,No,Yes,Yes,Self-employed,Urban,243.73,28.1,smokes,No,0.8781697283894963,0.8706952266642045,0.2038946162657503
34383,Male,46.0,No,No,Yes,Private,Urban,88.23,25.8,Unknown,No,0.5175250760734813,0.1528483057889391,0.1775486827033219
8646,Female,54.0,No,No,Yes,Private,Rural,97.47,26.7,never smoked,No,0.6076862391524851,0.1955036469393407,0.1878579610538373
46653,Female,81.0,Yes,Yes,Yes,Private,Rural,59.28,28.1,never smoked,No,0.9119801645441226,0.0192041362755055,0.2038946162657503
1099,Female,6.19,No,No,No,children,Rural,101.15,22.2,Unknown,No,0.068860588301589,0.2124919213369033,0.13631156930126
61676,Male,77.0,No,No,Yes,Self-employed,Urban,68.38,25.1,Unknown,No,0.8668995830046208,0.0612131843781737,0.1695303550973654
38131,Female,59.0,No,No,Yes,Self-employed,Rural,55.46,20.9,never smoked,No,0.6640369660768624,0.0015695688302095,0.1214203894616265
61848,Female,48.0,No,No,Yes,Private,Urban,113.87,28.9,never smoked,No,0.5400653668432323,0.2712122611023913,0.2130584192439862
56228,Male,76.0,No,Yes,Yes,Self-employed,Urban,67.03,28.1,never smoked,No,0.8556294376197453,0.0549810728464592,0.2038946162657503
4949,Male,49.0,No,No,Yes,Private,Rural,96.35,35.9,never smoked,No,0.5513355122281077,0.1903333025574739,0.2932416953035509
46688,Female,44.0,No,No,No,Private,Urban,127.21,29.8,smokes,No,0.4949847853037304,0.3327947557935555,0.2233676975945017
30491,Female,39.0,No,No,Yes,Private,Urban,78.9,26.7,never smoked,No,0.4386340583793531,0.1097774905364232,0.1878579610538373
43478,Male,34.0,No,No,Yes,Private,Urban,59.91,28.4,formerly smoked,No,0.3822833314549758,0.0221124549903056,0.2073310423825887
25443,Male,50.0,No,No,No,Private,Urban,160.94,26.7,smokes,No,0.5626056576129832,0.4885052165081709,0.1878579610538373
52519,Male,62.0,No,No,Yes,Private,Rural,59.61,32.5,Unknown,No,0.6978474022314888,0.0207275413165912,0.2542955326460481
24361,Female,38.0,No,No,Yes,Private,Urban,87.94,43.8,never smoked,No,0.4273639129944776,0.1515095559043486,0.3837342497136312
29514,Female,43.0,No,No,Yes,Private,Rural,97.55,28.3,formerly smoked,No,0.4837146399188549,0.1958729572523312,0.2061855670103093
35893,Male,28.0,No,No,No,Private,Urban,116.02,36.6,formerly smoked,No,0.314662459145723,0.2811374757640107,0.3012600229095075
58568,Female,58.0,No,No,Yes,Private,Rural,127.32,33.1,smokes,No,0.6527668206919869,0.3333025574739174,0.2611683848797251
63303,Male,28.0,No,No,No,Private,Urban,75.5,27.0,smokes,No,0.314662459145723,0.0940818022343274,0.1912943871706758
70625,Male,18.0,No,No,No,Private,Urban,79.35,23.6,Unknown,No,0.2019610052969683,0.1118548610469947,0.1523482245131729
54807,Male,62.0,Yes,Yes,Yes,Private,Rural,176.25,28.1,never smoked,No,0.6978474022314888,0.5591819776567261,0.2038946162657503
18820,Male,31.0,No,No,Yes,Private,Rural,108.56,21.8,never smoked,No,0.3484728953003493,0.2466992890776475,0.131729667812142
64029,Male,55.0,Yes,No,Yes,Private,Urban,168.06,23.5,smokes,No,0.6189563845373606,0.5213738343643246,0.1512027491408934
72703,Female,54.0,No,No,Yes,Private,Urban,75.52,28.7,formerly smoked,No,0.6076862391524851,0.094174129812575,0.2107674684994272
11394,Male,73.0,No,Yes,Yes,Private,Rural,82.15,31.6,formerly smoked,No,0.8218190014651189,0.1247807220016619,0.2439862542955326
12298,Male,26.0,No,No,No,Self-employed,Urban,200.28,31.9,formerly smoked,No,0.292122168375972,0.6701135629212446,0.2474226804123711
70845,Male,73.0,No,Yes,Yes,Private,Rural,62.44,25.2,smokes,No,0.8218190014651189,0.0337918936386298,0.1706758304696448
44494,Female,38.0,No,No,Yes,Private,Rural,84.31,25.9,smokes,No,0.4273639129944776,0.1347521004524051,0.1786941580756013
30953,Male,75.0,Yes,Yes,Yes,Private,Rural,221.43,32.5,Unknown,No,0.8443592922348698,0.7677499769181054,0.2542955326460481
47861,Male,81.0,No,No,Yes,Private,Urban,165.47,28.1,Unknown,No,0.9119801645441226,0.5094174129812574,0.2038946162657503
13465,Female,20.0,No,No,No,Private,Rural,96.69,27.4,smokes,No,0.2245012960667192,0.1919028713876835,0.1958762886597937
62454,Female,12.0,No,No,No,children,Urban,63.98,21.2,formerly smoked,No,0.1343401329877155,0.0409011171636967,0.124856815578465
52593,Male,29.68,No,Yes,Yes,Private,Urban,145.03,26.8,formerly smoked,No,0.3335963033923138,0.4150586280121872,0.1890034364261168
91,Female,42.0,No,No,No,Private,Urban,98.53,18.5,never smoked,No,0.4724444945339794,0.2003970085864647,0.0939289805269186
22056,Female,71.0,Yes,No,Yes,Private,Urban,105.55,28.1,smokes,No,0.7992787106953679,0.2328039885513803,0.2038946162657503
45469,Male,16.0,No,No,No,children,Rural,134.23,30.6,Unknown,No,0.1794207145272174,0.365201735758471,0.2325315005727377
41284,Male,4.0,No,No,No,children,Rural,62.48,19.9,Unknown,No,0.0441789699087118,0.0339765487951251,0.1099656357388316
20112,Male,79.0,No,Yes,Yes,Private,Urban,213.38,28.1,Unknown,No,0.8894398737743716,0.7305881266734373,0.2038946162657503
45627,Male,60.0,No,No,Yes,Private,Rural,70.52,26.5,formerly smoked,No,0.6753071114617378,0.0710922352506693,0.1855670103092783
4174,Female,45.0,Yes,No,Yes,Private,Urban,93.21,43.8,never smoked,No,0.5062549306886058,0.1758378727725971,0.3837342497136312
31660,Male,23.0,No,No,No,Private,Rural,82.39,31.8,Unknown,No,0.2583117322213457,0.1258886529406333,0.2462772050400916
36196,Male,21.0,No,No,Yes,Private,Rural,88.29,36.6,smokes,No,0.2357714414515947,0.153125288523682,0.3012600229095075
19769,Female,67.0,No,No,Yes,Self-employed,Rural,80.18,22.9,formerly smoked,No,0.7541981291558661,0.1156864555442711,0.1443298969072164
8341,Male,10.0,No,No,No,children,Rural,84.02,18.7,never smoked,No,0.1117998422179646,0.1334133505678146,0.0962199312714776
42172,Female,24.0,No,No,Yes,Self-employed,Rural,69.72,29.6,never smoked,No,0.2695818776062211,0.0673991321207644,0.2210767468499427
14372,Male,50.0,No,No,Yes,Self-employed,Urban,192.16,43.6,never smoked,No,0.5626056576129832,0.6326285661527098,0.3814432989690721
61252,Male,79.0,No,Yes,Yes,Private,Rural,82.27,28.1,never smoked,No,0.8894398737743716,0.1253346874711476,0.2038946162657503
15251,Male,14.0,No,No,No,children,Urban,101.87,20.3,never smoked,No,0.1568804237574664,0.2158157141538177,0.1145475372279496
67800,Female,13.0,No,No,No,children,Rural,77.55,21.3,Unknown,No,0.145610278372591,0.1035453790047087,0.1260022909507445
10416,Male,71.0,No,Yes,Yes,Private,Urban,215.72,39.2,smokes,No,0.7992787106953679,0.7413904533284091,0.3310423825887744
19504,Female,66.0,No,No,Yes,Private,Rural,87.84,52.8,Unknown,No,0.7429279837709907,0.1510479180131105,0.4868270332187858
7476,Male,32.0,No,No,No,Govt_job,Rural,91.93,30.2,never smoked,No,0.3597430406852248,0.1699289077647493,0.2279495990836197
55526,Male,46.0,No,No,Yes,Govt_job,Urban,58.63,35.3,never smoked,No,0.5175250760734813,0.0162034899824577,0.286368843069874
452,Male,48.0,Yes,No,Yes,Private,Urban,173.14,37.0,smokes,No,0.5400653668432323,0.5448250392392207,0.3058419243986254
55790,Female,45.0,No,No,Yes,Private,Urban,106.83,32.1,formerly smoked,No,0.5062549306886058,0.2387129535592281,0.2497136311569301
38541,Male,55.0,No,No,Yes,Private,Urban,84.44,30.5,formerly smoked,No,0.6189563845373606,0.1353522297110146,0.2313860252004582
23748,Female,31.0,No,No,Yes,Private,Urban,92.16,22.8,never smoked,No,0.3484728953003493,0.170990674914597,0.143184421534937
18790,Male,25.0,No,No,No,Private,Urban,85.96,34.5,formerly smoked,No,0.2808520229910966,0.1423691256578339,0.277205040091638
45751,Male,73.0,Yes,No,Yes,Self-employed,Rural,202.57,37.4,never smoked,No,0.8218190014651189,0.6806850706305972,0.3104238258877434
72369,Female,14.0,No,No,No,children,Rural,65.41,19.5,Unknown,No,0.1568804237574664,0.0475025390084018,0.1053837342497136
7171,Female,56.0,No,No,Yes,Govt_job,Urban,102.51,55.7,Unknown,No,0.6302265299222359,0.2187701966577417,0.5200458190148912
52826,Male,60.0,No,No,Yes,Private,Rural,62.6,30.4,Unknown,No,0.6753071114617378,0.0345305142646108,0.2302405498281786
42556,Male,27.0,No,No,Yes,Private,Urban,150.1,25.3,never smoked,No,0.3033923137608475,0.4384636690979595,0.1718213058419244
507,Female,28.0,No,No,Yes,Private,Rural,94.15,23.1,smokes,No,0.314662459145723,0.1801772689502354,0.1466208476517755
56746,Male,46.0,Yes,No,Yes,Private,Urban,65.5,30.7,never smoked,No,0.5175250760734813,0.0479180131105161,0.2336769759450171
54072,Female,11.0,No,No,No,children,Urban,81.31,18.8,never smoked,No,0.12306998760284,0.1209029637152617,0.0973654066437571
49760,Female,63.0,No,No,Yes,Private,Rural,78.96,28.6,never smoked,No,0.7091175476163643,0.110054473271166,0.2096219931271477
61821,Female,59.0,No,No,Yes,Private,Rural,123.47,27.5,Unknown,No,0.6640369660768624,0.3155294986612501,0.1970217640320733
65481,Male,57.0,No,No,Yes,Private,Urban,90.4,26.5,never smoked,No,0.6414966753071114,0.1628658480288062,0.1855670103092783
6174,Female,35.0,No,No,No,Private,Urban,71.59,40.3,never smoked,No,0.3935534768398512,0.0760317606869172,0.3436426116838487
68224,Male,54.0,No,No,Yes,Private,Rural,209.5,37.9,formerly smoked,No,0.6076862391524851,0.7126765764933986,0.3161512027491409
61559,Male,7.0,No,No,No,children,Urban,86.6,17.1,Unknown,No,0.0779894060633382,0.1453236081617579,0.0778923253150057
65564,Female,48.0,No,No,Yes,Private,Urban,57.43,53.5,formerly smoked,No,0.5400653668432323,0.0106638352876004,0.4948453608247423
18890,Male,69.0,Yes,No,Yes,Private,Rural,87.93,33.6,never smoked,No,0.776738419925617,0.1514633921152248,0.2668957617411225
58936,Male,59.0,No,No,Yes,Private,Rural,203.16,43.4,Unknown,No,0.6640369660768624,0.6834087341889021,0.3791523482245131
67667,Female,45.0,Yes,No,Yes,Self-employed,Rural,112.12,30.5,never smoked,No,0.5062549306886058,0.2631335980057243,0.2313860252004582
68138,Male,49.0,No,No,Yes,Private,Urban,92.02,38.1,never smoked,No,0.5513355122281077,0.1703443818668636,0.3184421534936999
50363,Female,73.0,Yes,No,Yes,Private,Rural,60.98,29.9,formerly smoked,No,0.8218190014651189,0.0270519804265534,0.2245131729667812
4740,Female,24.0,No,No,No,Private,Urban,86.35,32.7,never smoked,No,0.2695818776062211,0.1441695134336626,0.2565864833906071
39683,Male,26.0,No,No,No,Private,Rural,71.26,28.6,Unknown,No,0.292122168375972,0.0745083556458314,0.2096219931271477
49903,Male,27.0,No,No,No,Private,Urban,72.61,38.5,never smoked,No,0.3033923137608475,0.0807404671775459,0.3230240549828179
63457,Female,78.0,No,Yes,No,Self-employed,Urban,110.78,22.9,never smoked,No,0.8781697283894963,0.2569476502631336,0.1443298969072164
18595,Female,77.0,No,No,Yes,Private,Urban,99.78,38.0,never smoked,No,0.8668995830046208,0.2061674822269412,0.3172966781214204
64912,Female,59.0,No,No,Yes,Self-employed,Rural,201.45,43.8,smokes,No,0.6640369660768624,0.6755147262487304,0.3837342497136312
68382,Male,0.32,No,No,No,children,Urban,127.78,20.8,Unknown,No,0.0027048348923701,0.3354260917736127,0.120274914089347
69510,Male,39.0,No,No,Yes,Private,Rural,121.32,26.8,never smoked,No,0.4386340583793531,0.3056042839996306,0.1890034364261168
29872,Female,57.82,No,No,Yes,Private,Urban,83.89,25.5,never smoked,No,0.6507381945227093,0.132813221309205,0.1741122565864833
1924,Male,54.0,No,No,Yes,Private,Rural,74.06,28.1,never smoked,No,0.6076862391524851,0.0874342166004985,0.2038946162657503
67243,Female,75.0,No,Yes,Yes,Private,Urban,206.15,25.4,never smoked,No,0.8443592922348698,0.6972117071369218,0.1729667812142038
3494,Female,80.0,No,No,Yes,Private,Rural,102.9,26.7,Unknown,No,0.9007100191592471,0.2205705844335703,0.1878579610538373
37307,Female,35.0,No,No,Yes,Private,Urban,65.48,50.5,never smoked,No,0.3935534768398512,0.0478256855322685,0.4604810996563574
41175,Female,22.0,No,No,No,Govt_job,Urban,123.23,21.3,Unknown,No,0.2470415868364702,0.3144215677222787,0.1260022909507445
48303,Male,39.0,No,No,Yes,Private,Rural,71.3,34.7,never smoked,No,0.4386340583793531,0.0746930108023266,0.279495990836197
31473,Male,6.0,No,No,Yes,children,Rural,79.05,17.9,Unknown,No,0.0667192606784627,0.1104699473732803,0.0870561282932416
31402,Female,62.0,No,No,Yes,Self-employed,Rural,102.21,36.3,never smoked,No,0.6978474022314888,0.2173852829840273,0.2978235967926689
18996,Female,13.0,No,No,No,children,Urban,105.22,18.4,Unknown,No,0.145610278372591,0.2312805835102945,0.0927835051546391
2573,Male,56.0,No,No,Yes,Govt_job,Rural,84.58,34.5,Unknown,No,0.6302265299222359,0.135998522758748,0.277205040091638
60683,Male,53.0,No,No,Yes,Govt_job,Urban,77.3,33.4,never smoked,No,0.5964160937676096,0.1023912842766134,0.2646048109965636
70537,Male,5.0,No,No,No,children,Rural,74.79,19.4,Unknown,No,0.0554491152935872,0.0908041732065368,0.1042382588774341
63193,Female,44.0,No,No,Yes,Private,Rural,88.75,25.6,Unknown,No,0.4949847853037304,0.1552488228233773,0.1752577319587629
12228,Male,13.0,No,No,No,children,Rural,97.97,24.5,never smoked,No,0.145610278372591,0.1978118363955313,0.1626575028636884
58107,Female,59.0,No,No,Yes,Private,Rural,79.18,30.0,Unknown,No,0.6640369660768624,0.1110700766318899,0.2256586483390607
28647,Female,35.0,No,No,Yes,Private,Urban,81.33,28.9,never smoked,No,0.3935534768398512,0.1209952912935093,0.2130584192439862
57086,Female,52.0,No,No,Yes,Private,Urban,126.68,28.1,never smoked,No,0.5851459483827341,0.3303480749699935,0.2038946162657503
5505,Female,76.0,No,No,Yes,Private,Urban,196.61,23.0,never smoked,No,0.8556294376197453,0.6531714523128058,0.1454753722794959
44112,Female,51.0,No,No,Yes,Self-employed,Urban,219.92,33.5,formerly smoked,No,0.5738758029978587,0.7607792447604098,0.265750286368843
56645,Female,79.0,No,No,No,Govt_job,Rural,79.16,34.8,formerly smoked,No,0.8894398737743716,0.1109777490536423,0.2806414662084764
16652,Female,69.0,No,No,Yes,Self-employed,Urban,99.68,17.6,formerly smoked,No,0.776738419925617,0.2057058443357031,0.0836197021764032
32445,Female,78.0,No,No,Yes,Self-employed,Urban,79.55,21.1,formerly smoked,No,0.8781697283894963,0.1127781368294709,0.1237113402061855
18752,Male,60.0,No,No,Yes,Private,Rural,87.86,29.0,formerly smoked,No,0.6753071114617378,0.1511402455913581,0.2142038946162657
35152,Male,10.0,No,No,No,children,Urban,76.92,15.8,Unknown,No,0.1117998422179646,0.1006370602899086,0.0630011454753722
70081,Male,42.0,Yes,No,Yes,Self-employed,Rural,77.24,41.2,Unknown,No,0.4724444945339794,0.1021143015418705,0.3539518900343643
72340,Male,21.0,No,No,No,Private,Urban,120.94,29.7,formerly smoked,No,0.2357714414515947,0.3038500600129258,0.2222222222222222
67112,Female,56.0,No,No,Yes,Private,Rural,77.66,40.8,never smoked,No,0.6302265299222359,0.1040531806850706,0.3493699885452462
42323,Male,59.0,No,No,Yes,Govt_job,Rural,231.95,33.2,never smoked,No,0.6640369660768624,0.8163142830763548,0.2623138602520046
35022,Female,69.0,No,No,Yes,Private,Urban,111.48,37.0,smokes,No,0.776738419925617,0.2601791155018004,0.3058419243986254
21625,Female,25.0,No,No,Yes,Private,Urban,84.25,24.5,Unknown,No,0.2808520229910966,0.1344751177176622,0.1626575028636884
49972,Male,63.0,No,No,Yes,Self-employed,Rural,216.38,34.5,never smoked,No,0.7091175476163643,0.7444372634105807,0.277205040091638
44142,Male,25.0,No,No,No,Private,Rural,95.01,28.0,never smoked,No,0.2808520229910966,0.1841473548148832,0.2027491408934708
364,Female,58.0,No,No,Yes,Private,Urban,105.74,26.8,formerly smoked,No,0.6527668206919869,0.2336811005447327,0.1890034364261168
59669,Female,28.0,No,No,Yes,Private,Rural,58.41,21.0,Unknown,No,0.314662459145723,0.0151878866217339,0.122565864833906
69900,Female,46.0,No,No,Yes,Govt_job,Urban,56.89,23.8,smokes,No,0.5175250760734813,0.0081709906749146,0.1546391752577319
12753,Male,53.0,No,No,Yes,Private,Urban,86.25,29.3,never smoked,No,0.5964160937676096,0.1437078755424245,0.2176403207331042
10273,Female,37.0,No,No,Yes,Private,Rural,86.49,24.4,Unknown,No,0.4160937676096021,0.1448158064813959,0.1615120274914089
30824,Male,12.0,No,No,No,children,Rural,115.47,22.6,Unknown,No,0.1343401329877155,0.278598467362201,0.140893470790378
587,Female,14.0,No,No,No,children,Rural,92.22,22.8,Unknown,No,0.1568804237574664,0.1712676576493398,0.143184421534937
55856,Female,60.0,No,No,Yes,Private,Rural,83.16,29.7,smokes,No,0.6753071114617378,0.1294432647031668,0.2222222222222222
47196,Male,42.0,No,No,Yes,Private,Rural,110.68,32.4,formerly smoked,No,0.4724444945339794,0.2564860123718955,0.2531500572737686
67724,Female,65.0,No,No,Yes,Private,Rural,70.06,35.8,Unknown,No,0.7316578383861152,0.068968700950974,0.2920962199312714
23488,Female,80.0,Yes,No,Yes,Self-employed,Urban,213.33,31.1,formerly smoked,No,0.9007100191592471,0.7303573077278184,0.2382588774341351
2849,Male,32.0,No,No,Yes,Private,Urban,93.52,31.9,Unknown,No,0.3597430406852248,0.1772689502354353,0.2474226804123711
12134,Female,53.0,No,No,Yes,Govt_job,Rural,87.62,33.7,smokes,No,0.5964160937676096,0.1500323146523867,0.2680412371134021
24058,Female,50.0,No,No,Yes,Govt_job,Rural,77.67,25.6,never smoked,No,0.5626056576129832,0.1040993444741944,0.1752577319587629
15117,Female,23.0,No,No,No,Private,Rural,95.66,19.9,smokes,No,0.2583117322213457,0.1871480011079309,0.1099656357388316
72915,Female,45.0,No,No,Yes,Private,Urban,172.33,45.3,formerly smoked,No,0.5062549306886058,0.5410857723201921,0.4009163802978236
61836,Female,0.8,No,No,No,children,Urban,106.59,15.5,Unknown,No,0.0081145046771103,0.2376050226202567,0.0595647193585337
13116,Male,49.0,No,No,Yes,Private,Urban,87.06,28.3,never smoked,No,0.5513355122281077,0.1474471424614532,0.2061855670103093
48146,Male,70.0,No,Yes,Yes,Private,Rural,93.02,40.2,formerly smoked,No,0.7880085653104925,0.1749607607792447,0.3424971363115693
72819,Female,82.0,No,No,Yes,Self-employed,Urban,243.59,24.3,never smoked,No,0.923250309928998,0.8700489336164712,0.1603665521191294
20070,Male,23.0,No,No,No,Private,Urban,86.7,24.6,Unknown,No,0.2583117322213457,0.145785246052996,0.1638029782359679
8778,Female,79.0,No,No,Yes,Self-employed,Rural,97.81,26.6,formerly smoked,No,0.8894398737743716,0.1970732157695504,0.1867124856815578
13764,Female,74.0,No,No,Yes,Private,Urban,116.04,30.9,never smoked,No,0.8330891468499944,0.2812298033422584,0.2359679266895761
2005,Male,78.0,No,Yes,Yes,Self-employed,Urban,169.43,23.5,formerly smoked,No,0.8781697283894963,0.5276982734742868,0.1512027491408934
8616,Female,50.0,No,No,Yes,Private,Rural,68.41,23.9,smokes,No,0.5626056576129832,0.0613516757455451,0.1557846506300114
51524,Female,34.0,No,No,Yes,Private,Rural,94.44,34.2,Unknown,No,0.3822833314549758,0.1815160188348259,0.2737686139747995
50541,Female,47.0,No,No,Yes,Govt_job,Urban,73.48,34.9,smokes,No,0.5287952214583568,0.0847567168313175,0.281786941580756
21971,Female,52.0,No,No,Yes,Govt_job,Rural,183.87,26.2,never smoked,No,0.5851459483827341,0.5943587849690702,0.1821305841924398
32183,Female,45.0,No,No,Yes,Private,Rural,66.08,36.2,never smoked,No,0.5062549306886058,0.0505955128796971,0.2966781214203895
30145,Female,62.0,No,No,Yes,Private,Rural,72.19,22.4,Unknown,No,0.6978474022314888,0.0788015880343458,0.138602520045819
30482,Female,18.0,No,No,No,Private,Rural,101.09,19.3,smokes,No,0.2019610052969683,0.2122149386021604,0.1030927835051546
30790,Female,75.0,Yes,No,Yes,Govt_job,Urban,88.83,41.7,never smoked,No,0.8443592922348698,0.1556181331363678,0.3596792668957618
63337,Female,42.0,No,No,Yes,Private,Rural,69.99,46.0,smokes,No,0.4724444945339794,0.0686455544271073,0.4089347079037801
66264,Male,29.0,No,No,Yes,Govt_job,Urban,102.4,26.9,smokes,No,0.3259326045305984,0.2182623949773798,0.1901489117983963
641,Male,52.0,No,No,Yes,Govt_job,Rural,87.26,40.1,smokes,No,0.5851459483827341,0.1483704182439295,0.3413516609392898
42412,Female,18.0,No,No,No,Private,Urban,146.59,27.7,Unknown,No,0.2019610052969683,0.4222601791155018,0.1993127147766323
65693,Male,67.0,No,No,Yes,Govt_job,Rural,59.0,29.5,Unknown,No,0.7541981291558661,0.0179115501800387,0.2199312714776632
3746,Female,66.0,No,No,Yes,Private,Urban,76.83,26.0,never smoked,No,0.7429279837709907,0.1002215861877943,0.1798396334478808
71304,Female,5.0,No,No,No,children,Urban,101.83,22.7,Unknown,No,0.0554491152935872,0.2156310589973225,0.1420389461626575
34935,Female,18.0,No,No,No,Govt_job,Urban,90.92,16.0,never smoked,No,0.2019610052969683,0.1652663650632444,0.0652920962199312
29173,Male,52.0,No,No,Yes,Govt_job,Urban,67.5,27.7,smokes,No,0.5851459483827341,0.0571507709352783,0.1993127147766323
26474,Female,44.0,No,No,Yes,Govt_job,Urban,97.16,33.1,Unknown,No,0.4949847853037304,0.1940725694765026,0.2611683848797251
56857,Male,46.0,Yes,No,Yes,Govt_job,Urban,85.62,33.1,formerly smoked,No,0.5175250760734813,0.1407995568276244,0.2611683848797251
13529,Female,36.0,No,No,Yes,Govt_job,Rural,129.43,29.7,never smoked,No,0.4048236222247267,0.3430431169790416,0.2222222222222222
61979,Female,61.0,No,No,Yes,Govt_job,Urban,106.01,34.0,smokes,No,0.6865772568466133,0.2349275228510756,0.2714776632302405
70886,Female,7.0,No,No,No,children,Rural,114.82,33.3,Unknown,No,0.0779894060633382,0.2755978210691533,0.263459335624284
27693,Female,15.0,No,No,No,children,Urban,121.39,27.0,Unknown,No,0.1681505691423419,0.3059274305234974,0.1912943871706758
59762,Male,61.0,No,No,Yes,Private,Urban,227.98,14.2,Unknown,No,0.6865772568466133,0.7979872587942017,0.0446735395189003
57308,Male,20.0,No,No,No,Private,Urban,78.97,19.4,never smoked,No,0.2245012960667192,0.1101006370602899,0.1042382588774341
3701,Female,2.0,No,No,No,children,Urban,84.12,15.3,Unknown,No,0.0216386791389608,0.1338749884590527,0.0572737686139748
61339,Male,47.0,No,No,Yes,Self-employed,Urban,95.04,28.7,never smoked,No,0.5287952214583568,0.1842858461822547,0.2107674684994272
24965,Female,25.0,No,No,No,Govt_job,Rural,103.15,21.0,smokes,No,0.2808520229910966,0.2217246791616656,0.122565864833906
33952,Male,66.0,Yes,No,Yes,Private,Urban,82.91,28.9,formerly smoked,No,0.7429279837709907,0.1282891699750715,0.2130584192439862
39042,Male,2.0,No,No,No,children,Urban,70.93,20.3,Unknown,No,0.0216386791389608,0.0729849506047456,0.1145475372279496
43039,Female,63.0,No,No,Yes,Private,Rural,153.6,28.0,formerly smoked,No,0.7091175476163643,0.4546209952912934,0.2027491408934708
59915,Female,53.0,No,No,No,Private,Urban,129.43,29.6,never smoked,No,0.5964160937676096,0.3430431169790416,0.2210767468499427
4727,Female,33.0,No,No,Yes,Govt_job,Rural,81.0,30.2,formerly smoked,No,0.3710131860701003,0.1194718862524236,0.2279495990836197
16481,Female,23.0,No,No,No,Govt_job,Rural,71.81,22.2,Unknown,No,0.2583117322213457,0.077047364047641,0.13631156930126
15018,Female,23.0,No,No,No,Govt_job,Urban,84.46,28.4,formerly smoked,No,0.2583117322213457,0.1354445572892622,0.2073310423825887
49702,Female,81.0,No,No,Yes,Self-employed,Rural,101.32,29.6,formerly smoked,No,0.9119801645441226,0.2132767057520081,0.2210767468499427
48017,Male,55.0,No,No,Yes,Private,Urban,62.56,28.6,never smoked,No,0.6189563845373606,0.0343458591081156,0.2096219931271477
15313,Female,69.0,Yes,No,Yes,Govt_job,Urban,208.2,32.6,formerly smoked,No,0.776738419925617,0.706675283907303,0.2554410080183276
22231,Male,58.0,No,No,Yes,Private,Urban,199.42,29.0,never smoked,No,0.6527668206919869,0.6661434770565967,0.2142038946162657
45461,Female,70.0,No,No,Yes,Private,Urban,91.28,30.1,Unknown,No,0.7880085653104925,0.1669282614717016,0.2268041237113402
30678,Female,48.0,No,No,Yes,Private,Urban,77.99,31.2,formerly smoked,No,0.5400653668432323,0.1055765857261563,0.2394043528064146
57904,Male,15.0,No,No,No,Private,Urban,190.13,20.7,never smoked,No,0.1681505691423419,0.6232573169605761,0.1191294387170675
67483,Male,31.0,Yes,No,Yes,Private,Urban,149.68,45.1,never smoked,No,0.3484728953003493,0.4365247899547594,0.3986254295532646
5646,Female,2.0,No,No,No,children,Rural,92.3,14.8,Unknown,No,0.0216386791389608,0.1716369679623303,0.0515463917525773
67911,Male,80.0,No,No,No,Self-employed,Rural,235.54,37.4,formerly smoked,No,0.9007100191592471,0.8328870833718031,0.3104238258877434
16856,Female,69.0,No,No,Yes,Private,Rural,84.46,19.9,Unknown,No,0.776738419925617,0.1354445572892622,0.1099656357388316
37972,Female,52.0,No,No,Yes,Private,Rural,68.7,16.0,Unknown,No,0.5851459483827341,0.0626904256301357,0.0652920962199312
62414,Male,80.0,No,No,Yes,Self-employed,Urban,178.89,27.4,Unknown,No,0.9007100191592471,0.5713692179854122,0.1958762886597937
50485,Male,54.0,No,No,Yes,Private,Rural,227.74,33.4,smokes,No,0.6076862391524851,0.7968793278552304,0.2646048109965636
47405,Female,2.0,No,No,No,children,Rural,100.66,18.5,Unknown,No,0.0216386791389608,0.2102298956698365,0.0939289805269186
70928,Male,39.0,No,No,Yes,Govt_job,Urban,73.62,33.4,Unknown,No,0.4386340583793531,0.0854030098790509,0.2646048109965636
4679,Female,38.0,No,No,Yes,Private,Rural,100.05,20.8,smokes,No,0.4273639129944776,0.2074139045332841,0.120274914089347
15070,Male,76.0,No,Yes,Yes,Private,Rural,213.8,22.0,never smoked,No,0.8556294376197453,0.7325270058166374,0.134020618556701
25625,Female,45.0,No,No,No,Private,Rural,103.94,32.5,smokes,No,0.5062549306886058,0.2253716185024467,0.2542955326460481
35123,Female,1.24,No,No,No,children,Urban,84.2,19.2,Unknown,No,0.0130733686464555,0.1342442987720432,0.1019473081328751
20165,Female,77.0,No,No,Yes,Private,Urban,250.8,32.9,never smoked,No,0.8668995830046208,0.9033330255747392,0.258877434135166
41730,Female,46.0,No,No,No,Govt_job,Rural,112.29,23.5,Unknown,No,0.5175250760734813,0.2639183824208291,0.1512027491408934
38761,Female,50.0,No,No,Yes,Private,Urban,65.98,21.7,never smoked,No,0.5626056576129832,0.050133874988459,0.1305841924398625
4797,Female,52.0,No,No,Yes,Private,Urban,99.1,29.1,Unknown,No,0.5851459483827341,0.203028344566522,0.2153493699885452
19199,Female,73.0,Yes,No,Yes,Private,Rural,217.84,28.1,never smoked,No,0.8218190014651189,0.7511771766226572,0.2038946162657503
30402,Male,41.0,No,No,Yes,Private,Urban,104.34,30.3,Unknown,No,0.461174349149104,0.2272181700673991,0.2290950744558992
25088,Female,40.0,No,No,No,Private,Rural,217.0,29.4,formerly smoked,No,0.4499042037642285,0.747299418336257,0.2187857961053837
54756,Female,59.0,No,No,Yes,Private,Rural,57.47,30.1,formerly smoked,No,0.6640369660768624,0.0108484904440956,0.2268041237113402
19590,Male,48.0,No,No,Yes,Govt_job,Urban,78.24,32.9,never smoked,No,0.5400653668432323,0.1067306804542516,0.258877434135166
23332,Female,42.0,No,No,Yes,Private,Rural,94.38,34.0,never smoked,No,0.4724444945339794,0.181239036100083,0.2714776632302405
16971,Female,26.0,No,No,No,Private,Urban,100.31,38.6,never smoked,No,0.292122168375972,0.2086141630505032,0.3241695303550974
11727,Male,39.0,No,No,Yes,Self-employed,Urban,74.29,29.3,smokes,No,0.4386340583793531,0.0884959837503462,0.2176403207331042
60255,Female,34.0,No,No,No,Private,Rural,103.43,43.6,smokes,No,0.3822833314549758,0.2230172652571323,0.3814432989690721
38796,Female,54.0,No,No,Yes,Private,Urban,99.83,22.7,formerly smoked,No,0.6076862391524851,0.2063983011725602,0.1420389461626575
46498,Female,57.0,No,No,Yes,Private,Urban,217.4,36.6,never smoked,No,0.6414966753071114,0.7491459699012095,0.3012600229095075
41042,Female,1.56,No,No,No,children,Urban,71.81,22.6,Unknown,No,0.0166798151696156,0.077047364047641,0.140893470790378
35069,Female,50.0,Yes,Yes,No,Govt_job,Urban,79.79,25.6,smokes,No,0.5626056576129832,0.1138860677684424,0.1752577319587629
61103,Female,64.0,Yes,No,Yes,Self-employed,Urban,190.92,31.4,never smoked,No,0.7203876930012397,0.6269042563013572,0.2416953035509736
25095,Male,44.0,No,No,Yes,Govt_job,Urban,94.76,26.0,formerly smoked,No,0.4949847853037304,0.1829932600867879,0.1798396334478808
55607,Male,38.0,No,No,Yes,Private,Urban,101.43,27.0,formerly smoked,No,0.4273639129944776,0.2137845074323701,0.1912943871706758
63029,Male,32.0,No,No,Yes,Private,Rural,115.86,33.3,never smoked,No,0.3597430406852248,0.2803988551380297,0.263459335624284
2919,Male,17.0,No,No,No,Private,Rural,95.27,17.3,Unknown,No,0.1906908599120928,0.1853476133321022,0.0801832760595647
60003,Male,81.0,No,No,Yes,Govt_job,Rural,89.02,26.9,never smoked,No,0.9119801645441226,0.1564952451297202,0.1901489117983963
46256,Male,15.0,No,No,No,Private,Urban,77.55,24.8,Unknown,No,0.1681505691423419,0.1035453790047087,0.1660939289805269
23659,Female,5.0,No,No,No,children,Urban,75.86,20.0,Unknown,No,0.0554491152935872,0.0957436986427846,0.1111111111111111
2952,Male,45.0,Yes,Yes,Yes,Private,Rural,93.62,35.8,never smoked,No,0.5062549306886058,0.1777305881266734,0.2920962199312714
49229,Male,52.0,No,No,Yes,Govt_job,Rural,72.71,36.9,formerly smoked,No,0.5851459483827341,0.081202105068784,0.3046964490263459
2457,Female,67.0,No,Yes,Yes,Self-employed,Rural,94.45,29.6,formerly smoked,No,0.7541981291558661,0.1815621826239498,0.2210767468499427
23508,Female,17.0,No,No,No,Never_worked,Rural,88.57,31.1,never smoked,No,0.1906908599120928,0.1544178746191487,0.2382588774341351
28364,Male,45.0,No,No,Yes,Private,Urban,84.12,25.1,formerly smoked,No,0.5062549306886058,0.1338749884590527,0.1695303550973654
31360,Female,31.0,No,No,No,Private,Urban,89.11,51.9,smokes,No,0.3484728953003493,0.1569107192318345,0.4765177548682703
19335,Male,58.0,No,No,Yes,Self-employed,Rural,99.83,36.3,smokes,No,0.6527668206919869,0.2063983011725602,0.2978235967926689
40390,Female,12.0,No,No,No,children,Rural,150.03,28.2,never smoked,No,0.1343401329877155,0.4381405225740928,0.2050400916380297
63936,Female,30.0,No,No,No,Private,Urban,69.67,35.8,formerly smoked,No,0.3372027499154739,0.0671683131751454,0.2920962199312714
24832,Female,65.0,No,No,Yes,Self-employed,Urban,77.46,30.9,formerly smoked,No,0.7316578383861152,0.1031299049025943,0.2359679266895761
25219,Female,23.0,No,No,No,Private,Urban,100.54,22.1,smokes,No,0.2583117322213457,0.2096759302003508,0.1351660939289805
42393,Male,14.0,No,No,Yes,children,Rural,142.38,17.6,never smoked,No,0.1568804237574664,0.4028252238943772,0.0836197021764032
17951,Male,27.0,No,No,No,Self-employed,Rural,110.87,29.5,smokes,No,0.3033923137608475,0.2573631243652479,0.2199312714776632
17443,Female,53.0,No,No,Yes,Private,Urban,73.6,27.0,never smoked,No,0.5964160937676096,0.0853106823008032,0.1912943871706758
52242,Female,58.0,Yes,No,Yes,Govt_job,Rural,59.52,33.2,never smoked,No,0.6527668206919869,0.0203120672144769,0.2623138602520046
45931,Male,9.0,No,No,No,children,Urban,142.68,24.4,Unknown,No,0.1005296968330891,0.4042101375680916,0.1615120274914089
7828,Male,59.0,Yes,No,Yes,Self-employed,Urban,182.9,34.4,smokes,No,0.6640369660768624,0.5898808974240606,0.2760595647193585
21547,Female,46.0,No,No,Yes,Govt_job,Urban,75.28,36.7,formerly smoked,No,0.5175250760734813,0.0930661988736035,0.302405498281787
42305,Female,41.0,No,No,No,Private,Rural,100.75,27.2,never smoked,No,0.461174349149104,0.2106453697719509,0.1935853379152348
9442,Male,55.0,No,No,Yes,Self-employed,Rural,163.82,27.5,never smoked,No,0.6189563845373606,0.5018003877758286,0.1970217640320733
57047,Female,43.0,No,No,Yes,Private,Urban,110.42,32.6,smokes,No,0.4837146399188549,0.2552857538546764,0.2554410080183276
2538,Female,5.0,No,No,No,children,Rural,105.18,28.1,Unknown,No,0.0554491152935872,0.2310959283537993,0.2038946162657503
28461,Male,15.0,No,No,No,Never_worked,Rural,79.59,28.4,Unknown,No,0.1681505691423419,0.1129627919859662,0.2073310423825887
16433,Female,45.0,No,No,Yes,Private,Rural,107.99,25.5,never smoked,No,0.5062549306886058,0.2440679530975902,0.1741122565864833
50681,Female,36.0,No,No,Yes,Private,Rural,90.22,28.7,formerly smoked,No,0.4048236222247267,0.1620348998245776,0.2107674684994272
71327,Female,47.0,No,No,No,Private,Rural,143.45,23.8,never smoked,No,0.5287952214583568,0.4077647493306249,0.1546391752577319
46699,Female,18.0,No,No,No,Private,Rural,78.57,34.4,Unknown,No,0.2019610052969683,0.1082540854953374,0.2760595647193585
25248,Male,19.0,No,No,No,Private,Rural,79.82,26.1,Unknown,No,0.2132311506818438,0.1140245591358138,0.1809851088201604
35315,Male,65.0,No,No,Yes,Self-employed,Urban,95.88,28.5,never smoked,No,0.7316578383861152,0.1881636044686547,0.2084765177548682
63144,Male,17.0,No,No,No,Govt_job,Urban,123.04,29.6,never smoked,No,0.1906908599120928,0.3135444557289263,0.2210767468499427
21517,Male,54.0,No,No,Yes,Private,Urban,92.34,29.4,smokes,No,0.6076862391524851,0.1718216231188256,0.2187857961053837
29789,Female,46.0,No,No,Yes,Private,Rural,116.84,28.2,never smoked,No,0.5175250760734813,0.2849229064721633,0.2050400916380297
52207,Female,59.0,No,No,Yes,Self-employed,Urban,90.04,28.7,formerly smoked,No,0.6640369660768624,0.161203951620349,0.2107674684994272
19209,Female,48.0,No,No,Yes,Govt_job,Rural,255.17,38.1,formerly smoked,No,0.5400653668432323,0.9235066014218446,0.3184421534936999
42041,Female,38.0,No,No,Yes,Private,Rural,217.55,28.1,smokes,No,0.4273639129944776,0.7498384267380667,0.2038946162657503
58153,Female,18.0,No,No,No,Private,Urban,123.66,22.2,never smoked,No,0.2019610052969683,0.3164066106546024,0.13631156930126
27717,Female,56.0,No,No,Yes,Self-employed,Urban,112.16,25.7,Unknown,No,0.6302265299222359,0.2633182531622196,0.1764032073310423
35106,Male,3.0,No,No,No,children,Urban,88.43,17.7,Unknown,No,0.0329088245238363,0.1537715815714154,0.0847651775486827
47730,Female,41.0,No,No,No,Private,Urban,86.03,26.4,never smoked,No,0.461174349149104,0.1426922721817007,0.1844215349369988
20657,Female,67.0,No,No,Yes,Private,Urban,227.96,32.8,Unknown,No,0.7541981291558661,0.7978949312159542,0.2577319587628865
63411,Female,60.0,No,No,Yes,Private,Rural,85.6,34.5,Unknown,No,0.6753071114617378,0.1407072292493767,0.277205040091638
18671,Female,47.0,No,No,Yes,Govt_job,Rural,111.68,39.5,never smoked,No,0.5287952214583568,0.2611023912842766,0.3344788087056128
3843,Female,24.0,No,No,No,Private,Urban,73.49,23.5,never smoked,No,0.2695818776062211,0.0848028806204413,0.1512027491408934
1225,Male,43.0,No,No,Yes,Private,Urban,87.82,38.8,formerly smoked,No,0.4837146399188549,0.1509555904348628,0.3264604810996563
40264,Female,17.0,No,No,No,Private,Rural,99.29,21.2,Unknown,No,0.1906908599120928,0.2039054565598744,0.124856815578465
72451,Female,45.0,No,No,Yes,Private,Rural,63.73,32.0,Unknown,No,0.5062549306886058,0.0397470224356015,0.2485681557846506
20292,Female,24.0,No,No,Yes,Private,Urban,85.55,63.3,never smoked,No,0.2695818776062211,0.1404764103037577,0.6071019473081329
31201,Female,79.0,No,No,No,Self-employed,Urban,79.2,32.6,never smoked,No,0.8894398737743716,0.1111624042101376,0.2554410080183276
59359,Male,79.0,No,No,Yes,Self-employed,Urban,105.93,25.2,never smoked,No,0.8894398737743716,0.2345582125380851,0.1706758304696448
57985,Female,27.0,No,No,Yes,Private,Urban,94.19,27.4,formerly smoked,No,0.3033923137608475,0.1803619241067307,0.1958762886597937
2885,Male,72.0,Yes,No,Yes,Private,Rural,231.71,28.1,Unknown,No,0.8105488560802434,0.8152063521373835,0.2038946162657503
59743,Female,64.0,No,Yes,Yes,Self-employed,Rural,69.28,38.6,formerly smoked,No,0.7203876930012397,0.0653679253993168,0.3241695303550974
11544,Female,34.0,No,No,Yes,Private,Urban,71.37,32.9,never smoked,No,0.3822833314549758,0.0750161573261933,0.258877434135166
11969,Female,50.0,No,No,Yes,Self-employed,Urban,110.18,26.0,formerly smoked,No,0.5626056576129832,0.2541778229157049,0.1798396334478808
42929,Female,58.0,No,No,Yes,Self-employed,Rural,59.68,29.2,formerly smoked,No,0.6527668206919869,0.0210506878404579,0.2164948453608247
72776,Male,26.0,No,No,Yes,Govt_job,Urban,94.24,29.2,formerly smoked,No,0.292122168375972,0.1805927430523497,0.2164948453608247
21438,Female,50.0,No,No,Yes,Private,Rural,82.1,26.4,Unknown,No,0.5626056576129832,0.1245499030560428,0.1844215349369988
51084,Female,80.0,No,No,Yes,Private,Urban,62.62,23.1,formerly smoked,No,0.9007100191592471,0.0346228418428584,0.1466208476517755
13440,Male,2.0,No,No,No,children,Urban,107.83,21.2,Unknown,No,0.0216386791389608,0.2433293324716092,0.124856815578465
15533,Male,46.0,No,No,No,Private,Urban,107.59,26.2,formerly smoked,No,0.5175250760734813,0.2422214015326378,0.1821305841924398
50903,Female,29.0,No,No,Yes,Private,Urban,116.98,23.4,never smoked,No,0.3259326045305984,0.2855691995198966,0.1500572737686139
35276,Female,6.0,No,No,No,children,Rural,84.1,19.8,Unknown,No,0.0667192606784627,0.133782660880805,0.1088201603665521
44472,Male,32.0,No,No,Yes,Self-employed,Urban,160.64,20.4,smokes,No,0.3597430406852248,0.4871203028344565,0.115693012600229
23587,Female,16.0,No,No,No,Never_worked,Urban,84.4,25.9,never smoked,No,0.1794207145272174,0.1351675745545194,0.1786941580756013
66794,Female,44.0,No,No,Yes,Govt_job,Rural,81.13,34.1,never smoked,No,0.4949847853037304,0.1200720155110331,0.2726231386025201
35854,Female,23.0,No,No,No,Private,Urban,88.19,18.3,never smoked,No,0.2583117322213457,0.1526636506324439,0.0916380297823596
60907,Male,48.0,No,No,Yes,Private,Rural,127.13,35.0,Unknown,No,0.5400653668432323,0.332425445480565,0.2829324169530355
12449,Female,34.0,No,No,Yes,Private,Rural,119.61,26.4,Unknown,No,0.3822833314549758,0.297710276059459,0.1844215349369988
54371,Male,78.0,No,No,Yes,Govt_job,Urban,143.47,27.6,formerly smoked,No,0.8781697283894963,0.4078570769088726,0.1981672394043528
8106,Female,42.0,No,No,Yes,Private,Rural,84.6,27.0,smokes,No,0.4724444945339794,0.1360908503369956,0.1912943871706758
2013,Male,41.92,No,No,No,Private,Rural,110.72,28.1,never smoked,No,0.4715428829031894,0.2566706675283907,0.2038946162657503
61785,Female,40.0,No,No,No,Private,Rural,158.93,31.3,smokes,No,0.4499042037642285,0.4792262948942849,0.2405498281786941
2707,Male,10.0,No,No,No,children,Rural,68.94,18.0,Unknown,No,0.1117998422179646,0.0637983565691071,0.0882016036655211
49120,Female,39.0,No,No,Yes,Govt_job,Rural,69.38,22.1,Unknown,No,0.4386340583793531,0.0658295632905548,0.1351660939289805
30752,Female,42.0,No,No,No,Self-employed,Urban,72.0,34.4,never smoked,No,0.4724444945339794,0.0779244760409934,0.2760595647193585
64972,Male,47.0,No,No,Yes,Private,Rural,57.76,33.2,smokes,No,0.5287952214583568,0.0121872403286861,0.2623138602520046
49537,Male,14.0,No,No,No,Private,Rural,108.65,23.1,never smoked,No,0.1568804237574664,0.2471147631797618,0.1466208476517755
315,Male,45.0,No,No,Yes,Private,Rural,65.42,39.7,never smoked,No,0.5062549306886058,0.0475487027975256,0.3367697594501718
62814,Male,58.0,No,No,No,Private,Rural,78.93,40.7,formerly smoked,No,0.6527668206919869,0.1099159819037947,0.3482245131729668
7665,Female,73.0,No,No,Yes,Private,Rural,98.34,30.9,Unknown,No,0.8218190014651189,0.1995198965931124,0.2359679266895761
28108,Female,62.0,No,No,Yes,Private,Rural,82.57,27.5,Unknown,No,0.6978474022314888,0.1267196011448619,0.1970217640320733
50536,Female,62.0,No,Yes,Yes,Govt_job,Urban,124.37,28.3,never smoked,No,0.6978474022314888,0.3196842396823931,0.2061855670103093
8655,Female,51.0,No,Yes,Yes,Self-employed,Urban,100.96,33.4,never smoked,No,0.5738758029978587,0.2116148093435509,0.2646048109965636
760,Male,0.8,No,No,No,children,Urban,75.22,33.1,Unknown,No,0.0081145046771103,0.0927892161388606,0.2611683848797251
47501,Female,57.0,No,No,Yes,Private,Urban,59.85,41.5,never smoked,No,0.6414966753071114,0.0218354722555627,0.3573883161512027
16863,Female,8.0,No,No,No,children,Rural,104.75,17.1,Unknown,No,0.0892595514482136,0.2291108854214754,0.0778923253150057
51342,Female,69.0,No,No,Yes,Govt_job,Rural,70.98,30.0,Unknown,No,0.776738419925617,0.0732157695503647,0.2256586483390607
35759,Female,16.0,No,No,No,Private,Rural,92.77,24.9,Unknown,No,0.1794207145272174,0.1738066660511494,0.1672394043528064
17270,Female,56.0,No,No,Yes,Private,Urban,82.12,32.5,smokes,No,0.6302265299222359,0.1246422306342904,0.2542955326460481
53862,Female,41.0,No,No,Yes,Govt_job,Rural,106.35,26.1,never smoked,No,0.461174349149104,0.2364970916812852,0.1809851088201604
40951,Female,1.24,No,No,No,children,Rural,77.33,19.2,Unknown,No,0.0130733686464555,0.1025297756439848,0.1019473081328751
56976,Female,42.0,No,No,Yes,Private,Urban,96.01,38.7,Unknown,No,0.4724444945339794,0.1887637337272643,0.3253150057273768
37299,Male,57.0,No,No,Yes,Private,Urban,107.49,29.5,never smoked,No,0.6414966753071114,0.2417597636413996,0.2199312714776632
33247,Male,20.0,No,No,No,Private,Rural,88.47,28.1,smokes,No,0.2245012960667192,0.1539562367279106,0.2038946162657503
32560,Female,8.0,No,No,No,children,Rural,87.92,14.1,Unknown,No,0.0892595514482136,0.151417228326101,0.0435280641466208
10973,Male,43.0,No,No,Yes,Private,Urban,91.13,33.9,never smoked,No,0.4837146399188549,0.1662358046348444,0.270332187857961
3816,Male,62.0,No,No,Yes,Private,Rural,80.72,26.0,formerly smoked,No,0.6978474022314888,0.1181793001569568,0.1798396334478808
50215,Male,42.0,No,No,No,Govt_job,Rural,59.83,52.8,never smoked,No,0.4724444945339794,0.0217431446773151,0.4868270332187858
10351,Male,50.0,No,No,Yes,Private,Urban,67.02,28.1,formerly smoked,No,0.5626056576129832,0.0549349090573354,0.2038946162657503
69665,Female,63.0,No,No,Yes,Private,Rural,60.22,29.2,never smoked,No,0.7091175476163643,0.0235435324531437,0.2164948453608247
14976,Male,80.0,No,Yes,Yes,Private,Rural,82.41,26.3,smokes,No,0.9007100191592471,0.1259809805188809,0.1832760595647193
28183,Female,13.0,No,No,No,children,Urban,75.78,23.6,Unknown,No,0.145610278372591,0.0953743883297941,0.1523482245131729
33085,Female,20.0,No,No,No,Private,Rural,102.42,18.6,never smoked,No,0.2245012960667192,0.2183547225556273,0.0950744558991981
13386,Female,71.0,No,No,Yes,Self-employed,Rural,98.45,29.7,Unknown,No,0.7992787106953679,0.2000276982734743,0.2222222222222222
15601,Female,45.0,No,No,Yes,Private,Urban,93.51,30.9,smokes,No,0.5062549306886058,0.1772227864463115,0.2359679266895761
22254,Female,76.0,No,No,Yes,Private,Rural,113.68,22.8,Unknown,No,0.8556294376197453,0.2703351491090389,0.143184421534937
15539,Female,41.0,No,No,Yes,Private,Rural,97.41,25.5,never smoked,No,0.461174349149104,0.1952266642045979,0.1741122565864833
58235,Male,76.0,No,No,Yes,Private,Urban,58.65,25.6,smokes,No,0.8556294376197453,0.0162958175607053,0.1752577319587629
21162,Female,78.0,No,No,Yes,Self-employed,Rural,81.68,23.0,Unknown,No,0.8781697283894963,0.1226110239128428,0.1454753722794959
67880,Male,5.0,No,No,No,children,Urban,148.52,20.6,Unknown,No,0.0554491152935872,0.4311697904163974,0.1179839633447881
42545,Male,29.0,Yes,No,Yes,Private,Urban,77.55,28.1,formerly smoked,No,0.3259326045305984,0.1035453790047087,0.2038946162657503
48359,Female,43.0,No,No,Yes,Private,Rural,142.12,28.4,smokes,No,0.4837146399188549,0.4016249653771581,0.2073310423825887
54815,Female,49.0,No,No,Yes,Private,Urban,125.3,29.7,formerly smoked,No,0.5513355122281077,0.3239774720709076,0.2222222222222222
6233,Male,70.0,Yes,No,Yes,Self-employed,Rural,118.81,26.0,smokes,No,0.7880085653104925,0.2940171729295541,0.1798396334478808
52225,Male,24.0,No,No,No,Private,Urban,84.16,37.5,smokes,No,0.2695818776062211,0.1340596436155479,0.3115693012600229
50463,Female,41.0,No,No,Yes,Private,Urban,78.74,42.3,smokes,No,0.461174349149104,0.1090388699104422,0.3665521191294387
49084,Male,20.0,No,No,No,Private,Urban,57.51,21.4,Unknown,No,0.2245012960667192,0.0110331456005909,0.127147766323024
61889,Male,34.0,No,No,Yes,Private,Urban,61.11,29.3,never smoked,No,0.3822833314549758,0.0276521096851629,0.2176403207331042
25525,Male,32.0,No,No,Yes,Private,Urban,78.3,31.0,Unknown,No,0.3597430406852248,0.1070076631889945,0.2371134020618556
9730,Female,27.0,No,No,Yes,Private,Urban,76.19,22.0,never smoked,No,0.3033923137608475,0.0972671036838703,0.134020618556701
30622,Female,44.0,No,No,Yes,Govt_job,Rural,115.99,20.9,never smoked,No,0.4949847853037304,0.2809989843966393,0.1214203894616265
26480,Male,20.0,No,No,No,Private,Rural,100.8,45.9,never smoked,No,0.2245012960667192,0.2108761887175699,0.4077892325315005
65895,Female,52.0,No,No,Yes,Private,Urban,98.27,61.2,Unknown,No,0.5851459483827341,0.1991967500692456,0.5830469644902635
4913,Female,45.0,No,No,Yes,Private,Rural,93.85,29.1,never smoked,No,0.5062549306886058,0.178792355276521,0.2153493699885452
20676,Male,29.0,No,No,No,Private,Rural,94.69,28.4,smokes,No,0.3259326045305984,0.1826701135629212,0.2073310423825887
52410,Female,16.0,No,No,No,Private,Urban,136.23,22.6,Unknown,No,0.1794207145272174,0.3744344935832332,0.140893470790378
57944,Female,35.0,No,No,Yes,Govt_job,Rural,56.12,24.2,smokes,No,0.3935534768398512,0.0046163789123811,0.1592210767468499
20290,Female,45.0,No,No,No,children,Rural,93.03,16.3,Unknown,No,0.5062549306886058,0.1750069245683685,0.0687285223367697
10875,Male,45.0,No,No,Yes,Private,Rural,196.81,35.9,never smoked,No,0.5062549306886058,0.654094728095282,0.2932416953035509
2393,Male,59.0,Yes,No,Yes,Private,Rural,87.81,29.8,formerly smoked,No,0.6640369660768624,0.1509094266457391,0.2233676975945017
66464,Male,63.0,No,No,Yes,Private,Urban,222.66,37.0,formerly smoked,No,0.7091175476163643,0.7734281229803341,0.3058419243986254
40548,Male,52.0,No,No,Yes,Private,Rural,223.58,35.8,never smoked,No,0.5851459483827341,0.7776751915797249,0.2920962199312714
19699,Female,50.0,No,No,No,Private,Urban,85.77,21.1,never smoked,No,0.5626056576129832,0.1414920136644815,0.1237113402061855
205,Female,43.0,No,No,No,Private,Rural,88.23,37.6,Unknown,No,0.4837146399188549,0.1528483057889391,0.3127147766323024
54805,Female,27.0,No,No,No,Self-employed,Urban,73.65,24.8,Unknown,No,0.3033923137608475,0.0855415012464223,0.1660939289805269
53195,Male,30.0,No,No,No,Private,Urban,141.8,31.9,never smoked,No,0.3372027499154739,0.4001477241251962,0.2474226804123711
9107,Female,8.0,No,No,No,children,Rural,92.65,17.5,Unknown,No,0.0892595514482136,0.1732527005816637,0.0824742268041237
65196,Male,75.0,Yes,No,Yes,Private,Rural,198.79,28.1,smokes,No,0.8443592922348698,0.6632351583417966,0.2038946162657503
58833,Male,14.0,No,No,No,Private,Rural,61.04,17.6,Unknown,No,0.1568804237574664,0.0273289631612962,0.0836197021764032
4309,Female,23.0,No,No,Yes,Private,Rural,102.88,38.9,Unknown,No,0.2583117322213457,0.2204782568553226,0.3276059564719358
55462,Male,6.0,No,No,No,children,Urban,123.39,15.2,Unknown,No,0.0667192606784627,0.3151601883482596,0.0561282932416952
51746,Female,45.0,No,No,Yes,Govt_job,Rural,67.07,27.4,never smoked,No,0.5062549306886058,0.0551657280029544,0.1958762886597937
59335,Male,38.0,No,No,Yes,Govt_job,Rural,69.88,27.9,smokes,No,0.4273639129944776,0.0681377527467454,0.2016036655211912
65644,Male,3.0,No,No,No,children,Urban,57.02,16.1,Unknown,No,0.0329088245238363,0.0087711199335241,0.0664375715922107
52790,Female,26.0,No,No,Yes,Govt_job,Urban,123.81,39.0,never smoked,No,0.292122168375972,0.3170990674914596,0.3287514318442153
42681,Female,58.0,No,No,Yes,Govt_job,Rural,73.36,36.6,formerly smoked,No,0.6527668206919869,0.0842027513618317,0.3012600229095075
33697,Male,57.0,No,No,Yes,Private,Rural,90.54,33.7,never smoked,No,0.6414966753071114,0.1635121410765396,0.2680412371134021
51963,Male,58.0,No,No,Yes,Private,Urban,69.24,27.6,never smoked,No,0.6527668206919869,0.0651832702428215,0.1981672394043528
13375,Male,76.0,No,No,Yes,Private,Urban,192.39,31.0,never smoked,No,0.8556294376197453,0.6336903333025574,0.2371134020618556
37526,Female,68.0,Yes,Yes,Yes,Private,Rural,233.3,28.1,Unknown,No,0.7654682745407415,0.8225463946080694,0.2038946162657503
59454,Female,79.0,No,No,Yes,Self-employed,Urban,74.35,28.5,formerly smoked,No,0.8894398737743716,0.088772966485089,0.2084765177548682
23600,Male,34.0,No,No,Yes,Private,Rural,71.94,31.4,smokes,No,0.3822833314549758,0.0776474933062505,0.2416953035509736
61245,Male,75.0,No,No,Yes,Self-employed,Rural,82.35,25.3,never smoked,No,0.8443592922348698,0.1257039977841381,0.1718213058419244
53489,Male,11.0,No,No,No,children,Rural,73.28,17.2,never smoked,No,0.12306998760284,0.0838334410488413,0.0790378006872852
42284,Male,71.0,Yes,No,Yes,Self-employed,Rural,97.57,26.9,Unknown,No,0.7992787106953679,0.1959652848305788,0.1901489117983963
69089,Female,40.0,No,No,Yes,Private,Rural,83.3,32.0,smokes,No,0.4499042037642285,0.1300895577509002,0.2485681557846506
68970,Female,24.0,No,No,No,Private,Urban,85.07,22.5,Unknown,No,0.2695818776062211,0.1382605484258147,0.1397479954180985
42938,Male,0.64,No,No,No,children,Urban,60.4,17.3,Unknown,No,0.0063112814155302,0.0243744806573723,0.0801832760595647
11327,Female,82.0,No,No,Yes,Self-employed,Urban,79.96,27.0,formerly smoked,No,0.923250309928998,0.1146708521835472,0.1912943871706758
5464,Male,32.0,No,No,Yes,Private,Rural,70.96,33.1,Unknown,No,0.3597430406852248,0.073123441972117,0.2611683848797251
56995,Female,81.0,No,No,Yes,Private,Urban,82.86,25.0,never smoked,No,0.9119801645441226,0.1280583510294525,0.1683848797250859
53646,Female,33.0,Yes,No,No,Private,Rural,97.87,28.1,smokes,No,0.3710131860701003,0.1973501985042932,0.2038946162657503
45139,Female,79.0,No,Yes,Yes,Private,Rural,201.38,31.1,never smoked,No,0.8894398737743716,0.6751915797248638,0.2382588774341351
38354,Female,62.0,No,No,Yes,Self-employed,Urban,91.82,19.6,Unknown,No,0.6978474022314888,0.1694211060843873,0.1065292096219931
15566,Male,39.0,No,No,Yes,Private,Rural,91.85,24.7,smokes,No,0.4386340583793531,0.1695595974517588,0.1649484536082474
4793,Female,60.0,Yes,No,Yes,Self-employed,Urban,99.23,48.0,formerly smoked,No,0.6753071114617378,0.2036284738251316,0.43184421534937
59223,Male,48.0,No,No,Yes,Private,Urban,68.13,38.0,formerly smoked,No,0.5400653668432323,0.0600590896500784,0.3172966781214204
30927,Male,24.0,No,No,No,Private,Rural,93.76,24.0,formerly smoked,No,0.2695818776062211,0.1783768811744068,0.1569301260022909
966,Female,70.0,Yes,No,Yes,Self-employed,Rural,103.89,30.0,never smoked,No,0.7880085653104925,0.2251407995568276,0.2256586483390607
62923,Female,17.0,No,No,No,Private,Urban,87.39,24.6,Unknown,No,0.1906908599120928,0.148970547502539,0.1638029782359679
30627,Female,56.0,No,No,Yes,Govt_job,Urban,89.53,23.1,Unknown,No,0.6302265299222359,0.1588495983750346,0.1466208476517755
17236,Female,3.0,No,No,No,children,Urban,66.61,17.4,Unknown,No,0.0329088245238363,0.0530421937032591,0.0813287514318441
27566,Male,65.0,No,No,Yes,Private,Rural,236.14,43.1,Unknown,No,0.7316578383861152,0.8356569107192318,0.3757159221076747
6368,Male,72.0,No,Yes,Yes,Private,Urban,99.76,27.1,formerly smoked,No,0.8105488560802434,0.2060751546486936,0.1924398625429553
33876,Male,45.0,No,No,No,children,Urban,87.09,14.3,Unknown,No,0.5062549306886058,0.1475856338288247,0.0458190148911798
52164,Male,29.0,No,No,Yes,Private,Urban,193.81,46.8,never smoked,No,0.3259326045305984,0.6402455913581386,0.418098510882016
32446,Female,44.0,No,No,Yes,Private,Rural,97.27,26.0,never smoked,No,0.4949847853037304,0.1945803711568645,0.1798396334478808
56855,Female,46.0,No,No,Yes,Private,Urban,137.77,29.3,never smoked,No,0.5175250760734813,0.3815437171083002,0.2176403207331042
43837,Male,33.0,No,No,Yes,Private,Urban,105.19,50.1,smokes,No,0.3710131860701003,0.231142092142923,0.4558991981672394
5477,Male,63.0,No,Yes,Yes,Self-employed,Urban,82.72,28.1,never smoked,No,0.7091175476163643,0.1274120579817191,0.2038946162657503
64974,Male,0.24,No,No,No,children,Urban,58.35,18.6,Unknown,No,0.00180322326158,0.014910903886991,0.0950744558991981
33976,Male,55.0,No,No,Yes,Private,Urban,68.79,27.0,never smoked,No,0.6189563845373606,0.06310589973225,0.1912943871706758
31019,Female,56.0,No,No,Yes,Private,Urban,94.19,25.7,never smoked,No,0.6302265299222359,0.1803619241067307,0.1764032073310423
4699,Male,50.0,No,No,No,Govt_job,Rural,121.17,25.5,formerly smoked,No,0.5626056576129832,0.3049118271627735,0.1741122565864833
60276,Male,78.0,Yes,Yes,Yes,Self-employed,Rural,106.41,27.3,never smoked,No,0.8781697283894963,0.236774074416028,0.1947308132875143
24420,Male,63.0,No,No,Yes,Private,Rural,104.79,24.1,Unknown,No,0.7091175476163643,0.2292955405779706,0.1580756013745704
28478,Female,31.0,No,No,Yes,Private,Urban,82.18,42.7,never smoked,No,0.3484728953003493,0.1249192133690333,0.3711340206185567
63236,Male,65.0,No,No,Yes,Private,Urban,96.81,41.2,smokes,No,0.7316578383861152,0.1924568368571692,0.3539518900343643
6324,Male,51.0,No,No,Yes,Private,Rural,107.42,20.2,formerly smoked,No,0.5738758029978587,0.241436617117533,0.11340206185567
62059,Male,60.0,No,No,Yes,Private,Rural,69.2,30.9,never smoked,No,0.6753071114617378,0.0649986150863263,0.2359679266895761
28400,Male,45.0,No,No,Yes,Self-employed,Urban,92.73,27.7,never smoked,No,0.5062549306886058,0.1736220108946542,0.1993127147766323
5841,Female,23.0,No,No,No,Private,Urban,86.11,22.3,never smoked,No,0.2583117322213457,0.1430615824946911,0.1374570446735395
5681,Male,46.0,No,No,Yes,Private,Rural,111.78,39.4,smokes,No,0.5175250760734813,0.2615640291755147,0.3333333333333333
16587,Female,16.0,No,No,No,Private,Urban,122.26,34.2,never smoked,No,0.1794207145272174,0.309943680177269,0.2737686139747995
3477,Female,26.0,No,No,No,Private,Rural,78.16,20.1,never smoked,No,0.292122168375972,0.1063613701412612,0.1122565864833906
23890,Female,44.0,Yes,No,Yes,Govt_job,Rural,105.77,36.8,never smoked,No,0.4949847853037304,0.2338195919121041,0.3035509736540664
3803,Female,56.0,No,No,Yes,Private,Urban,102.97,28.1,smokes,No,0.6302265299222359,0.220893730957437,0.2038946162657503
34068,Female,45.0,No,No,Yes,Govt_job,Urban,77.53,33.9,formerly smoked,No,0.5062549306886058,0.103453051426461,0.270332187857961
60145,Female,38.0,No,No,Yes,Private,Urban,77.35,27.7,never smoked,No,0.4273639129944776,0.1026221032222324,0.1993127147766323
11702,Female,18.0,No,No,No,Never_worked,Urban,82.36,22.7,Unknown,No,0.2019610052969683,0.1257501615732619,0.1420389461626575
50508,Female,63.0,No,Yes,Yes,Self-employed,Rural,239.95,32.2,smokes,No,0.7091175476163643,0.8532453143754039,0.2508591065292097
65473,Male,23.0,No,No,No,Private,Urban,61.96,22.0,smokes,No,0.2583117322213457,0.0315760317606869,0.134020618556701
51257,Male,32.0,No,No,No,Private,Rural,72.1,23.2,never smoked,No,0.3597430406852248,0.0783861139322315,0.1477663230240549
47810,Male,8.0,No,No,No,children,Rural,107.97,26.7,Unknown,No,0.0892595514482136,0.2439756255193426,0.1878579610538373
38737,Male,77.0,No,No,Yes,Self-employed,Urban,60.77,23.0,smokes,No,0.8668995830046208,0.0260825408549534,0.1454753722794959
39060,Female,41.0,No,No,Yes,Private,Urban,71.06,23.4,never smoked,No,0.461174349149104,0.0735850798633552,0.1500572737686139
56804,Female,34.0,No,No,No,Govt_job,Urban,60.36,24.1,never smoked,No,0.3822833314549758,0.0241898255008771,0.1580756013745704
45099,Male,25.0,No,No,Yes,Self-employed,Urban,83.33,31.5,Unknown,No,0.2808520229910966,0.1302280491182716,0.2428407789232531
22221,Female,35.0,No,No,Yes,Self-employed,Urban,65.33,26.1,never smoked,No,0.3935534768398512,0.0471332286954113,0.1809851088201604
57134,Male,15.0,No,No,No,children,Urban,113.28,23.7,never smoked,No,0.1681505691423419,0.2684885975440864,0.1534936998854524
57609,Male,1.64,No,No,No,children,Urban,170.88,20.8,Unknown,No,0.0175814268004057,0.5343920228972393,0.120274914089347
6132,Male,4.0,No,No,No,children,Urban,103.34,18.8,Unknown,No,0.0441789699087118,0.222601791155018,0.0973654066437571
31600,Female,33.0,No,No,No,Private,Rural,106.08,32.5,formerly smoked,No,0.3710131860701003,0.2352506693749423,0.2542955326460481
51497,Female,28.0,No,No,Yes,Self-employed,Urban,156.45,24.3,never smoked,No,0.314662459145723,0.4677776751915796,0.1603665521191294
48455,Female,37.0,No,No,Yes,Private,Urban,60.05,24.1,Unknown,No,0.4160937676096021,0.0227587480380389,0.1580756013745704
13049,Female,50.0,No,No,Yes,Private,Rural,114.05,32.5,never smoked,No,0.5626056576129832,0.2720432093066199,0.2542955326460481
9079,Female,76.0,No,Yes,Yes,Self-employed,Urban,202.21,39.3,formerly smoked,No,0.8556294376197453,0.6790231742221402,0.3321878579610538
68568,Female,72.0,No,No,Yes,Self-employed,Rural,57.28,23.9,never smoked,No,0.8105488560802434,0.0099713784507432,0.1557846506300114
72867,Male,16.0,No,No,No,Private,Rural,99.49,22.0,Unknown,No,0.1794207145272174,0.2048287323423506,0.134020618556701
53121,Male,44.0,No,No,Yes,Private,Urban,63.6,37.3,never smoked,No,0.4949847853037304,0.0391468931769919,0.3092783505154639
33779,Male,46.0,No,Yes,Yes,Govt_job,Urban,80.01,33.0,formerly smoked,No,0.5175250760734813,0.1149016711291663,0.2600229095074456
52367,Male,46.0,No,No,Yes,Private,Urban,58.42,24.7,formerly smoked,No,0.5175250760734813,0.0152340504108577,0.1649484536082474
29314,Female,73.0,Yes,Yes,Yes,Govt_job,Urban,67.38,32.8,formerly smoked,No,0.8218190014651189,0.0565968054657926,0.2577319587628865
18366,Female,29.0,No,No,Yes,Self-employed,Rural,73.58,29.8,Unknown,No,0.3259326045305984,0.0852183547225556,0.2233676975945017
32522,Male,19.0,No,No,No,Private,Urban,103.92,24.1,Unknown,No,0.2132311506818438,0.225279290924199,0.1580756013745704
3980,Female,27.0,No,No,No,Private,Rural,80.22,21.6,never smoked,No,0.3033923137608475,0.1158711107007663,0.129438717067583
5350,Female,36.0,No,No,Yes,Private,Rural,103.76,27.1,never smoked,No,0.4048236222247267,0.2245406702982181,0.1924398625429553
3428,Female,61.0,No,No,Yes,Self-employed,Urban,77.06,27.0,never smoked,No,0.6865772568466133,0.1012833533376419,0.1912943871706758
62552,Female,9.0,No,No,No,children,Rural,90.22,18.7,Unknown,No,0.1005296968330891,0.1620348998245776,0.0962199312714776
51085,Female,25.0,No,No,No,Private,Urban,181.3,35.8,never smoked,No,0.2808520229910966,0.5824946911642508,0.2920962199312714
60586,Female,68.0,No,No,Yes,Private,Rural,85.29,27.1,formerly smoked,No,0.7654682745407415,0.1392761517865386,0.1924398625429553
59988,Female,26.0,Yes,No,Yes,Private,Urban,107.59,33.1,smokes,No,0.292122168375972,0.2422214015326378,0.2611683848797251
34122,Female,17.0,No,No,No,Private,Urban,87.72,25.9,smokes,No,0.1906908599120928,0.1504939525436247,0.1786941580756013
11392,Male,75.0,No,No,Yes,Private,Rural,70.73,26.7,smokes,No,0.8443592922348698,0.0720616748222694,0.1878579610538373
53632,Male,34.0,No,No,No,Govt_job,Urban,72.75,22.2,Unknown,No,0.3822833314549758,0.0813867602252793,0.13631156930126
32202,Male,53.0,No,No,Yes,Private,Rural,95.47,26.0,smokes,No,0.5964160937676096,0.1862708891145785,0.1798396334478808
52489,Female,18.0,No,No,No,Private,Urban,70.54,23.5,Unknown,No,0.2019610052969683,0.071184562828917,0.1512027491408934
13374,Male,48.0,No,No,Yes,Private,Urban,100.03,23.5,never smoked,No,0.5400653668432323,0.2073215769550364,0.1512027491408934
66370,Female,5.0,No,No,No,children,Rural,59.78,15.9,Unknown,No,0.0554491152935872,0.021512325731696,0.0641466208476517
259,Male,79.0,No,No,Yes,Private,Urban,198.79,24.9,never smoked,No,0.8894398737743716,0.6632351583417966,0.1672394043528064
12092,Male,16.0,No,No,No,Private,Rural,90.39,26.5,never smoked,No,0.1794207145272174,0.1628196842396824,0.1855670103092783
38263,Female,32.0,No,No,Yes,Private,Rural,147.04,35.7,Unknown,No,0.3597430406852248,0.4243375496260732,0.290950744558992
1666,Male,70.0,No,No,Yes,Govt_job,Urban,202.55,28.1,formerly smoked,No,0.7880085653104925,0.6805927430523497,0.2038946162657503
48922,Male,55.0,Yes,Yes,Yes,Private,Rural,64.92,32.1,smokes,No,0.6189563845373606,0.045240513341335,0.2497136311569301
58061,Female,70.0,Yes,No,Yes,Self-employed,Rural,154.6,28.5,formerly smoked,No,0.7880085653104925,0.4592373742036745,0.2084765177548682
50283,Female,51.0,No,No,Yes,Private,Urban,95.98,40.1,smokes,No,0.5738758029978587,0.1886252423598929,0.3413516609392898
26605,Female,39.0,No,No,Yes,Private,Rural,102.51,26.6,smokes,No,0.4386340583793531,0.2187701966577417,0.1867124856815578
10396,Male,79.0,Yes,No,No,Private,Urban,96.52,21.7,Unknown,No,0.8894398737743716,0.1911180869725787,0.1305841924398625
14695,Male,80.0,Yes,No,Yes,Self-employed,Rural,232.12,28.8,never smoked,No,0.9007100191592471,0.8170990674914597,0.2119129438717067
2579,Female,34.0,No,No,Yes,Self-employed,Rural,78.12,32.0,Unknown,No,0.3822833314549758,0.1061767149847659,0.2485681557846506
71061,Male,59.0,No,No,Yes,Govt_job,Urban,70.04,31.4,never smoked,No,0.6640369660768624,0.0688763733727264,0.2416953035509736
41250,Female,54.0,No,No,Yes,Private,Rural,97.61,32.1,smokes,No,0.6076862391524851,0.1961499399870741,0.2497136311569301
53923,Female,45.0,No,No,No,Private,Urban,113.11,19.8,Unknown,No,0.5062549306886058,0.2677038131289816,0.1088201603665521
54139,Female,21.0,No,No,No,Private,Rural,71.06,25.3,formerly smoked,No,0.2357714414515947,0.0735850798633552,0.1718213058419244
32430,Female,80.22,No,No,No,children,Rural,104.95,28.8,Unknown,No,0.9031894511439196,0.2300341612039516,0.2119129438717067
14928,Female,26.0,No,No,No,Private,Urban,81.94,26.0,smokes,No,0.292122168375972,0.1238112824300618,0.1798396334478808
32457,Male,62.0,No,No,Yes,Private,Urban,96.37,30.7,formerly smoked,No,0.6978474022314888,0.1904256301357215,0.2336769759450171
59718,Female,33.0,No,No,Yes,Private,Rural,114.16,43.3,never smoked,No,0.3710131860701003,0.2725510109869818,0.3780068728522336
4948,Male,51.0,No,No,Yes,Self-employed,Rural,93.58,35.2,smokes,No,0.5738758029978587,0.1775459329701782,0.2852233676975945
40870,Female,75.0,No,No,Yes,Govt_job,Urban,73.89,20.9,Unknown,No,0.8443592922348698,0.0866494321853938,0.1214203894616265
2218,Male,42.0,No,No,Yes,Private,Rural,107.83,35.3,smokes,No,0.4724444945339794,0.2433293324716092,0.286368843069874
57494,Female,82.0,Yes,No,Yes,Self-employed,Urban,107.21,27.0,formerly smoked,No,0.923250309928998,0.2404671775459329,0.1912943871706758
1534,Female,61.0,No,No,Yes,Private,Rural,99.35,26.1,smokes,No,0.6865772568466133,0.2041824392946173,0.1809851088201604
69329,Female,62.0,No,No,Yes,Private,Rural,203.57,29.1,Unknown,No,0.6978474022314888,0.6853014495429784,0.2153493699885452
39852,Male,59.0,Yes,Yes,Yes,Govt_job,Rural,81.51,32.6,never smoked,No,0.6640369660768624,0.121826239497738,0.2554410080183276
65358,Female,31.0,No,No,Yes,Private,Rural,69.26,21.8,formerly smoked,No,0.3484728953003493,0.0652755978210691,0.131729667812142
36488,Male,12.0,No,No,No,children,Urban,111.47,32.3,never smoked,No,0.1343401329877155,0.2601329517126766,0.2520045819014891
55567,Female,76.0,No,Yes,Yes,Private,Rural,86.09,28.1,never smoked,No,0.8556294376197453,0.1429692549164435,0.2038946162657503
33562,Male,71.0,No,Yes,Yes,Govt_job,Rural,72.94,32.3,formerly smoked,No,0.7992787106953679,0.0822638722186317,0.2520045819014891
20006,Female,15.0,No,No,No,Private,Urban,76.77,21.7,Unknown,No,0.1681505691423419,0.0999446034530514,0.1305841924398625
47696,Male,45.0,No,No,Yes,Private,Rural,60.32,25.0,never smoked,No,0.5062549306886058,0.0240051703443818,0.1683848797250859
60117,Male,30.0,No,No,No,Private,Rural,133.24,28.9,never smoked,No,0.3372027499154739,0.3606315206352137,0.2130584192439862
5032,Female,47.0,No,No,Yes,Private,Rural,65.01,21.7,formerly smoked,No,0.5287952214583568,0.0456559874434493,0.1305841924398625
5780,Female,47.0,No,No,Yes,Private,Urban,74.63,45.3,never smoked,No,0.5287952214583568,0.0900655525805558,0.4009163802978236
52236,Female,60.0,No,No,Yes,Private,Rural,230.78,40.2,never smoked,No,0.6753071114617378,0.8109131197488689,0.3424971363115693
59752,Male,62.0,No,No,Yes,Private,Urban,72.5,22.5,formerly smoked,No,0.6978474022314888,0.080232665497184,0.1397479954180985
47005,Female,47.0,No,No,Yes,Private,Urban,68.48,21.3,never smoked,No,0.5287952214583568,0.0616748222694119,0.1260022909507445
4750,Male,78.0,No,No,Yes,Private,Urban,85.03,26.1,formerly smoked,No,0.8781697283894963,0.1380758932693195,0.1809851088201604
65127,Female,35.0,No,No,Yes,Private,Urban,80.76,28.8,smokes,No,0.3935534768398512,0.1183639553134521,0.2119129438717067
4498,Male,71.0,No,Yes,Yes,Private,Urban,204.98,28.1,formerly smoked,No,0.7992787106953679,0.6918105438094357,0.2038946162657503
32203,Female,57.0,No,No,Yes,Self-employed,Rural,95.36,32.4,formerly smoked,No,0.6414966753071114,0.1857630874342166,0.2531500572737686
27436,Male,12.0,No,No,No,children,Urban,110.33,20.4,Unknown,No,0.1343401329877155,0.2548702797525621,0.115693012600229
34999,Female,26.0,No,No,Yes,Private,Urban,89.18,25.9,formerly smoked,No,0.292122168375972,0.1572338657557012,0.1786941580756013
4213,Male,33.0,No,No,No,Self-employed,Rural,91.53,38.8,formerly smoked,No,0.3710131860701003,0.1680823561997969,0.3264604810996563
71669,Male,60.0,No,No,Yes,Private,Rural,65.16,30.8,never smoked,No,0.6753071114617378,0.0463484442803065,0.2348224513172966
36803,Female,35.0,No,No,No,Private,Rural,74.53,24.6,never smoked,No,0.3935534768398512,0.0896039146893177,0.1638029782359679
17725,Female,10.0,No,No,No,children,Rural,93.29,20.6,Unknown,No,0.1117998422179646,0.1762071830855877,0.1179839633447881
57983,Male,50.0,No,No,Yes,Govt_job,Urban,227.89,38.8,formerly smoked,No,0.5626056576129832,0.7975717846920874,0.3264604810996563
68089,Female,44.0,No,No,Yes,Private,Urban,121.46,40.4,Unknown,No,0.4949847853037304,0.3062505770473641,0.3447880870561283
3135,Female,73.0,No,No,No,Self-employed,Rural,69.35,28.1,never smoked,No,0.8218190014651189,0.0656910719231834,0.2038946162657503
563,Female,41.0,No,No,Yes,Private,Rural,216.71,36.2,never smoked,No,0.461174349149104,0.7459606684516665,0.2966781214203895
19364,Female,7.0,No,No,No,children,Rural,74.96,18.8,Unknown,No,0.0779894060633382,0.0915889576216415,0.0973654066437571
34590,Male,45.0,No,No,Yes,Self-employed,Rural,75.25,27.6,smokes,No,0.5062549306886058,0.0929277075062321,0.1981672394043528
55459,Female,60.0,No,No,No,Private,Rural,91.82,28.3,formerly smoked,No,0.6753071114617378,0.1694211060843873,0.2061855670103093
38724,Female,49.0,Yes,No,Yes,Govt_job,Urban,56.37,39.4,smokes,No,0.5513355122281077,0.0057704736404764,0.3333333333333333
52968,Female,45.0,No,No,Yes,Self-employed,Rural,149.15,33.5,Unknown,No,0.5062549306886058,0.4340781091311975,0.265750286368843
35716,Female,55.0,Yes,No,Yes,Private,Urban,202.67,40.4,formerly smoked,No,0.6189563845373606,0.6811467085218353,0.3447880870561283
51421,Female,54.0,No,No,Yes,Private,Rural,65.38,25.9,Unknown,No,0.6076862391524851,0.0473640476410303,0.1786941580756013
72525,Female,39.0,No,No,Yes,Private,Urban,90.31,27.6,smokes,No,0.4386340583793531,0.1624503739266919,0.1981672394043528
33009,Male,76.0,No,No,Yes,Self-employed,Rural,221.8,44.7,formerly smoked,No,0.8556294376197453,0.7694580371156865,0.3940435280641467
35437,Female,28.0,No,No,Yes,Private,Rural,73.39,30.8,Unknown,No,0.314662459145723,0.0843412427292032,0.2348224513172966
37253,Female,70.0,Yes,No,Yes,Private,Urban,147.12,22.3,formerly smoked,No,0.7880085653104925,0.4247068599390637,0.1374570446735395
46171,Male,28.0,No,No,Yes,Private,Urban,109.85,27.9,Unknown,No,0.314662459145723,0.2526544178746191,0.2016036655211912
18143,Male,79.0,No,No,Yes,Self-employed,Rural,103.21,22.9,formerly smoked,No,0.8894398737743716,0.2220016618964084,0.1443298969072164
35330,Male,30.0,No,No,Yes,Private,Urban,81.25,27.3,smokes,No,0.3372027499154739,0.1206259809805189,0.1947308132875143
32127,Female,26.0,No,No,Yes,Govt_job,Urban,84.69,25.0,never smoked,No,0.292122168375972,0.1365063244391099,0.1683848797250859
69834,Female,57.0,No,No,Yes,Govt_job,Rural,87.1,48.3,smokes,No,0.6414966753071114,0.1476317976179484,0.4352806414662085
56311,Female,16.0,No,No,No,Private,Rural,81.92,22.7,Unknown,No,0.1794207145272174,0.1237189548518142,0.1420389461626575
13439,Male,40.0,Yes,No,No,Private,Urban,90.91,39.1,Unknown,No,0.4499042037642285,0.1652202012741205,0.3298969072164948
36366,Male,77.0,No,No,Yes,Govt_job,Urban,64.4,27.8,never smoked,No,0.8668995830046208,0.0428399963068969,0.2004581901489118
13111,Female,67.0,Yes,No,Yes,Private,Rural,85.48,28.1,smokes,No,0.7541981291558661,0.140153263779891,0.2038946162657503
28932,Female,36.0,No,No,Yes,Private,Rural,67.29,36.7,formerly smoked,No,0.4048236222247267,0.0561813313636783,0.302405498281787
67521,Female,40.0,Yes,No,Yes,Private,Urban,124.48,38.5,Unknown,No,0.4499042037642285,0.3201920413627551,0.3230240549828179
65688,Male,2.0,No,Yes,No,children,Urban,62.89,29.4,Unknown,No,0.0216386791389608,0.0358692641492013,0.2187857961053837
58761,Male,52.0,No,No,Yes,Private,Urban,87.51,30.5,formerly smoked,No,0.5851459483827341,0.1495245129720247,0.2313860252004582
21192,Female,78.0,No,No,Yes,Private,Urban,93.15,23.6,Unknown,No,0.8781697283894963,0.1755608900378543,0.1523482245131729
72348,Female,22.0,No,No,No,Private,Urban,64.87,20.6,Unknown,No,0.2470415868364702,0.045009694395716,0.1179839633447881
1825,Male,45.0,No,No,Yes,Self-employed,Urban,90.68,31.7,smokes,No,0.5062549306886058,0.1641584341242729,0.2451317296678121
25674,Male,40.0,No,No,Yes,Private,Urban,104.64,24.9,Unknown,No,0.4499042037642285,0.2286030837411135,0.1672394043528064
33035,Female,20.0,No,No,No,Private,Urban,92.44,33.4,never smoked,No,0.2245012960667192,0.1722832610100637,0.2646048109965636
54297,Male,45.0,No,No,No,Private,Rural,120.46,22.2,Unknown,No,0.5062549306886058,0.3016341981349829,0.13631156930126
9122,Male,25.0,No,No,Yes,Private,Urban,89.87,26.5,never smoked,No,0.2808520229910966,0.1604191672052442,0.1855670103092783
1218,Female,23.0,No,No,No,Private,Urban,105.28,27.1,formerly smoked,No,0.2583117322213457,0.2315575662450374,0.1924398625429553
57210,Female,28.0,No,No,Yes,Private,Rural,131.8,30.3,never smoked,No,0.314662459145723,0.3539839350013849,0.2290950744558992
37096,Female,6.0,No,No,No,children,Rural,66.33,18.6,Unknown,No,0.0667192606784627,0.0517496076077924,0.0950744558991981
38243,Female,37.0,No,No,Yes,Private,Rural,101.07,26.4,Unknown,No,0.4160937676096021,0.2121226110239128,0.1844215349369988
17198,Female,10.0,No,No,No,children,Rural,83.37,17.8,formerly smoked,No,0.1117998422179646,0.1304127042747669,0.0859106529209622
70884,Female,34.0,No,No,Yes,Private,Urban,79.8,37.4,smokes,No,0.3822833314549758,0.1139322315575662,0.3104238258877434
51809,Female,60.0,No,No,Yes,Self-employed,Rural,103.17,32.1,formerly smoked,No,0.6753071114617378,0.2218170067399132,0.2497136311569301
40602,Female,22.0,No,No,No,Private,Urban,62.52,38.2,never smoked,No,0.2470415868364702,0.0341612039516203,0.3195876288659794
65116,Female,62.0,Yes,No,Yes,Self-employed,Urban,75.78,28.1,smokes,No,0.6978474022314888,0.0953743883297941,0.2038946162657503
70455,Female,52.0,No,No,Yes,Govt_job,Urban,110.36,39.1,formerly smoked,No,0.5851459483827341,0.2550087711199335,0.3298969072164948
41618,Male,61.0,No,No,No,Private,Rural,140.07,29.5,never smoked,No,0.6865772568466133,0.3921613886067768,0.2199312714776632
21209,Female,10.0,No,No,No,children,Rural,84.86,28.6,never smoked,No,0.1117998422179646,0.1372911088542147,0.2096219931271477
26103,Male,36.0,No,No,Yes,Private,Rural,106.85,40.1,never smoked,No,0.4048236222247267,0.2388052811374757,0.3413516609392898
10436,Female,29.0,No,No,Yes,Private,Rural,102.07,31.8,never smoked,No,0.3259326045305984,0.2167389899362939,0.2462772050400916
16550,Female,69.0,No,Yes,No,Govt_job,Urban,202.38,34.6,Unknown,No,0.776738419925617,0.6798079586372449,0.2783505154639175
17697,Female,62.0,No,No,Yes,Govt_job,Urban,67.07,24.5,never smoked,No,0.6978474022314888,0.0551657280029544,0.1626575028636884
10744,Male,62.0,No,Yes,Yes,Govt_job,Rural,73.7,26.2,never smoked,No,0.6978474022314888,0.0857723201920413,0.1821305841924398
7799,Female,79.0,No,No,No,Self-employed,Urban,77.59,33.0,never smoked,No,0.8894398737743716,0.1037300341612039,0.2600229095074456
57183,Male,13.0,No,No,No,children,Rural,69.16,22.3,Unknown,No,0.145610278372591,0.064813959929831,0.1374570446735395
121,Female,38.0,No,No,Yes,Private,Urban,91.44,28.1,Unknown,No,0.4273639129944776,0.1676668820976825,0.2038946162657503
32604,Male,49.0,No,No,Yes,Self-employed,Rural,215.81,58.1,never smoked,No,0.5513355122281077,0.7418059274305234,0.547537227949599
49883,Female,41.0,No,No,Yes,Private,Rural,65.4,36.9,formerly smoked,No,0.461174349149104,0.047456375219278,0.3046964490263459
68242,Male,56.0,No,No,Yes,Private,Urban,139.72,43.9,never smoked,No,0.6302265299222359,0.3905456559874434,0.3848797250859106
33726,Female,8.0,No,No,No,children,Urban,72.81,18.2,Unknown,No,0.0892595514482136,0.0816637429600221,0.0904925544100801
56255,Female,24.0,No,No,No,Private,Urban,149.17,23.1,never smoked,No,0.2695818776062211,0.434170436709445,0.1466208476517755
46455,Female,61.0,No,No,Yes,Private,Urban,125.74,32.6,Unknown,No,0.6865772568466133,0.3260086787923553,0.2554410080183276
13270,Female,40.0,No,No,No,Govt_job,Urban,90.21,41.2,never smoked,No,0.4499042037642285,0.1619887360354537,0.3539518900343643
38067,Female,22.0,No,No,No,Private,Urban,139.48,28.6,formerly smoked,No,0.2470415868364702,0.3894377250484719,0.2096219931271477
9160,Female,80.0,Yes,No,Yes,Private,Urban,90.77,26.0,never smoked,No,0.9007100191592471,0.1645739082263872,0.1798396334478808
52843,Female,60.0,Yes,No,Yes,Private,Urban,220.24,36.8,never smoked,No,0.6753071114617378,0.762256486012372,0.3035509736540664
67343,Female,57.0,No,No,Yes,Private,Rural,81.42,35.8,never smoked,No,0.6414966753071114,0.1214107653956236,0.2920962199312714
50805,Female,55.0,No,No,Yes,Private,Urban,102.36,24.2,never smoked,No,0.6189563845373606,0.2180777398208845,0.1592210767468499
10826,Female,39.0,No,No,Yes,Self-employed,Urban,82.85,22.9,smokes,No,0.4386340583793531,0.1280121872403286,0.1443298969072164
60358,Female,51.0,No,No,Yes,Private,Urban,102.11,23.1,never smoked,No,0.5738758029978587,0.2169236450927892,0.1466208476517755
72231,Female,11.67,No,No,Yes,Self-employed,Rural,195.61,28.1,never smoked,No,0.1306209850107066,0.6485550734004247,0.2038946162657503
58586,Male,77.0,Yes,Yes,Yes,Self-employed,Urban,80.92,28.9,smokes,No,0.8668995830046208,0.1191025759394331,0.2130584192439862
50499,Female,45.0,No,No,Yes,Private,Rural,71.8,26.5,never smoked,No,0.5062549306886058,0.0770012002585172,0.1855670103092783
18986,Female,45.0,No,No,No,Self-employed,Urban,88.47,29.3,never smoked,No,0.5062549306886058,0.1539562367279106,0.2176403207331042
51177,Female,49.0,No,No,Yes,Private,Urban,67.68,24.8,formerly smoked,No,0.5513355122281077,0.057981719139507,0.1660939289805269
575,Male,13.0,No,No,No,children,Rural,98.65,20.1,Unknown,No,0.145610278372591,0.2009509740559505,0.1122565864833906
47321,Female,74.0,No,No,Yes,Private,Rural,83.58,18.2,never smoked,No,0.8330891468499944,0.1313821438463669,0.0904925544100801
7754,Female,72.0,No,No,Yes,Self-employed,Rural,104.04,34.7,formerly smoked,No,0.8105488560802434,0.2258332563936848,0.279495990836197
66270,Female,57.0,No,No,Yes,Private,Rural,69.4,24.0,Unknown,No,0.6414966753071114,0.0659218908688025,0.1569301260022909
2814,Male,51.0,Yes,No,No,Govt_job,Urban,106.22,29.0,never smoked,No,0.5738758029978587,0.2358969624226756,0.2142038946162657
52847,Female,55.0,No,No,Yes,Private,Rural,112.46,27.3,never smoked,No,0.6189563845373606,0.2647031668359338,0.1947308132875143
60235,Male,73.0,No,Yes,Yes,Private,Rural,72.42,27.6,never smoked,No,0.8218190014651189,0.0798633551841935,0.1981672394043528
10981,Male,12.0,No,No,No,children,Rural,96.73,20.4,never smoked,No,0.1343401329877155,0.1920875265441787,0.115693012600229
62833,Female,6.0,No,No,No,children,Urban,107.4,17.7,Unknown,No,0.0667192606784627,0.2413442895392854,0.0847651775486827
26267,Female,76.0,No,No,Yes,Self-employed,Urban,267.61,27.9,smokes,No,0.8556294376197453,0.980934355091866,0.2016036655211912
69918,Female,38.0,Yes,No,Yes,Private,Rural,109.46,41.5,never smoked,No,0.4273639129944776,0.2508540300987905,0.3573883161512027
44927,Female,50.0,No,No,Yes,Govt_job,Rural,120.05,27.4,Unknown,No,0.5626056576129832,0.2997414827809067,0.1958762886597937
20169,Female,75.0,No,No,Yes,Private,Rural,106.33,27.8,Unknown,No,0.8443592922348698,0.2364047641030375,0.2004581901489118
31481,Female,1.16,No,No,No,children,Urban,97.28,17.8,Unknown,No,0.0121717570156655,0.1946265349459884,0.0859106529209622
27721,Male,32.0,No,No,Yes,Private,Rural,83.13,32.0,smokes,No,0.3597430406852248,0.1293047733357954,0.2485681557846506
71419,Male,45.0,No,No,No,children,Urban,97.35,37.3,Unknown,No,0.5062549306886058,0.194949681469855,0.3092783505154639
25642,Male,32.0,No,No,No,Private,Urban,79.54,28.1,Unknown,No,0.3597430406852248,0.1127319730403471,0.2038946162657503
31932,Female,13.0,No,No,No,children,Urban,76.55,29.1,Unknown,No,0.145610278372591,0.0989290000923275,0.2153493699885452
13629,Male,1.32,No,No,No,children,Urban,56.11,22.9,Unknown,No,0.0139749802772455,0.0045702151232573,0.1443298969072164
38258,Female,63.0,No,No,Yes,Private,Rural,91.36,38.8,formerly smoked,No,0.7091175476163643,0.1672975717846921,0.3264604810996563
70602,Female,29.0,No,No,No,Private,Rural,79.27,29.0,smokes,No,0.3259326045305984,0.1114855507340042,0.2142038946162657
60056,Male,53.0,No,No,Yes,Private,Urban,113.21,28.6,smokes,No,0.5964160937676096,0.2681654510202197,0.2096219931271477
31156,Female,49.0,No,No,Yes,Private,Urban,105.99,29.8,never smoked,No,0.5513355122281077,0.2348351952728279,0.2233676975945017
69643,Male,81.0,No,No,Yes,Private,Rural,59.93,28.9,formerly smoked,No,0.9119801645441226,0.0222047825685532,0.2130584192439862
23171,Male,66.0,No,No,Yes,Private,Rural,88.83,29.1,Unknown,No,0.7429279837709907,0.1556181331363678,0.2153493699885452
42309,Female,42.0,No,No,Yes,Private,Urban,73.37,28.1,smokes,No,0.4724444945339794,0.0842489151509556,0.2038946162657503
2877,Female,61.0,No,No,Yes,Private,Urban,115.42,16.7,smokes,No,0.6865772568466133,0.278367648416582,0.0733104238258877
37011,Female,52.0,No,No,Yes,Private,Rural,71.93,34.1,Unknown,No,0.5851459483827341,0.0776013295171268,0.2726231386025201
355,Male,8.0,No,No,No,children,Rural,96.43,25.7,Unknown,No,0.0892595514482136,0.1907026128704644,0.1764032073310423
53252,Male,82.0,No,No,No,Self-employed,Urban,161.95,30.8,never smoked,No,0.923250309928998,0.4931677592096758,0.2348224513172966
3553,Female,45.0,No,No,Yes,Govt_job,Urban,104.55,23.9,smokes,No,0.5062549306886058,0.2281876096389991,0.1557846506300114
72178,Female,4.0,No,No,No,children,Urban,71.25,18.8,Unknown,No,0.0441789699087118,0.0744621918567076,0.0973654066437571
11817,Male,58.0,No,No,Yes,Govt_job,Urban,160.87,28.1,formerly smoked,No,0.6527668206919869,0.4881820699843043,0.2038946162657503
26468,Female,45.0,No,No,Yes,Govt_job,Urban,82.02,41.8,smokes,No,0.5062549306886058,0.1241805927430523,0.3608247422680412
13176,Female,62.0,Yes,No,Yes,Private,Urban,78.02,36.4,never smoked,No,0.6978474022314888,0.1057150770935278,0.2989690721649484
67032,Male,16.93,No,No,No,Govt_job,Urban,115.21,28.7,Unknown,No,0.1899019497351516,0.2773982088449819,0.2107674684994272
39784,Female,72.0,No,No,Yes,Self-employed,Urban,65.12,28.3,never smoked,No,0.8105488560802434,0.0461637891238113,0.2061855670103093
56156,Other,55.8,No,No,No,Private,Rural,143.33,22.4,formerly smoked,No,0.6279725008452609,0.4072107838611393,0.138602520045819
15230,Female,9.0,No,No,No,children,Rural,80.55,15.1,Unknown,No,0.1005296968330891,0.117394515741852,0.0549828178694158
25218,Female,31.0,No,No,Yes,Govt_job,Urban,88.2,22.7,never smoked,No,0.3484728953003493,0.1527098144215677,0.1420389461626575
39637,Female,20.0,No,No,No,Private,Rural,147.42,26.6,Unknown,No,0.2245012960667192,0.426091773612778,0.1867124856815578
26777,Male,22.0,No,No,No,Private,Rural,86.53,20.8,never smoked,No,0.2470415868364702,0.1450004616378912,0.120274914089347
60533,Female,45.0,No,No,No,Private,Rural,91.95,23.0,Unknown,No,0.5062549306886058,0.1700212353429969,0.1454753722794959
44375,Female,57.0,Yes,No,Yes,Self-employed,Rural,63.72,35.8,smokes,No,0.6414966753071114,0.0397008586464777,0.2920962199312714
49848,Male,45.0,No,No,Yes,Private,Rural,63.78,29.9,never smoked,No,0.5062549306886058,0.0399778413812205,0.2245131729667812
65413,Female,64.0,No,No,Yes,Private,Urban,55.64,43.4,never smoked,No,0.7203876930012397,0.0024005170344382,0.3791523482245131
31161,Female,26.0,No,No,No,Govt_job,Urban,88.88,36.3,never smoked,No,0.292122168375972,0.1558489520819868,0.2978235967926689
61787,Male,54.0,No,No,Yes,Self-employed,Urban,114.61,40.1,formerly smoked,No,0.6076862391524851,0.2746283814975533,0.3413516609392898
53482,Male,32.0,No,No,No,Self-employed,Rural,56.08,35.9,formerly smoked,No,0.3597430406852248,0.0044317237558858,0.2932416953035509
71387,Female,66.0,No,No,Yes,Govt_job,Rural,59.62,32.4,never smoked,No,0.7429279837709907,0.020773705105715,0.2531500572737686
7577,Female,13.0,No,No,Yes,children,Urban,75.85,20.3,Unknown,No,0.145610278372591,0.0956975348536607,0.1145475372279496
34400,Female,77.0,Yes,No,Yes,Self-employed,Rural,176.71,33.2,never smoked,No,0.8668995830046208,0.5613055119564214,0.2623138602520046
45175,Male,18.0,No,No,No,Private,Urban,80.07,22.3,Unknown,No,0.2019610052969683,0.1151786538639091,0.1374570446735395
71192,Male,11.0,No,No,No,children,Rural,56.33,18.1,Unknown,No,0.12306998760284,0.0055858184839811,0.0893470790378007
26997,Female,16.0,No,No,No,Private,Urban,87.16,28.2,never smoked,No,0.1794207145272174,0.1479087803526913,0.2050400916380297
33532,Female,73.0,No,Yes,Yes,Private,Rural,102.46,29.7,never smoked,No,0.8218190014651189,0.2185393777121226,0.2222222222222222
33704,Male,44.0,Yes,No,Yes,Private,Rural,84.1,28.1,Unknown,No,0.4949847853037304,0.133782660880805,0.2038946162657503
51897,Male,36.0,No,No,Yes,Private,Rural,161.0,29.0,smokes,No,0.4048236222247267,0.4887821992429138,0.2142038946162657
43016,Male,10.0,No,No,No,children,Urban,70.7,25.4,Unknown,No,0.1117998422179646,0.071923183454898,0.1729667812142038
3370,Female,54.0,No,No,Yes,Private,Rural,81.26,26.5,Unknown,No,0.6076862391524851,0.1206721447696427,0.1855670103092783
39984,Female,42.0,No,No,Yes,Govt_job,Rural,157.67,22.7,formerly smoked,No,0.4724444945339794,0.4734096574646846,0.1420389461626575
59232,Female,52.0,No,No,Yes,Self-employed,Urban,89.59,27.5,Unknown,No,0.5851459483827341,0.1591265811097775,0.1970217640320733
57896,Male,32.0,No,No,Yes,Private,Urban,64.02,23.8,smokes,No,0.3597430406852248,0.041085772320192,0.1546391752577319
21917,Male,43.0,No,No,Yes,Govt_job,Rural,110.69,35.6,Unknown,No,0.4837146399188549,0.2565321761610193,0.2898052691867125
66435,Female,28.0,No,No,Yes,Private,Rural,71.97,27.2,never smoked,No,0.314662459145723,0.077785984673622,0.1935853379152348
3442,Female,79.0,No,No,No,Self-employed,Rural,82.07,30.4,Unknown,No,0.8894398737743716,0.1244114116886713,0.2302405498281786
48064,Male,11.0,No,No,No,children,Rural,65.07,21.5,never smoked,No,0.12306998760284,0.0459329701781922,0.1282932416953035
13358,Female,75.0,No,No,Yes,Self-employed,Rural,207.62,31.8,never smoked,No,0.8443592922348698,0.7039977841381221,0.2462772050400916
64986,Male,55.0,No,No,Yes,Private,Urban,108.64,29.5,never smoked,No,0.6189563845373606,0.247068599390638,0.2199312714776632
6032,Male,78.0,No,No,Yes,Self-employed,Urban,201.58,30.6,Unknown,No,0.8781697283894963,0.6761148555073401,0.2325315005727377
52924,Female,48.0,No,No,Yes,Private,Urban,116.2,27.6,formerly smoked,No,0.5400653668432323,0.2819684239682393,0.1981672394043528
69979,Male,73.0,No,No,Yes,Self-employed,Rural,231.43,23.0,smokes,No,0.8218190014651189,0.8139137660419167,0.1454753722794959
50489,Female,45.0,No,No,Yes,Govt_job,Urban,112.62,24.8,never smoked,No,0.5062549306886058,0.2654417874619149,0.1660939289805269
20094,Male,54.0,Yes,No,Yes,Private,Urban,220.26,28.0,formerly smoked,No,0.6076862391524851,0.7623488135906195,0.2027491408934708
16618,Female,55.0,No,No,Yes,Private,Urban,84.37,22.2,Unknown,No,0.6189563845373606,0.135029083187148,0.13631156930126
63280,Female,65.0,No,No,Yes,Private,Rural,82.83,27.8,formerly smoked,No,0.7316578383861152,0.127919859662081,0.2004581901489118
14551,Female,69.0,No,No,No,Private,Urban,102.48,30.2,formerly smoked,No,0.776738419925617,0.2186317052903702,0.2279495990836197
22098,Female,29.0,No,No,Yes,Self-employed,Rural,69.12,26.8,never smoked,No,0.3259326045305984,0.0646293047733358,0.1890034364261168
17771,Female,64.0,Yes,No,Yes,Govt_job,Urban,211.12,22.0,never smoked,No,0.7203876930012397,0.720155110331456,0.134020618556701
11803,Female,16.0,No,No,No,Private,Rural,95.38,34.3,formerly smoked,No,0.1794207145272174,0.1858554150124642,0.274914089347079
34356,Female,75.0,No,No,Yes,Private,Rural,108.72,29.2,formerly smoked,No,0.8443592922348698,0.2474379097036284,0.2164948453608247
26528,Female,17.0,No,No,No,Private,Rural,88.65,30.3,never smoked,No,0.1906908599120928,0.1547871849321392,0.2290950744558992
51554,Male,45.0,No,No,Yes,Private,Urban,177.91,28.1,Unknown,No,0.5062549306886058,0.5668451666512787,0.2038946162657503
2296,Male,78.0,Yes,No,Yes,Self-employed,Urban,90.19,28.1,Unknown,No,0.8781697283894963,0.1618964084572061,0.2038946162657503
10624,Female,24.0,No,No,Yes,Private,Rural,73.78,21.4,smokes,No,0.2695818776062211,0.0861416305050318,0.127147766323024
1681,Female,68.0,No,No,No,Private,Urban,82.85,28.1,smokes,No,0.7654682745407415,0.1280121872403286,0.2038946162657503
36375,Male,50.0,No,No,Yes,Private,Rural,59.48,26.6,Unknown,No,0.5626056576129832,0.0201274120579817,0.1867124856815578
8117,Male,52.0,No,No,Yes,Private,Rural,75.77,30.0,formerly smoked,No,0.5851459483827341,0.0953282245406702,0.2256586483390607
49849,Female,82.0,No,No,Yes,Private,Rural,80.96,33.7,formerly smoked,No,0.923250309928998,0.1192872310959283,0.2680412371134021
19436,Male,56.0,No,No,Yes,Private,Rural,82.4,30.9,smokes,No,0.6302265299222359,0.1259348167297572,0.2359679266895761
10523,Male,56.0,No,No,Yes,Private,Urban,78.93,31.1,Unknown,No,0.6302265299222359,0.1099159819037947,0.2382588774341351
39322,Male,18.0,No,No,No,Private,Urban,80.59,23.0,Unknown,No,0.2019610052969683,0.1175791708983473,0.1454753722794959
53265,Female,33.0,No,No,Yes,Self-employed,Urban,70.59,20.2,Unknown,No,0.3710131860701003,0.071415381774536,0.11340206185567
40379,Female,57.0,No,No,Yes,Private,Rural,98.57,31.6,never smoked,No,0.6414966753071114,0.20058166374296,0.2439862542955326
66841,Male,30.0,No,No,No,Private,Rural,61.87,23.9,Unknown,No,0.3372027499154739,0.0311605576585726,0.1557846506300114
38900,Female,52.0,No,No,Yes,Private,Urban,68.88,26.1,Unknown,No,0.5851459483827341,0.0635213738343643,0.1809851088201604
18180,Female,3.0,No,No,No,children,Urban,66.25,15.8,Unknown,No,0.0329088245238363,0.0513802972948019,0.0630011454753722
1183,Male,39.0,No,No,Yes,Private,Rural,84.18,28.1,smokes,No,0.4386340583793531,0.1341519711937956,0.2038946162657503
22964,Male,44.0,No,No,Yes,Govt_job,Rural,69.23,28.7,smokes,No,0.4949847853037304,0.0651371064536977,0.2107674684994272
64597,Female,33.0,No,No,Yes,Private,Rural,73.2,28.9,Unknown,No,0.3710131860701003,0.0834641307358508,0.2130584192439862
23893,Male,24.0,No,No,Yes,Private,Urban,103.45,25.1,smokes,No,0.2695818776062211,0.2231095928353799,0.1695303550973654
51564,Female,24.0,No,No,No,Govt_job,Urban,104.86,19.8,never smoked,No,0.2695818776062211,0.2296186871018373,0.1088201603665521
14410,Male,54.0,No,Yes,Yes,Govt_job,Urban,90.3,30.8,smokes,No,0.6076862391524851,0.1624042101375681,0.2348224513172966
4964,Female,36.18,Yes,No,Yes,Private,Rural,90.87,22.1,never smoked,No,0.4068522483940043,0.1650355461176253,0.1351660939289805
15020,Female,37.0,No,No,No,Govt_job,Rural,76.21,20.4,Unknown,No,0.4160937676096021,0.0973594312621179,0.115693012600229
27380,Female,36.0,No,No,Yes,Private,Rural,74.14,31.2,formerly smoked,No,0.4048236222247267,0.087803526913489,0.2394043528064146
21523,Female,22.0,No,No,No,Govt_job,Urban,87.25,24.9,smokes,No,0.2470415868364702,0.1483242544548056,0.1672394043528064
8819,Female,68.0,No,No,Yes,Govt_job,Rural,215.33,27.0,formerly smoked,No,0.7654682745407415,0.7395900655525806,0.1912943871706758
68408,Male,24.0,No,No,No,Private,Urban,88.38,20.1,smokes,No,0.2695818776062211,0.1535407626257963,0.1122565864833906
8976,Female,35.0,No,No,Yes,Private,Rural,104.4,24.4,never smoked,No,0.3935534768398512,0.227495152802142,0.1615120274914089
22290,Female,32.0,No,No,Yes,Private,Urban,104.92,22.6,never smoked,No,0.3597430406852248,0.2298956698365802,0.140893470790378
7700,Female,52.0,No,No,Yes,Private,Urban,106.54,22.4,never smoked,No,0.5851459483827341,0.2373742036746376,0.138602520045819
40503,Male,21.0,No,No,No,Private,Rural,62.91,26.2,never smoked,No,0.2357714414515947,0.0359615917274489,0.1821305841924398
47917,Female,82.0,Yes,No,No,Private,Rural,61.47,22.9,never smoked,No,0.923250309928998,0.0293140060936201,0.1443298969072164
30303,Female,33.0,No,No,No,Private,Rural,88.5,32.6,formerly smoked,No,0.3710131860701003,0.154094728095282,0.2554410080183276
63864,Male,62.0,No,No,Yes,Private,Rural,107.61,31.3,Unknown,No,0.6978474022314888,0.2423137291108854,0.2405498281786941
24177,Female,57.0,Yes,No,Yes,Private,Urban,90.77,43.9,formerly smoked,No,0.6414966753071114,0.1645739082263872,0.3848797250859106
57274,Male,14.0,No,No,No,Never_worked,Urban,137.91,41.8,never smoked,No,0.1568804237574664,0.3821900101560335,0.3608247422680412
37213,Female,60.0,No,No,Yes,Self-employed,Rural,212.02,28.1,Unknown,No,0.6753071114617378,0.7243098513525991,0.2038946162657503
59992,Female,63.0,Yes,No,Yes,Self-employed,Urban,228.2,37.7,never smoked,No,0.7091175476163643,0.7990028621549256,0.3138602520045819
27382,Female,50.0,No,No,Yes,Govt_job,Urban,92.15,20.8,never smoked,No,0.5626056576129832,0.1709445111254732,0.120274914089347
61017,Female,12.0,No,No,No,children,Urban,126.32,21.6,Unknown,No,0.1343401329877155,0.3286861785615362,0.129438717067583
61699,Male,80.0,No,No,Yes,Private,Rural,94.96,22.1,formerly smoked,No,0.9007100191592471,0.1839165358692641,0.1351660939289805
14489,Female,74.0,No,No,No,Self-employed,Urban,89.52,39.2,Unknown,No,0.8330891468499944,0.1588034345859108,0.3310423825887744
54053,Male,46.0,No,No,Yes,Private,Rural,66.59,36.7,formerly smoked,No,0.5175250760734813,0.0529498661250115,0.302405498281787
38348,Female,66.0,No,No,Yes,Private,Urban,80.1,32.0,never smoked,No,0.7429279837709907,0.1153171452312805,0.2485681557846506
17668,Male,26.0,No,No,Yes,Self-employed,Urban,73.72,25.9,smokes,No,0.292122168375972,0.0858646477702889,0.1786941580756013
11792,Female,70.0,No,No,Yes,Private,Urban,90.49,28.9,formerly smoked,No,0.7880085653104925,0.1632813221309205,0.2130584192439862
22917,Female,62.0,No,No,Yes,Private,Urban,92.99,29.3,formerly smoked,No,0.6978474022314888,0.1748222694118733,0.2176403207331042
36204,Male,15.0,No,No,No,children,Rural,62.57,32.3,never smoked,No,0.1681505691423419,0.0343920228972394,0.2520045819014891
49554,Male,19.63,No,No,Yes,Private,Rural,65.51,33.2,formerly smoked,No,0.2203313422743153,0.0479641768996399,0.2623138602520046
72594,Male,63.0,No,No,Yes,Private,Urban,95.29,31.6,smokes,No,0.7091175476163643,0.1854399409103499,0.2439862542955326
28027,Female,42.0,No,No,Yes,Govt_job,Urban,83.7,20.6,never smoked,No,0.4724444945339794,0.1319361093158526,0.1179839633447881
54177,Female,49.0,Yes,No,Yes,Govt_job,Rural,63.16,23.3,formerly smoked,No,0.5513355122281077,0.0371156864555442,0.1489117983963344
32602,Male,78.0,No,Yes,Yes,Self-employed,Urban,87.77,30.8,Unknown,No,0.8781697283894963,0.1507247714892438,0.2348224513172966
1213,Female,31.0,No,No,Yes,Self-employed,Urban,87.23,28.1,formerly smoked,No,0.3484728953003493,0.148231926876558,0.2038946162657503
21534,Male,67.0,No,No,Yes,Private,Urban,260.85,28.1,Unknown,No,0.7541981291558661,0.9497276336441696,0.2038946162657503
6852,Female,52.0,Yes,No,Yes,Self-employed,Rural,104.45,28.1,never smoked,No,0.5851459483827341,0.227725971747761,0.2038946162657503
3379,Female,61.0,No,No,Yes,Private,Urban,87.52,23.7,Unknown,No,0.6865772568466133,0.1495706767611485,0.1534936998854524
41146,Male,41.0,No,No,Yes,Private,Rural,113.65,49.3,never smoked,No,0.461174349149104,0.2701966577416674,0.4467353951890034
20391,Female,73.0,No,No,Yes,Govt_job,Rural,65.93,30.3,never smoked,No,0.8218190014651189,0.04990305604284,0.2290950744558992
69379,Female,64.0,Yes,No,Yes,Self-employed,Urban,93.78,24.4,never smoked,No,0.7203876930012397,0.1784692087526544,0.1615120274914089
34778,Male,65.0,No,No,Yes,Private,Rural,223.9,28.2,formerly smoked,No,0.7316578383861152,0.7791524328316868,0.2050400916380297
49270,Female,81.0,No,No,Yes,Private,Urban,77.54,33.8,Unknown,No,0.9119801645441226,0.1034992152155849,0.2691867124856815
55407,Female,47.0,No,No,Yes,Private,Urban,93.18,42.6,formerly smoked,No,0.5287952214583568,0.1756993814052257,0.3699885452462771
36744,Male,40.0,No,No,Yes,Self-employed,Rural,169.74,31.9,never smoked,No,0.4499042037642285,0.5291293509371249,0.2474226804123711
26603,Male,46.0,Yes,No,Yes,Self-employed,Urban,101.93,34.0,Unknown,No,0.5175250760734813,0.2160926968885606,0.2714776632302405
71414,Female,2.0,No,No,No,children,Urban,125.03,19.8,Unknown,No,0.0216386791389608,0.3227310497645646,0.1088201603665521
14517,Male,56.0,No,No,Yes,Private,Urban,82.25,30.5,formerly smoked,No,0.6302265299222359,0.1252423598929,0.2313860252004582
69050,Male,54.0,No,No,Yes,Private,Urban,85.81,21.7,formerly smoked,No,0.6076862391524851,0.1416766688209768,0.1305841924398625
52080,Female,26.0,No,No,No,Private,Rural,85.27,24.6,never smoked,No,0.292122168375972,0.139183824208291,0.1638029782359679
27493,Female,45.0,No,No,Yes,Private,Urban,86.06,38.1,never smoked,No,0.5062549306886058,0.1428307635490721,0.3184421534936999
6295,Female,57.0,No,No,Yes,Govt_job,Urban,104.36,19.2,smokes,No,0.6414966753071114,0.2273104976456467,0.1019473081328751
20375,Female,78.0,No,No,Yes,Private,Urban,78.29,30.1,formerly smoked,No,0.8781697283894963,0.1069614993998707,0.2268041237113402
29017,Male,2.0,No,No,No,children,Urban,93.55,23.3,Unknown,No,0.0216386791389608,0.1774074416028067,0.1489117983963344
56635,Male,76.0,Yes,No,Yes,Self-employed,Rural,207.96,34.5,formerly smoked,No,0.8556294376197453,0.7055673529683316,0.277205040091638
4280,Female,51.0,No,No,Yes,Govt_job,Rural,105.52,30.8,never smoked,No,0.5738758029978587,0.2326654971840088,0.2348224513172966
22896,Female,54.0,No,No,Yes,Private,Rural,109.27,43.8,formerly smoked,No,0.6076862391524851,0.2499769181054381,0.3837342497136312
70297,Female,36.0,No,No,Yes,Private,Urban,91.34,29.9,never smoked,No,0.4048236222247267,0.1672052442064444,0.2245131729667812
47776,Female,57.0,No,No,Yes,Govt_job,Rural,176.78,50.4,never smoked,No,0.6414966753071114,0.5616286584802881,0.4593356242840778
53141,Female,25.0,No,No,No,Private,Rural,67.73,22.6,never smoked,No,0.2808520229910966,0.058212538085126,0.140893470790378
16145,Female,7.0,No,No,No,children,Rural,73.27,19.5,Unknown,No,0.0779894060633382,0.0837872772597174,0.1053837342497136
41593,Female,76.0,No,No,Yes,Self-employed,Rural,70.29,33.4,formerly smoked,No,0.8556294376197453,0.0700304681008217,0.2646048109965636
50651,Female,45.0,No,No,No,Private,Rural,91.47,24.2,Unknown,No,0.5062549306886058,0.167805373465054,0.1592210767468499
11111,Female,66.0,Yes,No,Yes,Govt_job,Urban,205.01,52.7,formerly smoked,No,0.7429279837709907,0.6919490351768073,0.4856815578465064
15803,Female,45.0,No,No,Yes,Private,Rural,73.87,25.6,Unknown,No,0.5062549306886058,0.0865571046071461,0.1752577319587629
71597,Female,79.0,Yes,No,Yes,Private,Rural,64.44,26.9,formerly smoked,No,0.8894398737743716,0.0430246514633921,0.1901489117983963
22804,Female,25.0,No,No,No,Private,Rural,111.65,35.2,formerly smoked,No,0.2808520229910966,0.2609638999169052,0.2852233676975945
64498,Female,11.87,No,No,Yes,Private,Rural,90.65,22.1,formerly smoked,No,0.1328750140876817,0.1640199427569015,0.1351660939289805
41182,Female,35.0,Yes,No,Yes,Private,Urban,94.2,34.4,smokes,No,0.3935534768398512,0.1804080878958545,0.2760595647193585
56606,Female,78.0,No,No,Yes,Self-employed,Urban,56.95,26.0,Unknown,No,0.8781697283894963,0.0084479734096574,0.1798396334478808
36958,Female,32.0,No,No,Yes,Private,Rural,92.37,26.9,never smoked,No,0.3597430406852248,0.171960114486197,0.1901489117983963
14877,Male,0.56,No,No,No,children,Rural,127.23,20.1,Unknown,No,0.0054096697847402,0.3328870833718032,0.1122565864833906
65988,Female,26.0,No,No,No,Private,Rural,191.78,24.7,Unknown,No,0.292122168375972,0.6308743421660049,0.1649484536082474
50001,Female,34.0,No,No,Yes,Govt_job,Rural,86.36,32.1,smokes,No,0.3822833314549758,0.1442156772227864,0.2497136311569301
27034,Female,65.0,No,No,Yes,Govt_job,Urban,82.72,29.8,smokes,No,0.7316578383861152,0.1274120579817191,0.2233676975945017
8950,Female,15.0,No,No,No,Private,Urban,113.57,27.5,formerly smoked,No,0.1681505691423419,0.2698273474286769,0.1970217640320733
31850,Female,17.0,No,No,No,Private,Urban,89.58,22.8,Unknown,No,0.1906908599120928,0.1590804173206536,0.143184421534937
14288,Female,71.0,No,No,Yes,Private,Rural,91.85,27.6,formerly smoked,No,0.7992787106953679,0.1695595974517588,0.1981672394043528
3180,Female,42.0,No,No,Yes,Govt_job,Urban,88.89,33.0,never smoked,No,0.4724444945339794,0.1558951158711107,0.2600229095074456
13899,Male,30.0,No,No,Yes,Private,Urban,79.55,33.7,never smoked,No,0.3372027499154739,0.1127781368294709,0.2680412371134021
23730,Female,75.0,No,No,Yes,Self-employed,Urban,108.62,25.1,Unknown,No,0.8443592922348698,0.2469762718123904,0.1695303550973654
6011,Male,9.0,No,No,No,children,Urban,78.24,15.3,Unknown,No,0.1005296968330891,0.1067306804542516,0.0572737686139748
14376,Male,47.0,No,No,Yes,Private,Rural,88.49,22.2,smokes,No,0.5287952214583568,0.1540485643061582,0.13631156930126
22052,Female,75.0,No,No,No,Self-employed,Rural,91.85,21.4,formerly smoked,No,0.8443592922348698,0.1695595974517588,0.127147766323024
24836,Female,45.0,No,No,Yes,Private,Rural,72.01,26.0,formerly smoked,No,0.5062549306886058,0.0779706398301172,0.1798396334478808
11861,Male,61.0,No,No,Yes,Self-employed,Rural,81.96,29.9,never smoked,No,0.6865772568466133,0.1239036100083094,0.2245131729667812
25613,Female,27.0,No,No,Yes,Private,Urban,70.56,28.6,smokes,No,0.3033923137608475,0.0712768904071646,0.2096219931271477
71496,Female,55.0,No,No,Yes,Private,Urban,71.02,21.2,never smoked,No,0.6189563845373606,0.0734004247068599,0.124856815578465
24074,Female,2.0,No,No,No,children,Rural,99.75,16.0,Unknown,No,0.0216386791389608,0.2060289908595697,0.0652920962199312
44937,Female,51.0,No,No,Yes,Govt_job,Urban,127.2,22.7,never smoked,No,0.5738758029978587,0.3327485920044318,0.1420389461626575
72082,Female,45.0,No,No,Yes,Self-employed,Rural,69.76,25.3,smokes,No,0.5062549306886058,0.0675837872772597,0.1718213058419244
53271,Male,53.14,No,No,Yes,Private,Rural,74.63,31.6,formerly smoked,No,0.5979939141214922,0.0900655525805558,0.2439862542955326
34077,Male,46.0,No,No,Yes,Govt_job,Rural,102.27,38.9,formerly smoked,No,0.5175250760734813,0.2176622657187701,0.3276059564719358
42330,Female,48.0,No,No,Yes,Private,Rural,73.56,27.1,smokes,No,0.5400653668432323,0.085126027144308,0.1924398625429553
69487,Female,79.0,No,No,Yes,Self-employed,Urban,57.77,24.1,formerly smoked,No,0.8894398737743716,0.01223340411781,0.1580756013745704
70973,Female,50.0,No,No,Yes,Govt_job,Urban,151.25,31.5,never smoked,No,0.5626056576129832,0.4437725048471978,0.2428407789232531
44986,Female,79.0,No,No,Yes,Self-employed,Urban,78.32,32.0,Unknown,No,0.8894398737743716,0.1070999907672421,0.2485681557846506
2633,Male,32.0,No,No,Yes,Private,Rural,71.5,31.8,never smoked,No,0.3597430406852248,0.0756162865848028,0.2462772050400916
21834,Female,36.0,No,No,Yes,Private,Urban,84.7,34.0,never smoked,No,0.4048236222247267,0.1365524882282338,0.2714776632302405
49196,Female,45.0,No,No,Yes,Private,Urban,127.28,23.4,Unknown,No,0.5062549306886058,0.3331179023174221,0.1500572737686139
22939,Female,22.0,No,No,No,Private,Rural,80.72,29.3,Unknown,No,0.2470415868364702,0.1181793001569568,0.2176403207331042
55400,Female,5.0,No,No,No,children,Rural,73.92,17.2,Unknown,No,0.0554491152935872,0.0867879235527652,0.0790378006872852
30870,Male,9.0,No,No,No,children,Urban,93.24,31.9,Unknown,No,0.1005296968330891,0.1759763641399686,0.2474226804123711
247,Male,31.0,No,No,No,Private,Urban,72.6,31.6,never smoked,No,0.3484728953003493,0.0806943033884221,0.2439862542955326
7979,Female,26.0,No,No,No,Private,Rural,69.77,23.2,never smoked,No,0.292122168375972,0.0676299510663835,0.1477663230240549
56189,Male,43.0,No,No,No,Govt_job,Urban,84.43,30.0,smokes,No,0.4837146399188549,0.1353060659218909,0.2256586483390607
3984,Female,33.0,No,No,Yes,Private,Rural,84.13,26.3,never smoked,No,0.3710131860701003,0.1339211522481765,0.1832760595647193
49753,Male,34.0,No,No,No,Self-employed,Rural,81.54,31.8,formerly smoked,No,0.3822833314549758,0.1219647308651094,0.2462772050400916
71719,Male,66.0,No,No,Yes,Govt_job,Rural,57.17,25.5,formerly smoked,No,0.7429279837709907,0.0094635767703813,0.1741122565864833
11313,Female,44.0,No,No,Yes,Private,Rural,86.15,21.3,never smoked,No,0.4949847853037304,0.1432462376511864,0.1260022909507445
38070,Female,56.0,No,No,Yes,Private,Rural,163.02,29.6,never smoked,No,0.6302265299222359,0.4981072846459237,0.2210767468499427
50455,Female,67.0,No,No,Yes,Self-employed,Urban,110.41,28.7,never smoked,No,0.7541981291558661,0.2552395900655526,0.2107674684994272
31766,Male,18.0,No,No,No,Private,Rural,102.58,30.8,never smoked,No,0.2019610052969683,0.2190933431816083,0.2348224513172966
24245,Male,55.0,No,No,Yes,Private,Urban,90.97,32.1,Unknown,No,0.6189563845373606,0.1654971840088634,0.2497136311569301
50726,Male,61.0,No,No,No,Private,Rural,140.96,34.0,smokes,No,0.6865772568466133,0.396269965838796,0.2714776632302405
29955,Male,0.08,No,No,No,children,Rural,70.33,16.9,Unknown,No,0.0,0.0702151232573169,0.0756013745704467
64742,Male,48.0,No,No,No,Self-employed,Rural,64.18,32.1,never smoked,No,0.5400653668432323,0.041824392946173,0.2497136311569301
48518,Male,44.0,No,No,Yes,Self-employed,Rural,127.57,22.6,never smoked,No,0.4949847853037304,0.3344566522020127,0.140893470790378
42999,Female,68.0,No,No,Yes,Private,Urban,109.23,31.3,never smoked,No,0.7654682745407415,0.2497922629489428,0.2405498281786941
71447,Male,52.0,No,Yes,Yes,Private,Urban,124.49,29.0,never smoked,No,0.5851459483827341,0.3202382051518789,0.2142038946162657
61437,Male,15.0,No,No,No,Govt_job,Rural,142.82,27.6,never smoked,No,0.1681505691423419,0.4048564306158249,0.1981672394043528
50428,Male,2.0,No,No,No,children,Rural,75.69,17.7,Unknown,No,0.0216386791389608,0.0949589142276798,0.0847651775486827
8816,Male,60.0,No,No,Yes,Private,Urban,74.08,35.9,Unknown,No,0.6753071114617378,0.0875265441787462,0.2932416953035509
49556,Female,37.0,No,No,Yes,Govt_job,Urban,75.98,33.8,Unknown,No,0.4160937676096021,0.0962976641122703,0.2691867124856815
67654,Female,5.0,No,No,No,children,Rural,57.8,17.6,Unknown,No,0.0554491152935872,0.0123718954851814,0.0836197021764032
21989,Female,25.0,No,No,No,Private,Urban,76.44,48.3,Unknown,No,0.2808520229910966,0.0984211984119656,0.4352806414662085
46434,Male,52.0,Yes,No,Yes,Govt_job,Urban,214.43,39.9,smokes,No,0.5851459483827341,0.7354353245314376,0.3390607101947308
3205,Female,79.0,No,No,Yes,Self-employed,Urban,79.03,11.3,Unknown,No,0.8894398737743716,0.1103776197950327,0.0114547537227949
68692,Male,61.0,Yes,No,Yes,Private,Urban,66.46,31.5,formerly smoked,No,0.6865772568466133,0.0523497368664019,0.2428407789232531
44531,Male,36.0,No,No,Yes,Private,Urban,56.42,29.6,never smoked,No,0.4048236222247267,0.0060012925860954,0.2210767468499427
70392,Male,34.0,No,No,Yes,Private,Rural,112.72,19.4,Unknown,No,0.3822833314549758,0.265903425353153,0.1042382588774341
37025,Female,2.0,No,No,No,children,Urban,114.02,18.1,Unknown,No,0.0216386791389608,0.2719047179392484,0.0893470790378007
68965,Male,43.0,No,No,Yes,Private,Urban,72.33,36.2,smokes,No,0.4837146399188549,0.0794478810820792,0.2966781214203895
53843,Female,1.48,No,No,No,children,Rural,55.59,17.9,Unknown,No,0.0157782035388256,0.0021696980888191,0.0870561282932416
5236,Female,49.0,No,No,Yes,Private,Rural,73.48,33.0,never smoked,No,0.5513355122281077,0.0847567168313175,0.2600229095074456
32110,Female,2.0,No,No,No,children,Urban,105.05,20.4,Unknown,No,0.0216386791389608,0.2304957990951897,0.115693012600229
17893,Female,82.0,No,No,Yes,Self-employed,Urban,84.78,33.6,formerly smoked,No,0.923250309928998,0.1369217985412242,0.2668957617411225
65794,Female,81.0,Yes,No,Yes,Private,Rural,164.77,34.5,never smoked,No,0.9119801645441226,0.5061859477425907,0.277205040091638
65955,Male,81.0,Yes,Yes,No,Private,Rural,220.64,30.0,never smoked,No,0.9119801645441226,0.7641030375773242,0.2256586483390607
53924,Female,1.08,No,No,No,children,Urban,159.39,12.8,Unknown,No,0.0112701453848754,0.4813498291939801,0.0286368843069874
70674,Male,60.0,No,No,Yes,Self-employed,Urban,69.53,26.2,never smoked,No,0.6753071114617378,0.066522020127412,0.1821305841924398
56410,Male,1.88,No,No,No,children,Urban,81.42,13.5,Unknown,No,0.0202862616927758,0.1214107653956236,0.0366552119129438
9955,Female,58.0,No,No,No,Private,Urban,83.93,25.6,formerly smoked,No,0.6527668206919869,0.1329978764657003,0.1752577319587629
8410,Female,8.0,No,No,No,children,Rural,98.9,18.8,Unknown,No,0.0892595514482136,0.2021050687840458,0.0973654066437571
46854,Female,9.0,No,No,No,children,Urban,82.64,14.5,Unknown,No,0.1005296968330891,0.1270427476687286,0.0481099656357388
8168,Female,34.0,No,No,Yes,Private,Rural,112.54,23.4,formerly smoked,No,0.3822833314549758,0.2650724771489244,0.1500572737686139
30405,Female,23.0,No,No,No,Private,Rural,75.25,39.7,formerly smoked,No,0.2583117322213457,0.0929277075062321,0.3367697594501718
1301,Female,74.0,No,No,No,Self-employed,Urban,204.77,40.8,never smoked,No,0.8330891468499944,0.6908411042378358,0.3493699885452462
42348,Male,72.0,No,Yes,Yes,Self-employed,Urban,63.86,29.5,smokes,No,0.8105488560802434,0.040347151694211,0.2199312714776632
38560,Male,47.0,No,No,Yes,Private,Rural,72.2,33.0,Unknown,No,0.5287952214583568,0.0788477518234696,0.2600229095074456
48129,Female,56.0,No,No,Yes,Private,Urban,80.08,25.6,never smoked,No,0.6302265299222359,0.1152248176530329,0.1752577319587629
10511,Male,5.0,No,No,No,children,Urban,101.61,33.1,Unknown,No,0.0554491152935872,0.2146154556365986,0.2611683848797251
42481,Male,27.0,No,No,Yes,Private,Urban,114.32,28.1,Unknown,No,0.3033923137608475,0.2732896316129627,0.2038946162657503
59872,Female,38.0,No,No,Yes,Private,Rural,80.82,49.3,never smoked,No,0.4273639129944776,0.1186409380481949,0.4467353951890034
56282,Male,13.0,No,No,No,Private,Rural,90.6,16.9,never smoked,No,0.145610278372591,0.1637891238112824,0.0756013745704467
6540,Female,41.0,No,No,Yes,Private,Rural,93.67,35.9,Unknown,No,0.461174349149104,0.1779614070722925,0.2932416953035509
31378,Female,50.0,No,No,Yes,Self-employed,Rural,87.15,32.1,never smoked,No,0.5626056576129832,0.1478626165635675,0.2497136311569301
32317,Female,41.0,No,No,Yes,Private,Urban,80.72,34.1,smokes,No,0.461174349149104,0.1181793001569568,0.2726231386025201
9948,Female,45.0,No,No,No,children,Urban,83.16,15.1,Unknown,No,0.5062549306886058,0.1294432647031668,0.0549828178694158
35182,Female,62.0,No,No,Yes,Govt_job,Rural,98.14,42.0,Unknown,No,0.6978474022314888,0.1985966208106361,0.3631156930126002
5655,Male,4.0,No,No,No,children,Urban,83.13,16.8,Unknown,No,0.0441789699087118,0.1293047733357954,0.0744558991981672
51762,Female,59.0,No,No,Yes,Private,Rural,134.24,28.8,Unknown,No,0.6640369660768624,0.3652478995475949,0.2119129438717067
68193,Female,63.0,No,No,Yes,Self-employed,Urban,248.37,32.2,smokes,No,0.7091175476163643,0.892115224817653,0.2508591065292097
49459,Male,9.0,No,No,No,children,Rural,61.75,16.2,Unknown,No,0.1005296968330891,0.0306065921890868,0.0675830469644902
54776,Male,41.0,No,No,No,Private,Urban,70.55,44.2,Unknown,No,0.461174349149104,0.0712307266180408,0.3883161512027492
45701,Female,72.0,No,Yes,No,Self-employed,Rural,124.38,23.4,formerly smoked,No,0.8105488560802434,0.3197304034715169,0.1500572737686139
7953,Female,45.0,No,No,Yes,Private,Rural,92.21,31.0,never smoked,No,0.5062549306886058,0.171221493860216,0.2371134020618556
65508,Male,80.0,No,No,Yes,Govt_job,Urban,148.72,28.7,never smoked,No,0.9007100191592471,0.4320930661988735,0.2107674684994272
68539,Female,19.0,No,No,No,Private,Urban,79.25,23.6,Unknown,No,0.2132311506818438,0.1113932231557566,0.1523482245131729
12022,Male,37.0,No,No,Yes,Govt_job,Urban,82.09,35.7,smokes,No,0.4160937676096021,0.124503739266919,0.290950744558992
3348,Female,58.0,Yes,No,Yes,Private,Urban,194.53,39.5,never smoked,No,0.6527668206919869,0.643569384175053,0.3344788087056128
58466,Male,45.0,No,No,Yes,Private,Rural,98.84,27.3,Unknown,No,0.5062549306886058,0.2018280860493029,0.1947308132875143
50434,Male,38.0,No,No,Yes,Govt_job,Rural,135.74,31.3,formerly smoked,No,0.4273639129944776,0.3721724679161666,0.2405498281786941
49974,Male,49.0,No,No,Yes,Private,Rural,66.55,33.4,Unknown,No,0.5513355122281077,0.0527652109685162,0.2646048109965636
54574,Female,20.0,No,No,No,Private,Urban,115.69,29.2,never smoked,No,0.2245012960667192,0.2796140707229249,0.2164948453608247
39342,Male,23.0,No,No,No,Private,Rural,67.76,26.0,never smoked,No,0.2583117322213457,0.0583510294524974,0.1798396334478808
2972,Male,55.0,No,No,No,Govt_job,Rural,88.65,18.1,formerly smoked,No,0.6189563845373606,0.1547871849321392,0.0893470790378007
32717,Male,16.0,No,No,No,children,Rural,106.11,22.4,Unknown,No,0.1794207145272174,0.2353891607423137,0.138602520045819
14063,Male,81.0,No,Yes,No,Self-employed,Rural,95.49,29.4,Unknown,No,0.9119801645441226,0.1863632166928261,0.2187857961053837
71724,Female,23.0,No,No,No,Private,Urban,59.07,21.6,never smoked,No,0.2583117322213457,0.0182346967039054,0.129438717067583
4753,Male,82.0,No,Yes,Yes,Self-employed,Urban,228.92,27.9,formerly smoked,No,0.923250309928998,0.80232665497184,0.2016036655211912
62076,Male,48.0,No,No,Yes,Private,Rural,62.89,29.6,Unknown,No,0.5400653668432323,0.0358692641492013,0.2210767468499427
6665,Male,56.0,No,No,Yes,Private,Rural,96.84,30.2,Unknown,No,0.6302265299222359,0.1925953282245407,0.2279495990836197
51385,Male,61.0,No,No,Yes,Private,Rural,81.25,43.4,smokes,No,0.6865772568466133,0.1206259809805189,0.3791523482245131
66973,Male,43.0,No,No,No,Private,Urban,92.71,30.5,formerly smoked,No,0.4837146399188549,0.1735296833164065,0.2313860252004582
59671,Female,39.0,No,No,No,Private,Rural,85.59,33.2,Unknown,No,0.4386340583793531,0.140661065460253,0.2623138602520046
3946,Female,22.0,No,No,Yes,Private,Urban,89.06,27.7,never smoked,No,0.2470415868364702,0.1566799002862155,0.1993127147766323
17623,Male,41.0,No,No,No,Self-employed,Urban,87.44,33.5,Unknown,No,0.461174349149104,0.149201366448158,0.265750286368843
50644,Male,37.0,No,No,Yes,Private,Urban,64.07,28.0,Unknown,No,0.4160937676096021,0.041316591265811,0.2027491408934708
54294,Female,65.0,No,No,Yes,Govt_job,Urban,79.39,31.5,formerly smoked,No,0.7316578383861152,0.11203951620349,0.2428407789232531
46767,Female,8.0,No,No,No,children,Rural,67.84,24.0,Unknown,No,0.0892595514482136,0.0587203397654879,0.1569301260022909
12911,Female,51.0,No,No,Yes,Private,Rural,81.73,27.4,never smoked,No,0.5738758029978587,0.1228418428584618,0.1958762886597937
16109,Male,63.0,No,No,Yes,Private,Urban,105.52,37.9,formerly smoked,No,0.7091175476163643,0.2326654971840088,0.3161512027491409
47499,Female,48.0,No,No,Yes,Govt_job,Rural,77.55,26.2,Unknown,No,0.5400653668432323,0.1035453790047087,0.1821305841924398
8790,Female,17.0,No,No,No,Private,Urban,127.42,22.4,Unknown,No,0.1906908599120928,0.3337641953651556,0.138602520045819
11259,Female,53.0,No,No,Yes,Private,Urban,227.68,28.1,never smoked,No,0.5964160937676096,0.7966023451204874,0.2038946162657503
12003,Female,75.0,No,No,Yes,Private,Rural,226.73,43.7,never smoked,No,0.8443592922348698,0.7922167851537253,0.3825887743413517
71099,Female,45.0,No,No,Yes,Self-employed,Urban,89.74,28.4,never smoked,No,0.5062549306886058,0.1598190379466346,0.2073310423825887
62090,Male,51.0,No,No,No,Self-employed,Rural,219.17,29.8,never smoked,No,0.5738758029978587,0.757316960576124,0.2233676975945017
10138,Female,41.0,No,No,Yes,Private,Urban,74.85,24.8,formerly smoked,No,0.461174349149104,0.0910811559412796,0.1660939289805269
71424,Female,75.0,Yes,No,Yes,Self-employed,Urban,55.96,34.8,never smoked,No,0.8443592922348698,0.0038777582864001,0.2806414662084764
44759,Male,57.0,No,No,Yes,Private,Urban,215.92,27.4,smokes,No,0.6414966753071114,0.7423137291108853,0.1958762886597937
21953,Female,33.0,No,No,No,Private,Urban,84.4,28.1,smokes,No,0.3710131860701003,0.1351675745545194,0.2038946162657503
52234,Female,72.0,No,No,Yes,Govt_job,Urban,104.05,33.5,never smoked,No,0.8105488560802434,0.2258794201828086,0.265750286368843
46461,Female,52.0,No,No,Yes,Private,Urban,62.54,35.0,smokes,No,0.5851459483827341,0.0342535315298679,0.2829324169530355
6973,Male,11.0,No,No,No,children,Rural,87.54,24.4,Unknown,No,0.12306998760284,0.1496630043393962,0.1615120274914089
5068,Female,28.0,No,No,No,Private,Urban,76.81,28.3,smokes,No,0.314662459145723,0.1001292586095466,0.2061855670103093
65277,Female,78.0,Yes,No,No,Self-employed,Rural,198.12,29.1,never smoked,No,0.8781697283894963,0.6601421844705013,0.2153493699885452
52679,Female,82.0,No,No,Yes,Self-employed,Rural,78.0,31.3,formerly smoked,No,0.923250309928998,0.1056227495152802,0.2405498281786941
36728,Male,74.0,No,No,Yes,Private,Urban,79.44,32.8,never smoked,No,0.8330891468499944,0.112270335149109,0.2577319587628865
46797,Female,31.0,No,No,Yes,Private,Rural,75.82,29.1,never smoked,No,0.3484728953003493,0.0955590434862893,0.2153493699885452
63898,Female,53.0,Yes,No,Yes,Private,Urban,240.86,31.9,never smoked,No,0.5964160937676096,0.8574462191856708,0.2474226804123711
11371,Male,0.24,No,No,No,children,Urban,89.28,14.2,Unknown,No,0.00180322326158,0.1576955036469393,0.0446735395189003
13155,Female,67.0,Yes,No,Yes,Govt_job,Rural,263.56,26.3,never smoked,No,0.7541981291558661,0.9622380204967224,0.1832760595647193
27125,Female,17.0,No,No,No,Private,Urban,81.13,22.8,never smoked,No,0.1906908599120928,0.1200720155110331,0.143184421534937
15383,Female,29.0,No,No,Yes,Private,Urban,118.44,24.8,never smoked,No,0.3259326045305984,0.292309112731973,0.1660939289805269
19828,Female,45.0,Yes,No,Yes,Private,Rural,97.37,34.1,smokes,No,0.5062549306886058,0.1950420090481027,0.2726231386025201
6289,Female,15.0,No,No,No,children,Urban,80.51,21.5,Unknown,No,0.1681505691423419,0.1172098605853568,0.1282932416953035
44243,Female,29.0,No,No,No,Private,Rural,78.88,26.1,never smoked,No,0.3259326045305984,0.1096851629581756,0.1809851088201604
40167,Female,79.0,Yes,Yes,Yes,Govt_job,Rural,83.61,21.4,smokes,No,0.8894398737743716,0.1315206352137383,0.127147766323024
38078,Female,82.0,Yes,Yes,Yes,Private,Urban,73.19,33.5,never smoked,No,0.923250309928998,0.0834179669467269,0.265750286368843
34257,Male,17.0,No,No,No,Govt_job,Urban,68.91,23.0,Unknown,No,0.1906908599120928,0.0636598652017357,0.1454753722794959
21653,Male,8.0,No,No,No,children,Rural,104.3,18.5,Unknown,No,0.0892595514482136,0.2270335149109038,0.0939289805269186
63764,Male,23.0,No,No,No,Private,Urban,87.87,23.4,never smoked,No,0.2583117322213457,0.1511864093804819,0.1500572737686139
22194,Female,36.0,No,No,Yes,Private,Urban,96.7,31.4,Unknown,No,0.4048236222247267,0.1919490351768073,0.2416953035509736
16010,Female,47.0,No,No,Yes,Private,Rural,91.05,31.1,formerly smoked,No,0.5287952214583568,0.1658664943218539,0.2382588774341351
5074,Male,45.0,No,No,No,Private,Rural,200.14,37.7,smokes,No,0.5062549306886058,0.6694672698735111,0.3138602520045819
10243,Female,60.0,No,No,Yes,Govt_job,Urban,73.04,25.3,never smoked,No,0.6753071114617378,0.0827255101098698,0.1718213058419244
52588,Female,63.0,No,No,Yes,Private,Rural,85.81,35.6,never smoked,No,0.7091175476163643,0.1416766688209768,0.2898052691867125
56996,Male,44.0,No,No,Yes,Private,Urban,65.41,24.8,smokes,No,0.4949847853037304,0.0475025390084018,0.1660939289805269
28315,Male,38.0,No,No,Yes,Private,Rural,108.68,32.7,never smoked,No,0.4273639129944776,0.2472532545471332,0.2565864833906071
15104,Female,26.0,No,No,Yes,Private,Rural,88.79,24.9,never smoked,No,0.292122168375972,0.1554334779798726,0.1672394043528064
26604,Female,18.0,No,No,No,Private,Rural,107.82,26.0,never smoked,No,0.2019610052969683,0.2432831686824854,0.1798396334478808
27916,Female,18.0,No,No,No,Private,Urban,97.39,22.8,never smoked,No,0.2019610052969683,0.1951343366263503,0.143184421534937
60249,Male,13.0,No,No,No,Private,Urban,141.09,24.0,Unknown,No,0.145610278372591,0.3968700950974055,0.1569301260022909
45787,Male,13.0,No,No,No,children,Urban,122.38,20.3,Unknown,No,0.145610278372591,0.3104976456467546,0.1145475372279496
65526,Female,47.0,No,No,Yes,Private,Urban,77.91,30.3,formerly smoked,No,0.5287952214583568,0.1052072754131659,0.2290950744558992
72354,Female,80.0,Yes,No,Yes,Self-employed,Rural,103.6,23.7,never smoked,No,0.9007100191592471,0.223802049672237,0.1534936998854524
38938,Female,24.0,No,No,No,Private,Rural,159.7,25.7,Unknown,No,0.2695818776062211,0.4827809066568183,0.1764032073310423
39017,Female,72.0,No,No,Yes,Govt_job,Rural,118.22,21.9,formerly smoked,No,0.8105488560802434,0.2912935093712492,0.1328751431844215
13219,Male,5.0,No,No,No,children,Urban,84.5,15.8,Unknown,No,0.0554491152935872,0.1356292124457575,0.0630011454753722
3003,Female,51.0,No,No,Yes,Govt_job,Rural,85.59,30.5,never smoked,No,0.5738758029978587,0.140661065460253,0.2313860252004582
34543,Female,82.0,No,No,Yes,Self-employed,Rural,84.42,25.7,Unknown,No,0.923250309928998,0.135259902132767,0.1764032073310423
21762,Male,5.0,No,No,No,children,Rural,100.98,19.0,Unknown,No,0.0554491152935872,0.2117071369217985,0.0996563573883161
22003,Male,66.0,No,No,Yes,Private,Rural,81.11,28.8,formerly smoked,No,0.7429279837709907,0.1199796879327855,0.2119129438717067
6731,Female,53.0,No,No,No,Private,Rural,235.45,28.1,formerly smoked,No,0.5964160937676096,0.8324716092696888,0.2038946162657503
19032,Female,15.0,No,No,No,Private,Rural,79.2,22.4,never smoked,No,0.1681505691423419,0.1111624042101376,0.138602520045819
55370,Female,53.0,No,No,Yes,Private,Urban,207.71,32.4,Unknown,No,0.5964160937676096,0.7044132582402364,0.2531500572737686
57288,Female,78.0,No,No,Yes,Private,Rural,99.84,36.6,never smoked,No,0.8781697283894963,0.2064444649616841,0.3012600229095075
31925,Female,62.0,No,No,Yes,Private,Rural,98.05,27.9,never smoked,No,0.6978474022314888,0.1981811467085218,0.2016036655211912
8264,Male,41.0,No,No,Yes,Self-employed,Rural,105.9,27.7,Unknown,No,0.461174349149104,0.2344197211707137,0.1993127147766323
448,Female,49.0,No,No,Yes,Private,Rural,107.55,28.1,Unknown,No,0.5513355122281077,0.2420367463761425,0.2038946162657503
38783,Female,41.0,No,No,Yes,Self-employed,Urban,146.21,34.3,Unknown,No,0.461174349149104,0.4205059551287969,0.274914089347079
45961,Female,78.0,No,No,Yes,Private,Urban,79.94,26.7,never smoked,No,0.8781697283894963,0.1145785246052996,0.1878579610538373
27518,Male,14.0,No,No,No,Self-employed,Rural,72.28,19.0,Unknown,No,0.1568804237574664,0.0792170621364601,0.0996563573883161
51106,Female,1.48,No,No,No,children,Rural,123.1,20.6,Unknown,No,0.0157782035388256,0.313821438463669,0.1179839633447881
42251,Male,71.0,Yes,Yes,Yes,Self-employed,Rural,67.06,26.7,smokes,No,0.7992787106953679,0.0551195642138306,0.1878579610538373
33115,Male,22.54,No,No,Yes,Private,Rural,82.68,29.2,never smoked,No,0.2531274653443029,0.1272274028252239,0.2164948453608247
31701,Male,16.0,No,No,No,Private,Rural,125.89,21.3,never smoked,No,0.1794207145272174,0.3267011356292125,0.1260022909507445
21661,Female,68.0,No,No,Yes,Govt_job,Urban,228.05,51.9,Unknown,No,0.7654682745407415,0.7983104053180685,0.4765177548682703
18837,Male,0.56,No,No,No,children,Urban,98.23,14.1,Unknown,No,0.0054096697847402,0.1990120949127504,0.0435280641466208
57777,Female,59.0,No,No,Yes,Self-employed,Urban,90.06,28.9,smokes,No,0.6640369660768624,0.1612962791985966,0.2130584192439862
62610,Male,32.0,No,No,Yes,Private,Urban,119.9,30.9,smokes,No,0.3597430406852248,0.2990490259440495,0.2359679266895761
2730,Male,58.0,No,No,Yes,Private,Urban,94.53,36.1,never smoked,No,0.6527668206919869,0.1819314929369402,0.2955326460481099
51116,Female,40.0,No,No,Yes,Self-employed,Urban,64.66,25.0,formerly smoked,No,0.4499042037642285,0.0440402548241159,0.1683848797250859
22607,Female,41.0,No,No,Yes,Private,Urban,103.79,28.6,never smoked,No,0.461174349149104,0.2246791616655895,0.2096219931271477
11595,Female,21.0,No,No,No,Private,Urban,88.51,20.5,never smoked,No,0.2357714414515947,0.1541408918844059,0.1168384879725085
24355,Female,45.0,No,No,No,children,Rural,97.26,16.7,Unknown,No,0.5062549306886058,0.1945342073677407,0.0733104238258877
32563,Male,55.0,No,No,Yes,Govt_job,Urban,92.59,36.6,never smoked,No,0.6189563845373606,0.1729757178469209,0.3012600229095075
18266,Female,67.0,No,No,Yes,Private,Rural,102.89,26.4,never smoked,No,0.7541981291558661,0.2205244206444465,0.1844215349369988
60088,Male,49.0,Yes,No,Yes,Self-employed,Rural,92.26,33.1,formerly smoked,No,0.5513355122281077,0.1714523128058351,0.2611683848797251
14912,Female,42.0,No,No,Yes,Private,Rural,80.0,27.5,never smoked,No,0.4724444945339794,0.1148555073400424,0.1970217640320733
49939,Female,54.0,No,No,Yes,Self-employed,Urban,56.75,26.9,never smoked,No,0.6076862391524851,0.0075246976271812,0.1901489117983963
64534,Female,25.0,No,No,Yes,Private,Urban,104.66,23.9,never smoked,No,0.2808520229910966,0.228695411319361,0.1557846506300114
62914,Male,62.0,No,No,Yes,Private,Rural,60.39,26.9,Unknown,No,0.6978474022314888,0.0243283168682485,0.1901489117983963
4297,Male,75.0,No,No,Yes,Govt_job,Urban,223.14,27.8,never smoked,No,0.8443592922348698,0.775643984858277,0.2004581901489118
20399,Female,72.0,Yes,No,Yes,Private,Urban,105.51,32.7,never smoked,No,0.8105488560802434,0.232619333394885,0.2565864833906071
1112,Female,14.0,No,No,No,Private,Urban,83.42,28.7,never smoked,No,0.1568804237574664,0.1306435232203859,0.2107674684994272
13276,Female,38.0,No,No,Yes,Private,Urban,71.06,22.6,Unknown,No,0.4273639129944776,0.0735850798633552,0.140893470790378
1260,Male,59.0,No,No,Yes,Govt_job,Urban,101.24,26.5,never smoked,No,0.6640369660768624,0.2129073954390176,0.1855670103092783
40509,Female,23.0,No,No,No,Private,Urban,91.19,28.3,never smoked,No,0.2583117322213457,0.1665127873695873,0.2061855670103093
15241,Female,63.0,Yes,Yes,No,Govt_job,Urban,174.43,24.3,never smoked,No,0.7091175476163643,0.5507801680361925,0.1603665521191294
31344,Male,82.0,No,No,Yes,Self-employed,Urban,214.51,24.0,formerly smoked,No,0.923250309928998,0.7358046348444279,0.1569301260022909
55169,Male,34.0,No,No,Yes,Private,Rural,72.64,32.4,never smoked,No,0.3822833314549758,0.0808789585449173,0.2531500572737686
55740,Female,8.0,No,No,No,children,Urban,62.69,28.7,Unknown,No,0.0892595514482136,0.0349459883667251,0.2107674684994272
62513,Female,28.0,No,No,Yes,Private,Rural,141.16,36.7,never smoked,No,0.314662459145723,0.3971932416212722,0.302405498281787
18040,Female,49.0,No,No,Yes,Govt_job,Rural,89.61,27.7,never smoked,No,0.5513355122281077,0.1592189086880251,0.1993127147766323
10374,Female,24.0,No,No,Yes,Private,Rural,76.42,24.8,smokes,No,0.2695818776062211,0.098328870833718,0.1660939289805269
37209,Male,17.0,No,No,No,Never_worked,Rural,124.38,31.2,never smoked,No,0.1906908599120928,0.3197304034715169,0.2394043528064146
62306,Female,69.0,Yes,No,Yes,Self-employed,Urban,111.81,26.1,formerly smoked,No,0.776738419925617,0.2617025205428862,0.1809851088201604
54101,Female,58.0,No,No,Yes,Self-employed,Rural,57.57,26.8,Unknown,No,0.6527668206919869,0.0113101283353337,0.1890034364261168
12259,Male,50.0,No,No,Yes,Private,Urban,77.82,26.7,formerly smoked,No,0.5626056576129832,0.1047918013110515,0.1878579610538373
37634,Male,5.0,No,No,No,children,Urban,60.09,19.6,Unknown,No,0.0554491152935872,0.0229434031945342,0.1065292096219931
22548,Female,34.0,No,No,Yes,Private,Urban,91.02,25.8,never smoked,No,0.3822833314549758,0.1657280029544825,0.1775486827033219
65407,Female,64.0,No,No,Yes,Self-employed,Rural,65.46,32.5,formerly smoked,No,0.7203876930012397,0.0477333579540208,0.2542955326460481
50723,Male,47.0,No,No,Yes,Private,Rural,131.19,28.3,smokes,No,0.5287952214583568,0.3511679438648324,0.2061855670103093
20890,Female,61.0,No,No,Yes,Private,Rural,79.89,24.5,smokes,No,0.6865772568466133,0.1143477056596805,0.1626575028636884
52472,Male,14.0,No,No,No,children,Urban,74.54,25.2,Unknown,No,0.1568804237574664,0.0896500784784415,0.1706758304696448
42859,Female,57.0,No,No,Yes,Private,Urban,231.31,32.3,never smoked,No,0.6414966753071114,0.813359800572431,0.2520045819014891
3167,Male,53.0,No,No,Yes,Private,Urban,91.57,30.1,formerly smoked,No,0.5964160937676096,0.1682670113562921,0.2268041237113402
56469,Male,67.0,No,No,Yes,Private,Urban,238.78,35.7,formerly smoked,No,0.7541981291558661,0.847844151047918,0.290950744558992
23851,Female,57.0,No,No,No,Private,Rural,87.18,20.0,formerly smoked,No,0.6414966753071114,0.148001107930939,0.1111111111111111
30571,Female,38.0,No,No,Yes,Govt_job,Rural,78.94,23.5,Unknown,No,0.4273639129944776,0.1099621456929184,0.1512027491408934
67786,Female,45.0,No,No,No,children,Rural,69.01,23.4,Unknown,No,0.5062549306886058,0.0641215030929739,0.1500572737686139
41404,Female,37.0,No,No,Yes,Private,Rural,110.28,22.3,never smoked,No,0.4160937676096021,0.254639460806943,0.1374570446735395
33960,Male,39.0,Yes,No,Yes,Self-employed,Urban,71.66,28.7,never smoked,No,0.4386340583793531,0.0763549072107838,0.2107674684994272
70833,Female,13.0,No,No,No,Private,Urban,62.57,20.9,Unknown,No,0.145610278372591,0.0343920228972394,0.1214203894616265
65731,Male,57.0,No,No,Yes,Self-employed,Urban,83.64,29.4,smokes,No,0.6414966753071114,0.1316591265811098,0.2187857961053837
57968,Female,11.0,No,No,No,children,Urban,107.18,27.6,Unknown,No,0.12306998760284,0.2403286861785615,0.1981672394043528
57539,Female,68.0,No,No,Yes,Private,Rural,233.59,43.9,never smoked,No,0.7654682745407415,0.8238851444926599,0.3848797250859106
17745,Male,79.0,Yes,No,Yes,Self-employed,Urban,84.88,28.7,formerly smoked,No,0.8894398737743716,0.1373834364324623,0.2107674684994272
33252,Female,24.0,No,No,No,Private,Rural,97.95,34.7,Unknown,No,0.2695818776062211,0.1977195088172837,0.279495990836197
69789,Female,44.0,No,No,Yes,Private,Rural,58.19,37.1,Unknown,No,0.4949847853037304,0.01417228326101,0.3069873997709049
40076,Female,25.87,No,No,Yes,Private,Rural,70.11,24.2,never smoked,No,0.2906570494759382,0.0691995198965931,0.1592210767468499
10323,Female,66.0,No,No,Yes,Private,Urban,112.77,22.7,smokes,No,0.7429279837709907,0.266134244298772,0.1420389461626575
23514,Female,61.0,No,No,Yes,Self-employed,Urban,75.46,29.3,formerly smoked,No,0.6865772568466133,0.0938971470778321,0.2176403207331042
37395,Female,16.0,No,No,No,Private,Urban,63.63,20.0,smokes,No,0.1794207145272174,0.0392853845443634,0.1111111111111111
8240,Female,37.0,No,No,Yes,Private,Urban,100.22,22.7,smokes,No,0.4160937676096021,0.2081986889483889,0.1420389461626575
9620,Female,43.0,No,No,Yes,Govt_job,Rural,81.77,25.4,never smoked,No,0.4837146399188549,0.123026498014957,0.1729667812142038
7092,Female,27.0,No,No,Yes,Private,Rural,94.25,37.6,never smoked,No,0.3033923137608475,0.1806389068414735,0.3127147766323024
50216,Male,44.0,Yes,No,Yes,Self-employed,Rural,188.13,44.7,formerly smoked,No,0.4949847853037304,0.6140245591358138,0.3940435280641467
59506,Male,14.0,No,No,No,Private,Rural,164.7,26.3,Unknown,No,0.1568804237574664,0.505862801218724,0.1832760595647193
43397,Male,81.0,No,Yes,Yes,Self-employed,Rural,68.27,25.0,Unknown,No,0.9119801645441226,0.0607053826978118,0.1683848797250859
62384,Male,52.0,No,Yes,No,Self-employed,Rural,79.81,28.1,formerly smoked,No,0.5851459483827341,0.11397839534669,0.2038946162657503
10651,Male,54.0,Yes,No,Yes,Govt_job,Rural,100.12,32.3,formerly smoked,No,0.6076862391524851,0.2077370510571508,0.2520045819014891
69750,Female,77.0,No,No,Yes,Self-employed,Urban,151.23,24.9,never smoked,No,0.8668995830046208,0.4436801772689501,0.1672394043528064
55455,Female,27.0,No,No,No,Private,Rural,112.41,33.7,never smoked,No,0.3033923137608475,0.2644723478903148,0.2680412371134021
34230,Female,35.0,No,No,Yes,Self-employed,Urban,205.97,26.6,formerly smoked,No,0.3935534768398512,0.6963807589326931,0.1867124856815578
65154,Female,30.0,No,No,Yes,Private,Urban,112.19,53.4,never smoked,No,0.3372027499154739,0.263456744529591,0.4936998854524627
36298,Female,48.0,No,No,Yes,Self-employed,Rural,71.93,41.7,never smoked,No,0.5400653668432323,0.0776013295171268,0.3596792668957618
13171,Female,15.0,No,No,No,children,Urban,190.89,22.0,never smoked,No,0.1681505691423419,0.6267657649339857,0.134020618556701
62983,Female,26.0,No,No,Yes,Private,Urban,138.02,20.3,smokes,No,0.292122168375972,0.3826978118363955,0.1145475372279496
44834,Female,38.0,No,No,Yes,Private,Rural,66.16,42.7,Unknown,No,0.4273639129944776,0.0509648231926876,0.3711340206185567
67411,Male,29.0,No,No,No,Private,Rural,105.73,28.2,smokes,No,0.3259326045305984,0.2336349367556089,0.2050400916380297
5455,Male,49.0,No,No,Yes,Private,Rural,78.34,32.5,Unknown,No,0.5513355122281077,0.1071923183454898,0.2542955326460481
49267,Female,55.0,No,No,Yes,Private,Urban,102.1,22.5,formerly smoked,No,0.6189563845373606,0.2168774813036653,0.1397479954180985
60464,Male,52.0,No,No,Yes,Private,Urban,97.37,26.5,smokes,No,0.5851459483827341,0.1950420090481027,0.1855670103092783
56286,Male,49.0,No,No,Yes,Private,Urban,193.87,41.0,Unknown,No,0.5513355122281077,0.6405225740928815,0.3516609392898053
5223,Female,21.0,No,No,No,Private,Rural,78.32,27.0,Unknown,No,0.2357714414515947,0.1070999907672421,0.1912943871706758
53302,Female,24.0,No,No,Yes,Private,Rural,130.0,25.9,formerly smoked,No,0.2695818776062211,0.3456744529590989,0.1786941580756013
59309,Male,18.0,No,No,No,Self-employed,Urban,74.0,23.7,Unknown,No,0.2019610052969683,0.0871572338657557,0.1534936998854524
69824,Male,52.0,No,No,Yes,Private,Rural,111.04,30.0,never smoked,No,0.5851459483827341,0.2581479087803527,0.2256586483390607
13173,Male,70.0,Yes,No,Yes,Private,Urban,214.77,15.0,formerly smoked,No,0.7880085653104925,0.7370048933616471,0.0538373424971363
52579,Female,51.0,No,No,Yes,Self-employed,Rural,97.25,21.5,never smoked,No,0.5738758029978587,0.1944880435786169,0.1282932416953035
59451,Male,58.0,No,No,Yes,Private,Urban,79.95,25.9,never smoked,No,0.6527668206919869,0.1146246883944234,0.1786941580756013
56875,Female,46.0,No,No,Yes,Govt_job,Urban,162.24,24.3,smokes,No,0.5175250760734813,0.4945065090942664,0.1603665521191294
16774,Female,79.0,No,No,No,Self-employed,Urban,74.36,39.2,Unknown,No,0.8894398737743716,0.0888191302742129,0.3310423825887744
61672,Female,11.0,No,No,No,children,Urban,69.68,14.4,Unknown,No,0.12306998760284,0.0672144769642692,0.0469644902634593
25811,Female,61.0,No,No,Yes,Private,Urban,98.35,26.6,never smoked,No,0.6865772568466133,0.1995660603822361,0.1867124856815578
7780,Male,51.0,No,No,Yes,Self-employed,Urban,75.73,30.7,never smoked,No,0.5738758029978587,0.095143569384175,0.2336769759450171
58149,Female,21.0,No,No,No,Private,Rural,85.86,35.4,Unknown,No,0.2357714414515947,0.1419074877665959,0.2875143184421534
38742,Female,71.0,No,No,Yes,Private,Urban,80.34,29.2,never smoked,No,0.7992787106953679,0.116425076170252,0.2164948453608247
29613,Female,13.0,No,No,No,Private,Rural,73.76,26.7,Unknown,No,0.145610278372591,0.0860493029267842,0.1878579610538373
20655,Male,16.0,No,No,No,Private,Rural,94.96,21.5,never smoked,No,0.1794207145272174,0.1839165358692641,0.1282932416953035
53897,Female,61.0,No,No,Yes,Private,Urban,108.18,19.1,never smoked,No,0.6865772568466133,0.2449450650909427,0.1008018327605956
29792,Female,49.0,No,No,Yes,Private,Rural,85.23,25.4,Unknown,No,0.5513355122281077,0.1389991690517958,0.1729667812142038
15990,Male,65.0,Yes,No,Yes,Govt_job,Rural,189.88,34.0,never smoked,No,0.7316578383861152,0.6221032222324808,0.2714776632302405
45112,Male,40.0,No,No,No,Govt_job,Urban,197.11,23.9,never smoked,No,0.4499042037642285,0.6554796417689964,0.1557846506300114
28385,Female,44.0,No,No,Yes,Private,Rural,100.08,20.9,smokes,No,0.4949847853037304,0.2075523959006555,0.1214203894616265
63423,Male,11.0,No,No,No,children,Rural,68.62,18.2,Unknown,No,0.12306998760284,0.0623211153171452,0.0904925544100801
187,Female,20.0,No,No,No,Private,Rural,84.07,27.6,smokes,No,0.2245012960667192,0.1336441695134336,0.1981672394043528
18891,Male,45.0,No,No,No,Govt_job,Rural,99.65,50.3,never smoked,No,0.5062549306886058,0.2055673529683316,0.4581901489117984
34657,Female,44.0,No,No,Yes,Self-employed,Urban,82.33,24.5,never smoked,No,0.4949847853037304,0.1256116702058905,0.1626575028636884
40546,Male,5.0,No,No,No,children,Urban,94.49,16.6,Unknown,No,0.0554491152935872,0.181746837780445,0.0721649484536082
56755,Male,41.0,No,No,Yes,Private,Rural,108.71,24.0,never smoked,No,0.461174349149104,0.2473917459145046,0.1569301260022909
71097,Female,23.0,No,No,No,Private,Urban,64.94,18.8,never smoked,No,0.2583117322213457,0.0453328409195826,0.0973654066437571
21025,Female,7.0,No,No,No,children,Urban,98.22,34.0,Unknown,No,0.0779894060633382,0.1989659311236266,0.2714776632302405
69020,Female,74.0,No,No,Yes,Private,Urban,83.5,25.8,never smoked,No,0.8330891468499944,0.1310128335333764,0.1775486827033219
48883,Male,61.0,No,No,Yes,Govt_job,Rural,192.47,30.3,never smoked,No,0.6865772568466133,0.6340596436155479,0.2290950744558992
71297,Female,80.0,Yes,No,Yes,Private,Urban,125.89,28.9,smokes,No,0.9007100191592471,0.3267011356292125,0.2130584192439862
52216,Female,35.0,No,No,Yes,Private,Urban,87.72,21.3,never smoked,No,0.3935534768398512,0.1504939525436247,0.1260022909507445
20421,Female,43.0,No,No,Yes,Private,Rural,68.94,26.8,never smoked,No,0.4837146399188549,0.0637983565691071,0.1890034364261168
36896,Male,25.0,No,No,Yes,Private,Rural,66.51,29.2,Unknown,No,0.2808520229910966,0.052580555812021,0.2164948453608247
23535,Male,72.0,No,Yes,Yes,Self-employed,Urban,85.82,25.0,formerly smoked,No,0.8105488560802434,0.1417228326101006,0.1683848797250859
1323,Female,45.0,No,No,Yes,Private,Rural,87.47,21.5,never smoked,No,0.5062549306886058,0.1493398578155295,0.1282932416953035
47309,Female,45.0,No,No,No,children,Urban,87.74,17.1,Unknown,No,0.5062549306886058,0.1505862801218724,0.0778923253150057
34161,Male,33.0,Yes,No,Yes,Private,Rural,85.12,32.5,never smoked,No,0.3710131860701003,0.1384913673714339,0.2542955326460481
57405,Male,53.0,No,No,Yes,Self-employed,Urban,103.37,26.9,formerly smoked,No,0.5964160937676096,0.2227402825223894,0.1901489117983963
15824,Female,67.0,No,No,Yes,Private,Rural,81.68,30.4,never smoked,No,0.7541981291558661,0.1226110239128428,0.2302405498281786
32103,Male,59.0,No,No,Yes,Self-employed,Urban,76.51,29.8,never smoked,No,0.6640369660768624,0.0987443449358323,0.2233676975945017
18205,Female,1.32,No,No,No,children,Rural,110.17,20.3,Unknown,No,0.0139749802772455,0.2541316591265811,0.1145475372279496
71420,Male,27.0,No,No,No,Govt_job,Rural,65.12,41.1,smokes,No,0.3033923137608475,0.0461637891238113,0.3528064146620848
298,Female,41.0,No,No,Yes,Self-employed,Rural,76.66,28.1,Unknown,No,0.461174349149104,0.0994368017726895,0.2038946162657503
15136,Female,64.0,No,Yes,Yes,Private,Rural,109.88,33.9,Unknown,No,0.7203876930012397,0.2527929092419905,0.270332187857961
9879,Female,55.0,No,Yes,Yes,Private,Urban,199.38,39.0,Unknown,No,0.6189563845373606,0.6659588219001015,0.3287514318442153
68302,Female,40.0,No,No,Yes,Private,Urban,65.77,31.2,never smoked,No,0.4499042037642285,0.049164435416859,0.2394043528064146
65507,Male,33.0,No,No,No,Private,Rural,55.72,38.2,never smoked,No,0.3710131860701003,0.0027698273474286,0.3195876288659794
63949,Female,33.0,No,No,Yes,Govt_job,Urban,75.67,44.7,never smoked,No,0.3710131860701003,0.0948665866494322,0.3940435280641467
62475,Male,39.0,Yes,No,Yes,Private,Rural,88.18,33.5,smokes,No,0.4386340583793531,0.1526174868433201,0.265750286368843
35648,Female,74.0,No,No,Yes,Self-employed,Rural,95.94,27.0,never smoked,No,0.8330891468499944,0.1884405872033976,0.1912943871706758
72276,Male,38.0,No,No,Yes,Private,Urban,86.93,31.1,never smoked,No,0.4273639129944776,0.1468470132028437,0.2382588774341351
49661,Male,53.0,No,No,Yes,Govt_job,Urban,85.17,29.2,never smoked,No,0.5964160937676096,0.1387221863170529,0.2164948453608247
31590,Male,22.0,No,No,No,Private,Urban,111.1,26.6,never smoked,No,0.2470415868364702,0.2584248915150955,0.1867124856815578
8584,Female,45.0,No,No,No,children,Rural,92.0,17.9,Unknown,No,0.5062549306886058,0.170252054288616,0.0870561282932416
7964,Male,24.0,No,No,No,Private,Urban,97.47,24.2,formerly smoked,No,0.2695818776062211,0.1955036469393407,0.1592210767468499
25130,Female,27.0,No,No,Yes,Private,Urban,79.21,19.5,Unknown,No,0.3033923137608475,0.1112085679992613,0.1053837342497136
3531,Male,41.0,No,No,Yes,Private,Rural,83.97,28.5,formerly smoked,No,0.461174349149104,0.1331825316221955,0.2084765177548682
6529,Female,20.0,No,No,No,Private,Urban,98.55,21.3,never smoked,No,0.2245012960667192,0.2004893361647124,0.1260022909507445
22272,Female,71.0,Yes,No,Yes,Private,Rural,202.98,41.3,never smoked,No,0.7992787106953679,0.6825777859846736,0.3550973654066437
40702,Female,65.0,No,No,No,Govt_job,Urban,60.7,31.3,never smoked,No,0.7316578383861152,0.0257593943310867,0.2405498281786941
1656,Male,38.0,No,No,Yes,Private,Urban,92.22,40.8,never smoked,No,0.4273639129944776,0.1712676576493398,0.3493699885452462
51988,Female,25.0,No,No,Yes,Private,Rural,79.94,36.6,Unknown,No,0.2808520229910966,0.1145785246052996,0.3012600229095075
48323,Male,53.0,No,No,Yes,Govt_job,Rural,83.68,26.7,Unknown,No,0.5964160937676096,0.131843781737605,0.1878579610538373
35155,Female,50.0,No,No,Yes,Self-employed,Urban,69.92,18.7,formerly smoked,No,0.5626056576129832,0.0683224079032407,0.0962199312714776
46314,Female,1.24,No,No,No,children,Rural,136.96,15.2,Unknown,No,0.0130733686464555,0.3778044501892715,0.0561282932416952
12906,Female,55.0,No,No,Yes,Self-employed,Rural,95.32,26.8,never smoked,No,0.6189563845373606,0.1855784322777213,0.1890034364261168
24961,Female,38.0,No,No,Yes,Private,Rural,107.78,25.1,never smoked,No,0.4273639129944776,0.2430985135259902,0.1695303550973654
14000,Female,72.0,Yes,Yes,Yes,Private,Urban,198.32,31.3,formerly smoked,No,0.8105488560802434,0.6610654602529775,0.2405498281786941
23047,Male,43.0,No,No,Yes,Private,Urban,100.16,59.7,never smoked,No,0.4837146399188549,0.207921706213646,0.5658648339060711
6827,Male,30.0,No,No,Yes,Private,Urban,96.02,29.8,never smoked,No,0.3372027499154739,0.1888098975163881,0.2233676975945017
44656,Female,69.0,Yes,No,Yes,Private,Rural,112.69,33.5,formerly smoked,No,0.776738419925617,0.2657649339857815,0.265750286368843
59801,Female,61.0,No,No,Yes,Private,Urban,60.61,24.5,never smoked,No,0.6865772568466133,0.0253439202289724,0.1626575028636884
51073,Female,34.0,No,No,Yes,Self-employed,Urban,79.77,33.6,never smoked,No,0.3822833314549758,0.1137937401901948,0.2668957617411225
34966,Female,43.0,No,No,Yes,Self-employed,Urban,87.41,39.7,formerly smoked,No,0.4837146399188549,0.1490628750807866,0.3367697594501718
41122,Female,62.0,No,No,Yes,Private,Rural,226.38,47.4,never smoked,No,0.6978474022314888,0.790601052534392,0.4249713631156929
4449,Male,48.0,No,No,Yes,Govt_job,Rural,124.64,26.4,smokes,No,0.5400653668432323,0.3209306619887361,0.1844215349369988
54726,Female,37.0,No,No,Yes,Private,Urban,69.42,33.0,never smoked,No,0.4160937676096021,0.0660142184470501,0.2600229095074456
1772,Female,64.0,No,No,Yes,Govt_job,Urban,77.68,31.4,never smoked,No,0.7203876930012397,0.1041455082633183,0.2416953035509736
4850,Male,51.0,No,No,Yes,Private,Rural,112.79,27.2,never smoked,No,0.5738758029978587,0.2662265718770197,0.1935853379152348
44886,Male,69.0,Yes,No,Yes,Self-employed,Rural,236.79,35.7,formerly smoked,No,0.776738419925617,0.8386575570122795,0.290950744558992
26076,Female,75.0,Yes,No,Yes,Self-employed,Rural,219.82,29.5,formerly smoked,No,0.8443592922348698,0.7603176068691717,0.2199312714776632
54962,Female,27.0,No,No,No,Private,Urban,82.05,21.0,Unknown,No,0.3033923137608475,0.1243190841104237,0.122565864833906
1116,Female,49.0,No,No,No,Govt_job,Rural,104.08,26.6,never smoked,No,0.5513355122281077,0.22601791155018,0.1867124856815578
28247,Female,82.0,No,No,No,Self-employed,Urban,101.57,24.3,smokes,No,0.923250309928998,0.2144308004801033,0.1603665521191294
39563,Female,36.0,No,No,Yes,Private,Rural,71.32,43.9,smokes,No,0.4048236222247267,0.0747853383805742,0.3848797250859106
49553,Male,1.88,No,No,Yes,children,Rural,143.97,28.1,Unknown,No,0.0202862616927758,0.4101652663650632,0.2038946162657503
14872,Male,45.0,Yes,No,Yes,Self-employed,Rural,239.19,52.5,Unknown,No,0.5062549306886058,0.8497368664019942,0.4833906071019473
57598,Female,64.0,No,No,Yes,Private,Rural,78.45,27.0,formerly smoked,No,0.7203876930012397,0.1077001200258517,0.1912943871706758
70022,Male,32.0,No,No,No,Private,Rural,61.11,32.7,never smoked,No,0.3597430406852248,0.0276521096851629,0.2565864833906071
70365,Female,15.0,No,No,No,Private,Urban,87.29,29.4,Unknown,No,0.1681505691423419,0.1485089096113009,0.2187857961053837
57219,Female,1.64,No,No,No,children,Rural,82.49,15.1,Unknown,No,0.0175814268004057,0.1263502908318714,0.0549828178694158
28344,Male,34.0,No,No,Yes,Private,Urban,83.15,32.1,Unknown,No,0.3822833314549758,0.129397100914043,0.2497136311569301
50785,Male,17.0,No,No,No,Private,Rural,83.26,32.9,never smoked,No,0.1906908599120928,0.129904902594405,0.258877434135166
17251,Female,76.0,Yes,No,Yes,Self-employed,Urban,78.7,27.6,formerly smoked,No,0.8556294376197453,0.108854214753947,0.1981672394043528
48459,Male,61.0,No,No,Yes,Self-employed,Urban,111.94,26.5,smokes,No,0.6865772568466133,0.2623026498014957,0.1855670103092783
68843,Male,30.0,No,No,Yes,Private,Rural,104.77,19.2,smokes,No,0.3372027499154739,0.229203212999723,0.1019473081328751
27523,Female,18.0,No,No,No,Private,Urban,104.26,25.9,Unknown,No,0.2019610052969683,0.2268488597544086,0.1786941580756013
61651,Male,48.0,No,No,Yes,Private,Rural,113.84,21.9,never smoked,No,0.5400653668432323,0.2710737697350199,0.1328751431844215
22877,Male,0.16,No,No,No,children,Urban,114.71,17.4,Unknown,No,0.0009016116307900373,0.2750900193887914,0.0813287514318441
52859,Female,4.0,No,No,No,children,Urban,61.54,13.2,Unknown,No,0.0441789699087118,0.0296371526174868,0.0332187857961053
55631,Male,38.0,No,No,Yes,Private,Rural,133.62,25.2,never smoked,No,0.4273639129944776,0.3623857446219186,0.1706758304696448
7003,Female,27.0,No,No,Yes,Private,Rural,111.96,28.2,never smoked,No,0.3033923137608475,0.2623949773797433,0.2050400916380297
68447,Female,50.0,No,No,No,Private,Urban,112.44,31.5,Unknown,No,0.5626056576129832,0.2646108392576862,0.2428407789232531
13817,Male,19.0,No,No,No,Private,Urban,123.61,25.2,Unknown,No,0.2132311506818438,0.3161757917089835,0.1706758304696448
12117,Male,8.0,No,No,No,children,Urban,84.68,14.5,Unknown,No,0.0892595514482136,0.1364601606499862,0.0481099656357388
40210,Male,78.0,No,Yes,Yes,Self-employed,Rural,206.62,28.0,formerly smoked,No,0.8781697283894963,0.6993814052257409,0.2027491408934708
23360,Male,0.8,No,No,No,children,Rural,114.54,15.1,Unknown,No,0.0081145046771103,0.2743052349736867,0.0549828178694158
28447,Female,53.0,Yes,No,Yes,Private,Rural,216.88,31.4,smokes,No,0.5964160937676096,0.7467454528667713,0.2416953035509736
72398,Female,73.0,Yes,No,Yes,Private,Urban,110.38,26.3,never smoked,No,0.8218190014651189,0.2551010986981811,0.1832760595647193
7859,Male,34.0,No,No,Yes,Private,Urban,99.23,28.1,smokes,No,0.3822833314549758,0.2036284738251316,0.2038946162657503
20140,Male,58.0,No,No,Yes,Govt_job,Rural,204.92,39.6,never smoked,No,0.6527668206919869,0.6915335610746929,0.3356242840778923
46903,Female,62.0,No,No,Yes,Private,Urban,56.74,28.9,never smoked,No,0.6978474022314888,0.0074785338380574,0.2130584192439862
61333,Female,78.0,No,No,No,Self-employed,Rural,68.35,31.4,Unknown,No,0.8781697283894963,0.0610746930108023,0.2416953035509736
7403,Female,51.0,No,No,Yes,Private,Urban,83.52,34.3,Unknown,No,0.5738758029978587,0.131105161111624,0.274914089347079
69370,Male,78.0,No,No,Yes,Govt_job,Urban,59.74,27.0,formerly smoked,No,0.8781697283894963,0.0213276705752008,0.1912943871706758
43549,Female,40.0,Yes,No,Yes,Private,Rural,81.59,27.2,never smoked,No,0.4499042037642285,0.1221955498107284,0.1935853379152348
2903,Female,35.0,No,No,No,Private,Rural,123.83,23.8,never smoked,No,0.3935534768398512,0.3171913950697073,0.1546391752577319
70268,Male,82.0,No,No,Yes,Private,Urban,226.84,25.3,formerly smoked,No,0.923250309928998,0.7927245868340873,0.1718213058419244
11003,Female,46.0,No,No,Yes,Self-employed,Rural,93.2,32.6,Unknown,No,0.5175250760734813,0.1757917089834733,0.2554410080183276
61475,Female,51.0,Yes,No,Yes,Private,Rural,85.84,31.8,never smoked,No,0.5738758029978587,0.1418151601883482,0.2462772050400916
27608,Female,53.0,No,No,Yes,Govt_job,Urban,74.64,22.4,Unknown,No,0.5964160937676096,0.0901117163696796,0.138602520045819
9923,Male,55.0,No,Yes,Yes,Private,Urban,80.17,28.0,never smoked,No,0.6189563845373606,0.1156402917551472,0.2027491408934708
28091,Female,43.0,No,No,Yes,Govt_job,Urban,85.03,23.9,formerly smoked,No,0.4837146399188549,0.1380758932693195,0.1557846506300114
59749,Female,81.0,No,No,Yes,Private,Urban,234.35,25.3,formerly smoked,No,0.9119801645441226,0.8273935924660696,0.1718213058419244
8719,Male,12.0,No,No,Yes,children,Urban,116.25,16.4,formerly smoked,No,0.1343401329877155,0.2821992429138584,0.0698739977090492
58154,Female,20.0,No,No,No,Private,Urban,66.55,26.9,smokes,No,0.2245012960667192,0.0527652109685162,0.1901489117983963
31712,Female,53.0,No,No,Yes,Private,Urban,88.38,25.4,never smoked,No,0.5964160937676096,0.1535407626257963,0.1729667812142038
14249,Female,1.32,No,No,No,children,Urban,81.05,18.7,Unknown,No,0.0139749802772455,0.1197027051980426,0.0962199312714776
30693,Female,22.0,No,No,No,Private,Urban,68.4,37.5,never smoked,No,0.2470415868364702,0.0613055119564214,0.3115693012600229
18866,Female,75.0,No,No,Yes,Self-employed,Urban,96.95,41.4,never smoked,No,0.8443592922348698,0.1931031299049026,0.3562428407789232
36909,Female,66.0,No,No,Yes,Self-employed,Rural,66.24,37.5,never smoked,No,0.7429279837709907,0.0513341335056781,0.3115693012600229
63562,Male,7.0,No,No,No,children,Rural,91.81,15.8,Unknown,No,0.0779894060633382,0.1693749422952636,0.0630011454753722
29352,Female,26.0,No,No,Yes,Private,Urban,84.86,37.6,never smoked,No,0.292122168375972,0.1372911088542147,0.3127147766323024
44024,Female,14.0,No,No,No,Private,Rural,118.88,30.5,never smoked,No,0.1568804237574664,0.2943403194534207,0.2313860252004582
24068,Female,32.0,No,No,Yes,Private,Urban,85.91,22.1,Unknown,No,0.3597430406852248,0.1421383067122149,0.1351660939289805
57602,Male,6.0,No,No,Yes,children,Rural,115.4,19.2,Unknown,No,0.0667192606784627,0.2782753208383344,0.1019473081328751
16536,Female,42.0,No,No,Yes,Self-employed,Rural,75.34,38.0,never smoked,No,0.4724444945339794,0.0933431816083464,0.3172966781214204
6639,Male,4.0,No,No,No,children,Rural,100.19,18.7,Unknown,No,0.0441789699087118,0.2080601975810174,0.0962199312714776
6528,Male,75.0,No,No,Yes,Govt_job,Urban,200.73,25.7,formerly smoked,No,0.8443592922348698,0.672190933431816,0.1764032073310423
42594,Male,80.0,Yes,No,Yes,Govt_job,Urban,114.09,30.1,never smoked,No,0.9007100191592471,0.2722278644631151,0.2268041237113402
59045,Female,52.0,No,No,Yes,Private,Urban,67.3,36.3,never smoked,No,0.5851459483827341,0.0562274951528021,0.2978235967926689
31608,Male,11.0,No,No,No,children,Rural,96.91,20.4,Unknown,No,0.12306998760284,0.1929184747484073,0.115693012600229
47949,Male,14.0,No,No,No,children,Rural,116.2,20.9,Unknown,No,0.1568804237574664,0.2819684239682393,0.1214203894616265
41362,Female,74.0,No,No,Yes,Self-employed,Rural,72.54,28.4,never smoked,No,0.8330891468499944,0.0804173206536792,0.2073310423825887
18187,Male,58.0,No,No,Yes,Private,Rural,96.01,33.8,Unknown,No,0.6527668206919869,0.1887637337272643,0.2691867124856815
8983,Female,80.0,Yes,No,Yes,Private,Urban,89.16,24.0,never smoked,No,0.9007100191592471,0.1571415381774536,0.1569301260022909
20098,Female,31.0,No,No,Yes,Self-employed,Rural,108.64,43.3,never smoked,No,0.3484728953003493,0.247068599390638,0.3780068728522336
3777,Female,28.0,Yes,No,Yes,Govt_job,Rural,83.66,36.4,never smoked,No,0.314662459145723,0.1317514541593574,0.2989690721649484
11651,Female,25.0,No,No,Yes,Private,Rural,81.21,37.9,never smoked,No,0.2808520229910966,0.1204413258240236,0.3161512027491409
28527,Male,71.0,No,No,No,Private,Urban,86.96,32.6,never smoked,No,0.7992787106953679,0.1469855045702151,0.2554410080183276
63282,Female,51.0,No,No,Yes,Govt_job,Rural,92.95,23.9,never smoked,No,0.5738758029978587,0.1746376142553781,0.1557846506300114
37038,Male,15.0,No,No,No,children,Urban,95.86,18.1,Unknown,No,0.1681505691423419,0.1880712768904071,0.0893470790378007
4528,Male,45.0,Yes,No,No,Private,Rural,85.52,36.4,never smoked,No,0.5062549306886058,0.1403379189363862,0.2989690721649484
41665,Male,53.0,No,No,Yes,Govt_job,Rural,159.39,29.2,never smoked,No,0.5964160937676096,0.4813498291939801,0.2164948453608247
26539,Male,69.0,No,No,Yes,Self-employed,Urban,202.51,30.8,formerly smoked,No,0.776738419925617,0.6804080878958544,0.2348224513172966
25325,Female,42.0,No,No,Yes,Private,Rural,82.24,23.8,formerly smoked,No,0.4724444945339794,0.1251961961037762,0.1546391752577319
69462,Female,4.0,No,No,No,children,Rural,109.81,17.9,Unknown,No,0.0441789699087118,0.2524697627181239,0.0870561282932416
29816,Male,64.0,Yes,No,Yes,Private,Rural,91.85,31.8,formerly smoked,No,0.7203876930012397,0.1695595974517588,0.2462772050400916
47784,Female,5.0,No,No,No,children,Rural,123.49,19.5,Unknown,No,0.0554491152935872,0.3156218262394977,0.1053837342497136
18181,Male,44.0,No,No,Yes,Private,Rural,105.49,31.5,smokes,No,0.4949847853037304,0.2325270058166374,0.2428407789232531
8614,Male,78.0,No,Yes,Yes,Self-employed,Urban,101.53,24.1,formerly smoked,No,0.8781697283894963,0.2142461453236081,0.1580756013745704
347,Female,16.0,No,No,No,Private,Urban,89.45,28.1,Unknown,No,0.1794207145272174,0.1584802880620441,0.2038946162657503
61336,Female,69.0,No,No,Yes,Self-employed,Urban,126.04,35.9,never smoked,No,0.776738419925617,0.3273935924660697,0.2932416953035509
27647,Male,80.0,No,Yes,Yes,Self-employed,Rural,95.49,31.6,Unknown,No,0.9007100191592471,0.1863632166928261,0.2439862542955326
25676,Female,7.0,No,No,No,children,Rural,89.38,19.0,Unknown,No,0.0779894060633382,0.1581571415381774,0.0996563573883161
65894,Female,2.0,No,No,No,children,Urban,82.3,18.8,Unknown,No,0.0216386791389608,0.125473178838519,0.0973654066437571
2291,Female,80.0,Yes,No,Yes,Self-employed,Urban,218.0,33.5,Unknown,No,0.9007100191592471,0.7519157972486381,0.265750286368843
25630,Female,69.0,No,No,Yes,Self-employed,Urban,79.7,25.0,never smoked,No,0.776738419925617,0.1134705936663281,0.1683848797250859
38575,Male,58.0,Yes,No,Yes,Self-employed,Rural,209.15,52.9,formerly smoked,No,0.6527668206919869,0.7110608438740652,0.4879725085910652
29326,Female,75.0,No,No,Yes,Self-employed,Rural,70.22,24.8,formerly smoked,No,0.8443592922348698,0.069707321576955,0.1660939289805269
59292,Female,45.0,No,No,Yes,Self-employed,Rural,83.57,24.5,never smoked,No,0.5062549306886058,0.131335980057243,0.1626575028636884
52051,Female,75.0,No,No,Yes,Self-employed,Urban,60.6,40.4,smokes,No,0.8443592922348698,0.0252977564398486,0.3447880870561283
64508,Female,10.0,No,No,No,children,Urban,97.24,20.2,Unknown,No,0.1117998422179646,0.1944418797894931,0.11340206185567
36593,Male,38.0,No,No,No,Private,Rural,162.72,31.9,smokes,No,0.4273639129944776,0.4967223709722093,0.2474226804123711
39834,Male,28.0,No,No,No,Private,Urban,73.27,25.4,smokes,No,0.314662459145723,0.0837872772597174,0.1729667812142038
54111,Female,3.0,No,No,No,children,Urban,92.62,15.4,Unknown,No,0.0329088245238363,0.1731142092142923,0.0584192439862542
53476,Female,31.0,No,No,Yes,Private,Urban,90.0,38.6,never smoked,No,0.3484728953003493,0.1610192964638537,0.3241695303550974
479,Female,59.0,Yes,No,Yes,Private,Rural,78.28,31.0,formerly smoked,No,0.6640369660768624,0.1069153356107469,0.2371134020618556
37237,Female,31.0,No,No,No,Private,Rural,87.81,26.4,smokes,No,0.3484728953003493,0.1509094266457391,0.1844215349369988
5496,Female,45.0,No,No,Yes,Private,Urban,202.66,28.1,never smoked,No,0.5062549306886058,0.6811005447327116,0.2038946162657503
56075,Female,58.0,No,No,Yes,Private,Rural,196.5,37.7,never smoked,No,0.6527668206919869,0.6526636506324439,0.3138602520045819
46130,Female,57.0,No,No,Yes,Self-employed,Urban,142.31,35.2,smokes,No,0.6414966753071114,0.4025020773705105,0.2852233676975945
7730,Male,31.0,No,No,No,Private,Rural,94.96,54.7,smokes,No,0.3484728953003493,0.1839165358692641,0.5085910652920963
12380,Male,43.0,No,No,Yes,Govt_job,Rural,83.78,21.6,never smoked,No,0.4837146399188549,0.1323054196288431,0.129438717067583
15324,Female,40.0,No,No,No,Private,Urban,86.1,23.9,Unknown,No,0.4499042037642285,0.1430154187055673,0.1557846506300114
11658,Male,1.08,No,No,No,children,Rural,74.5,28.1,Unknown,No,0.0112701453848754,0.0894654233219462,0.2038946162657503
22778,Male,34.0,No,No,Yes,Private,Urban,66.96,26.1,never smoked,No,0.3822833314549758,0.0546579263225925,0.1809851088201604
4128,Female,55.0,No,No,Yes,Private,Rural,76.7,39.7,formerly smoked,No,0.6189563845373606,0.0996214569291847,0.3367697594501718
36825,Female,39.0,No,No,Yes,Private,Rural,103.12,29.9,formerly smoked,No,0.4386340583793531,0.2215861877942941,0.2245131729667812
1454,Female,42.0,No,No,No,Private,Urban,84.03,31.4,never smoked,No,0.4724444945339794,0.1334595143569384,0.2416953035509736
12674,Male,44.0,No,No,Yes,Private,Rural,74.15,34.5,formerly smoked,No,0.4949847853037304,0.0878496907026129,0.277205040091638
55375,Male,69.0,Yes,No,Yes,Private,Rural,73.29,29.4,never smoked,No,0.776738419925617,0.0838796048379651,0.2187857961053837
3726,Male,16.0,No,No,No,Private,Urban,115.16,26.9,Unknown,No,0.1794207145272174,0.2771673898993629,0.1901489117983963
48652,Female,8.0,No,No,No,children,Urban,83.55,22.4,Unknown,No,0.0892595514482136,0.1312436524789954,0.138602520045819
68657,Female,1.48,No,No,No,children,Urban,61.53,20.5,Unknown,No,0.0157782035388256,0.029590988828363,0.1168384879725085
17337,Female,1.88,No,No,No,children,Rural,100.74,18.6,Unknown,No,0.0202862616927758,0.210599205982827,0.0950744558991981
44831,Female,69.0,No,No,No,Private,Urban,59.31,31.4,smokes,No,0.776738419925617,0.0193426276428769,0.2416953035509736
68420,Female,13.0,No,No,No,children,Urban,63.22,18.5,formerly smoked,No,0.145610278372591,0.0373926691902871,0.0939289805269186
39632,Female,53.0,No,No,Yes,Private,Urban,209.5,41.8,never smoked,No,0.5964160937676096,0.7126765764933986,0.3608247422680412
49095,Female,16.0,No,No,No,children,Urban,64.51,21.2,Unknown,No,0.1794207145272174,0.0433477979872588,0.124856815578465
46292,Male,64.0,No,No,Yes,Private,Rural,90.07,28.6,never smoked,No,0.7203876930012397,0.1613424429877204,0.2096219931271477
43492,Female,7.0,No,No,No,children,Urban,113.95,16.0,Unknown,No,0.0779894060633382,0.2715815714153818,0.0652920962199312
55766,Male,41.0,No,No,Yes,Private,Rural,119.32,30.6,Unknown,No,0.461174349149104,0.2963715261748684,0.2325315005727377
17740,Male,65.0,No,No,Yes,Private,Rural,99.12,29.0,formerly smoked,No,0.7316578383861152,0.2031206721447696,0.2142038946162657
64189,Male,61.0,No,No,Yes,Self-employed,Rural,152.84,28.6,Unknown,No,0.6865772568466133,0.4511125473178838,0.2096219931271477
24202,Female,63.0,No,No,Yes,Private,Rural,78.23,34.8,never smoked,No,0.7091175476163643,0.1066845166651279,0.2806414662084764
32514,Male,1.8,No,No,No,children,Urban,68.8,28.1,Unknown,No,0.0193846500619857,0.0631520635213738,0.2038946162657503
9866,Female,54.0,No,No,Yes,Private,Urban,76.05,42.0,Unknown,No,0.6076862391524851,0.096620810636137,0.3631156930126002
54816,Female,14.0,No,No,No,children,Rural,116.49,30.3,never smoked,No,0.1568804237574664,0.2833071738528298,0.2290950744558992
59880,Male,45.0,No,No,Yes,Private,Rural,99.91,30.9,Unknown,No,0.5062549306886058,0.2067676114855507,0.2359679266895761
20625,Male,51.0,Yes,No,Yes,Private,Urban,76.1,32.1,smokes,No,0.5738758029978587,0.096851629581756,0.2497136311569301
65969,Male,8.0,No,No,No,children,Rural,121.99,19.6,Unknown,No,0.0892595514482136,0.308697257870926,0.1065292096219931
56923,Male,52.0,Yes,No,Yes,Private,Rural,116.21,32.8,smokes,No,0.5851459483827341,0.2820145877573631,0.2577319587628865
44001,Female,45.0,No,No,Yes,Private,Urban,55.28,31.5,Unknown,No,0.5062549306886058,0.0007386206259809976,0.2428407789232531
51852,Female,13.0,No,No,No,children,Rural,219.81,28.1,Unknown,No,0.145610278372591,0.760271443080048,0.2038946162657503
27176,Female,69.0,No,No,Yes,Private,Rural,103.73,34.7,never smoked,No,0.776738419925617,0.2244021789308466,0.279495990836197
70874,Male,71.0,Yes,No,Yes,Govt_job,Urban,153.08,21.5,Unknown,No,0.7992787106953679,0.4522204782568553,0.1282932416953035
34287,Female,73.0,No,No,Yes,Self-employed,Rural,98.69,27.6,Unknown,No,0.8218190014651189,0.2011356292124457,0.1981672394043528
23052,Female,54.0,No,No,Yes,Private,Rural,94.11,28.6,formerly smoked,No,0.6076862391524851,0.1799926137937402,0.2096219931271477
67499,Male,10.0,No,No,No,children,Rural,117.03,21.1,never smoked,No,0.1117998422179646,0.2858000184655156,0.1237113402061855
5380,Female,26.0,No,No,Yes,Private,Urban,91.35,23.8,never smoked,No,0.292122168375972,0.1672514079955682,0.1546391752577319
20154,Female,41.0,No,No,Yes,Private,Rural,82.48,33.5,Unknown,No,0.461174349149104,0.1263041270427476,0.265750286368843
29546,Male,71.0,No,No,Yes,Govt_job,Rural,99.76,33.4,formerly smoked,No,0.7992787106953679,0.2060751546486936,0.2646048109965636
3718,Female,46.0,No,No,Yes,Govt_job,Urban,111.1,23.3,smokes,No,0.5175250760734813,0.2584248915150955,0.1489117983963344
43734,Male,15.0,No,No,No,Private,Rural,122.25,21.0,never smoked,No,0.1681505691423419,0.3098975163881451,0.122565864833906
41917,Female,29.0,No,No,Yes,Private,Urban,84.19,21.2,never smoked,No,0.3259326045305984,0.1341981349829194,0.124856815578465
8050,Male,8.0,No,No,No,children,Urban,84.6,18.4,Unknown,No,0.0892595514482136,0.1360908503369956,0.0927835051546391
44426,Female,21.0,No,No,Yes,Private,Urban,126.35,26.9,never smoked,No,0.2357714414515947,0.3288246699289077,0.1901489117983963
34700,Female,56.0,Yes,No,No,Self-employed,Urban,87.5,20.2,formerly smoked,No,0.6302265299222359,0.1494783491829009,0.11340206185567
70230,Female,14.0,No,No,No,Self-employed,Rural,77.52,21.9,never smoked,No,0.1568804237574664,0.1034068876373372,0.1328751431844215
68721,Female,78.0,No,No,Yes,Private,Rural,133.13,24.2,Unknown,No,0.8781697283894963,0.3601237189548518,0.1592210767468499
23170,Female,36.0,No,No,No,Private,Urban,96.1,29.6,never smoked,No,0.4048236222247267,0.1891792078293786,0.2210767468499427
5731,Female,57.0,Yes,No,Yes,Private,Urban,108.61,38.1,smokes,No,0.6414966753071114,0.2469301080232665,0.3184421534936999
62791,Male,79.0,Yes,Yes,Yes,Self-employed,Rural,205.23,22.0,never smoked,No,0.8894398737743716,0.6929646385375311,0.134020618556701
18943,Male,26.0,No,No,No,Govt_job,Rural,76.74,29.8,Unknown,No,0.292122168375972,0.0998061120856799,0.2233676975945017
45472,Male,22.0,No,No,Yes,Private,Urban,138.55,24.0,never smoked,No,0.2470415868364702,0.3851444926599575,0.1569301260022909
3942,Male,72.0,No,Yes,Yes,Private,Urban,234.27,26.9,never smoked,No,0.8105488560802434,0.8270242821530791,0.1901489117983963
30201,Female,45.0,No,No,Yes,Private,Urban,75.16,38.0,never smoked,No,0.5062549306886058,0.0925122334041178,0.3172966781214204
38284,Male,8.0,No,No,No,children,Rural,77.08,16.9,Unknown,No,0.0892595514482136,0.1013756809158895,0.0756013745704467
53552,Female,62.0,No,No,Yes,Private,Urban,101.19,23.4,never smoked,No,0.6978474022314888,0.2126765764933985,0.1500572737686139
59663,Female,28.0,No,No,No,Private,Urban,107.74,38.5,never smoked,No,0.314662459145723,0.2429138583694949,0.3230240549828179
68631,Female,50.0,No,No,Yes,Private,Rural,62.32,21.6,Unknown,No,0.5626056576129832,0.0332379281691441,0.129438717067583
49900,Male,7.0,No,No,No,children,Urban,56.32,15.9,Unknown,No,0.0779894060633382,0.0055396546948573,0.0641466208476517
18140,Female,33.0,No,No,Yes,Private,Rural,131.28,25.1,never smoked,No,0.3710131860701003,0.3515834179669467,0.1695303550973654
52340,Female,55.0,No,No,Yes,Private,Urban,67.02,41.1,smokes,No,0.6189563845373606,0.0549349090573354,0.3528064146620848
2327,Female,25.0,No,No,No,Private,Rural,76.72,21.5,Unknown,No,0.2808520229910966,0.0997137845074323,0.1282932416953035
55137,Female,25.0,No,No,No,Private,Urban,125.98,21.0,smokes,No,0.2808520229910966,0.3271166097313268,0.122565864833906
458,Female,37.0,No,No,Yes,Govt_job,Urban,72.09,24.1,smokes,No,0.4160937676096021,0.0783399501431077,0.1580756013745704
57044,Male,58.0,No,No,Yes,Private,Urban,88.05,30.6,Unknown,No,0.6527668206919869,0.1520173575847105,0.2325315005727377
71548,Male,45.0,No,No,Yes,Govt_job,Urban,55.47,19.8,smokes,No,0.5062549306886058,0.0016157326193334,0.1088201603665521
67438,Female,60.0,No,No,Yes,Govt_job,Rural,145.94,29.2,Unknown,No,0.6753071114617378,0.419259532822454,0.2164948453608247
36524,Male,66.0,No,Yes,Yes,Private,Rural,239.21,33.7,formerly smoked,No,0.7429279837709907,0.8498291939802419,0.2680412371134021
61827,Male,80.0,No,No,Yes,Self-employed,Rural,196.08,31.0,formerly smoked,No,0.9007100191592471,0.6507247714892439,0.2371134020618556
31454,Female,45.0,No,No,Yes,Govt_job,Rural,93.93,21.5,never smoked,No,0.5062549306886058,0.1791616655895116,0.1282932416953035
15663,Female,11.0,No,No,No,children,Urban,76.74,19.1,Unknown,No,0.12306998760284,0.0998061120856799,0.1008018327605956
4707,Female,63.0,No,No,Yes,Private,Urban,83.74,21.4,Unknown,No,0.7091175476163643,0.1321207644723478,0.127147766323024
55885,Male,19.0,No,No,No,Private,Urban,119.58,24.8,Unknown,No,0.2132311506818438,0.2975717846920875,0.1660939289805269
47563,Female,17.0,No,No,No,Private,Rural,68.66,35.1,never smoked,No,0.1906908599120928,0.0625057704736404,0.284077892325315
63729,Female,19.0,No,No,No,Private,Urban,65.79,28.6,smokes,No,0.2132311506818438,0.0492567629951066,0.2096219931271477
5286,Female,40.0,No,No,Yes,Govt_job,Urban,176.38,35.7,never smoked,No,0.4499042037642285,0.5597821069153356,0.290950744558992
29878,Male,49.0,No,No,Yes,Private,Urban,175.74,45.4,Unknown,No,0.5513355122281077,0.5568276244114116,0.402061855670103
42628,Female,69.0,No,No,No,Private,Urban,193.45,34.5,never smoked,No,0.776738419925617,0.6385836949496814,0.277205040091638
5006,Female,46.0,No,No,Yes,Self-employed,Rural,85.84,21.2,never smoked,No,0.5175250760734813,0.1418151601883482,0.124856815578465
11250,Male,45.0,No,No,Yes,Self-employed,Rural,93.85,22.7,formerly smoked,No,0.5062549306886058,0.178792355276521,0.1420389461626575
41858,Female,45.0,No,Yes,Yes,Private,Rural,86.21,39.1,never smoked,No,0.5062549306886058,0.1435232203859292,0.3298969072164948
15742,Female,3.0,No,No,No,children,Rural,75.41,21.9,Unknown,No,0.0329088245238363,0.093666328132213,0.1328751431844215
27300,Female,1.8,No,No,No,children,Rural,95.28,16.5,Unknown,No,0.0193846500619857,0.1853937771212261,0.0710194730813287
34965,Female,18.0,No,No,No,Private,Urban,95.87,23.0,never smoked,No,0.2019610052969683,0.188117440679531,0.1454753722794959
65748,Female,46.0,No,No,Yes,Private,Urban,180.45,22.5,never smoked,No,0.5175250760734813,0.5785707690887267,0.1397479954180985
44635,Female,8.0,No,No,No,children,Urban,95.39,20.4,Unknown,No,0.0892595514482136,0.185901578801588,0.115693012600229
72284,Female,53.0,No,No,Yes,Private,Rural,60.77,28.7,smokes,No,0.5964160937676096,0.0260825408549534,0.2107674684994272
20217,Female,38.0,No,No,Yes,Govt_job,Urban,102.84,22.4,never smoked,No,0.4273639129944776,0.2202936016988274,0.138602520045819
44259,Female,74.0,No,No,Yes,Private,Urban,130.37,26.3,Unknown,No,0.8330891468499944,0.3473825131566799,0.1832760595647193
52668,Female,24.0,No,No,No,Private,Urban,65.44,23.6,never smoked,No,0.2695818776062211,0.0476410303757732,0.1523482245131729
37446,Male,78.0,No,No,Yes,Private,Rural,79.84,25.9,never smoked,No,0.8781697283894963,0.1141168867140615,0.1786941580756013
46895,Male,60.0,No,No,Yes,Private,Rural,62.61,30.7,never smoked,No,0.6753071114617378,0.0345766780537346,0.2336769759450171
57667,Male,12.0,No,No,No,children,Urban,70.07,24.5,formerly smoked,No,0.1343401329877155,0.0690148647400978,0.1626575028636884
41962,Female,32.0,No,No,Yes,Private,Rural,108.8,24.0,Unknown,No,0.3597430406852248,0.2478072200166189,0.1569301260022909
25495,Male,5.0,No,No,No,children,Urban,112.11,20.1,Unknown,No,0.0554491152935872,0.2630874342166005,0.1122565864833906
2029,Female,40.0,No,No,Yes,Private,Rural,92.35,38.0,never smoked,No,0.4499042037642285,0.1718677869079493,0.3172966781214204
13993,Female,19.0,No,No,No,Private,Urban,76.57,26.6,Unknown,No,0.2132311506818438,0.0990213276705751,0.1867124856815578
18876,Female,28.0,No,No,Yes,Private,Urban,69.5,24.5,never smoked,No,0.314662459145723,0.0663835287600406,0.1626575028636884
22865,Female,61.0,No,No,Yes,Private,Rural,219.38,28.1,never smoked,No,0.6865772568466133,0.7582864001477241,0.2038946162657503
365,Female,44.0,Yes,No,Yes,Private,Rural,69.48,41.3,never smoked,No,0.4949847853037304,0.066291201181793,0.3550973654066437
37631,Male,50.0,No,No,Yes,Govt_job,Urban,89.18,34.8,smokes,No,0.5626056576129832,0.1572338657557012,0.2806414662084764
5500,Female,50.0,No,Yes,Yes,Govt_job,Urban,68.09,35.5,smokes,No,0.5626056576129832,0.0598744344935832,0.2886597938144329
53217,Female,18.0,No,No,No,Private,Rural,92.71,24.1,Unknown,No,0.2019610052969683,0.1735296833164065,0.1580756013745704
56712,Male,1.64,No,No,No,children,Rural,56.21,19.0,Unknown,No,0.0175814268004057,0.0050318530144954,0.0996563573883161
10055,Female,37.0,No,No,No,Govt_job,Rural,72.08,28.1,formerly smoked,No,0.4160937676096021,0.0782937863539839,0.2038946162657503
4959,Female,45.0,No,No,No,children,Urban,82.56,16.6,Unknown,No,0.5062549306886058,0.1266734373557382,0.0721649484536082
22155,Female,39.0,No,No,Yes,Private,Urban,78.24,28.6,Unknown,No,0.4386340583793531,0.1067306804542516,0.2096219931271477
22860,Female,65.0,No,No,Yes,Govt_job,Rural,84.66,22.4,never smoked,No,0.7316578383861152,0.1363678330717385,0.138602520045819
6960,Female,26.0,No,No,No,Govt_job,Urban,90.35,38.6,Unknown,No,0.292122168375972,0.1626350290831871,0.3241695303550974
57209,Male,42.0,No,No,Yes,Govt_job,Rural,68.12,32.0,Unknown,No,0.4724444945339794,0.0600129258609547,0.2485681557846506
66581,Female,34.0,No,No,Yes,Private,Rural,59.14,40.1,never smoked,No,0.3822833314549758,0.0185578432277721,0.3413516609392898
17347,Female,45.0,No,No,Yes,Govt_job,Urban,85.64,32.0,formerly smoked,No,0.5062549306886058,0.140891884405872,0.2485681557846506
58422,Male,43.0,No,No,Yes,Govt_job,Rural,56.08,23.9,Unknown,No,0.4837146399188549,0.0044317237558858,0.1557846506300114
19043,Female,40.0,No,No,No,Private,Rural,99.0,25.0,never smoked,No,0.4499042037642285,0.2025667066752839,0.1683848797250859
52897,Male,35.0,No,No,No,Private,Urban,93.6,28.5,smokes,No,0.3935534768398512,0.1776382605484258,0.2084765177548682
16329,Female,2.0,No,No,Yes,children,Urban,105.75,19.8,Unknown,No,0.0216386791389608,0.2337272643338565,0.1088201603665521
40353,Female,50.29,No,No,Yes,Private,Urban,114.09,25.7,never smoked,No,0.5658739997745971,0.2722278644631151,0.1764032073310423
56778,Male,64.0,Yes,No,Yes,Private,Urban,57.42,28.0,smokes,No,0.7203876930012397,0.0106176714984766,0.2027491408934708
41153,Female,45.0,No,No,Yes,Private,Urban,100.01,37.2,never smoked,No,0.5062549306886058,0.2072292493767888,0.3081328751431844
63725,Male,23.0,No,No,No,Private,Urban,62.0,24.8,formerly smoked,No,0.2583117322213457,0.0317606869171821,0.1660939289805269
19675,Female,51.0,No,No,Yes,Self-employed,Rural,103.61,39.2,never smoked,No,0.5738758029978587,0.2238482134613609,0.3310423825887744
72784,Female,45.0,No,No,Yes,Private,Rural,118.46,61.6,smokes,No,0.5062549306886058,0.2924014403102206,0.5876288659793815
8541,Female,45.0,No,No,Yes,Govt_job,Rural,94.77,27.2,never smoked,No,0.5062549306886058,0.1830394238759117,0.1935853379152348
45565,Female,40.0,No,No,Yes,Private,Urban,72.12,38.0,never smoked,No,0.4499042037642285,0.0784784415104792,0.3172966781214204
36431,Male,39.0,No,No,Yes,Govt_job,Rural,155.23,36.2,never smoked,No,0.4386340583793531,0.4621456929184747,0.2966781214203895
6171,Male,6.0,No,No,No,children,Urban,90.6,16.6,Unknown,No,0.0667192606784627,0.1637891238112824,0.0721649484536082
29419,Female,32.0,No,No,Yes,Private,Urban,81.92,38.0,never smoked,No,0.3597430406852248,0.1237189548518142,0.3172966781214204
65673,Female,55.0,No,No,No,Self-employed,Rural,67.1,31.4,never smoked,No,0.6189563845373606,0.0553042193703259,0.2416953035509736
64662,Female,23.0,No,No,No,Private,Rural,58.01,35.3,never smoked,No,0.2583117322213457,0.0133413350567814,0.286368843069874
51693,Female,52.0,No,No,Yes,Private,Rural,173.9,35.8,never smoked,No,0.5851459483827341,0.5483334872126304,0.2920962199312714
50495,Male,58.0,Yes,No,Yes,Private,Rural,106.27,28.6,never smoked,No,0.6527668206919869,0.2361277813682947,0.2096219931271477
37086,Male,17.0,No,No,No,Private,Rural,60.57,34.0,Unknown,No,0.1906908599120928,0.0251592650724771,0.2714776632302405
71396,Male,3.0,No,No,No,children,Urban,105.34,15.5,Unknown,No,0.0329088245238363,0.2318345489797802,0.0595647193585337
27854,Female,23.0,No,No,No,Private,Rural,96.28,31.1,never smoked,No,0.2583117322213457,0.1900101560336072,0.2382588774341351
53759,Male,56.0,No,No,Yes,Self-employed,Urban,122.73,37.5,formerly smoked,No,0.6302265299222359,0.3121133782660881,0.3115693012600229
14407,Male,45.0,No,No,No,Self-employed,Urban,104.12,37.7,Unknown,No,0.5062549306886058,0.2262025667066753,0.3138602520045819
887,Female,14.0,No,No,No,Private,Urban,69.74,24.2,formerly smoked,No,0.1568804237574664,0.067491459699012,0.1592210767468499
13328,Female,45.0,No,No,Yes,Private,Rural,106.95,33.4,Unknown,No,0.5062549306886058,0.2392669190287139,0.2646048109965636
62507,Female,57.0,No,No,Yes,Private,Urban,94.63,33.0,never smoked,No,0.6414966753071114,0.1823931308281783,0.2600229095074456
51797,Female,35.0,No,No,Yes,Private,Urban,86.97,25.7,Unknown,No,0.3935534768398512,0.1470316683593389,0.1764032073310423
61536,Female,8.0,No,No,No,children,Rural,76.12,19.4,Unknown,No,0.0892595514482136,0.0969439571600037,0.1042382588774341
71221,Female,42.0,No,No,Yes,Govt_job,Urban,99.94,33.4,never smoked,No,0.4724444945339794,0.2069061028529221,0.2646048109965636
6948,Male,8.0,No,No,No,children,Urban,91.53,18.0,Unknown,No,0.0892595514482136,0.1680823561997969,0.0882016036655211
66083,Male,62.0,No,No,Yes,Private,Rural,145.46,40.1,never smoked,No,0.6978474022314888,0.4170436709445111,0.3413516609392898
21238,Female,43.0,No,No,Yes,Private,Urban,74.86,26.9,never smoked,No,0.4837146399188549,0.0911273197304034,0.1901489117983963
70992,Female,45.0,No,No,No,children,Urban,74.42,22.5,Unknown,No,0.5062549306886058,0.0890961130089558,0.1397479954180985
20376,Male,40.0,No,No,Yes,Self-employed,Urban,70.07,27.6,smokes,No,0.4499042037642285,0.0690148647400978,0.1981672394043528
6613,Male,2.0,No,No,No,children,Urban,89.85,23.3,Unknown,No,0.0216386791389608,0.1603268396269965,0.1489117983963344
27818,Female,27.0,No,No,No,Private,Rural,104.21,35.7,never smoked,No,0.3033923137608475,0.2266180408087895,0.290950744558992
3062,Female,47.0,No,No,Yes,Self-employed,Rural,157.77,28.4,never smoked,No,0.5287952214583568,0.4738712953559228,0.2073310423825887
11692,Female,53.0,No,No,No,Govt_job,Urban,101.81,29.4,smokes,No,0.5964160937676096,0.2155387314190749,0.2187857961053837
25070,Male,62.0,No,No,Yes,Govt_job,Rural,103.0,31.9,Unknown,No,0.6978474022314888,0.2210322223248084,0.2474226804123711
39556,Male,50.0,No,No,Yes,Self-employed,Urban,101.85,25.1,smokes,No,0.5626056576129832,0.2157233865755701,0.1695303550973654
18437,Male,45.0,No,No,No,Private,Urban,85.92,35.6,smokes,No,0.5062549306886058,0.1421844705013387,0.2898052691867125
59540,Female,19.0,No,No,No,Private,Rural,56.85,21.1,never smoked,No,0.2132311506818438,0.0079863355184193,0.1237113402061855
13857,Male,45.0,No,No,No,children,Urban,89.04,17.8,Unknown,No,0.5062549306886058,0.1565875727079679,0.0859106529209622
57924,Female,45.0,No,No,Yes,Govt_job,Rural,63.01,31.5,never smoked,No,0.5062549306886058,0.0364232296186871,0.2428407789232531
38069,Male,45.0,No,No,Yes,Private,Rural,65.48,26.6,Unknown,No,0.5062549306886058,0.0478256855322685,0.1867124856815578
48871,Female,54.0,No,No,Yes,Private,Rural,68.6,44.8,smokes,No,0.6076862391524851,0.0622287877388975,0.3951890034364261
63420,Male,64.0,Yes,No,Yes,Private,Urban,81.68,31.3,formerly smoked,No,0.7203876930012397,0.1226110239128428,0.2405498281786941
67665,Male,2.0,No,No,No,children,Urban,65.21,17.2,Unknown,No,0.0216386791389608,0.0465792632259255,0.0790378006872852
50638,Female,66.0,No,No,Yes,Govt_job,Urban,72.53,25.3,smokes,No,0.7429279837709907,0.0803711568645554,0.1718213058419244
43892,Female,73.0,No,No,Yes,Private,Rural,81.78,28.8,never smoked,No,0.8218190014651189,0.1230726618040809,0.2119129438717067
9335,Female,31.0,No,No,No,Private,Rural,116.85,49.9,smokes,No,0.3484728953003493,0.284969070261287,0.4536082474226803
38830,Female,1.88,No,No,Yes,children,Rural,80.83,18.0,Unknown,No,0.0202862616927758,0.1186871018373188,0.0882016036655211
14019,Female,58.0,No,No,Yes,Private,Urban,96.21,23.5,never smoked,No,0.6527668206919869,0.1896870095097405,0.1512027491408934
65888,Male,12.0,No,No,No,children,Rural,117.04,18.1,Unknown,No,0.1343401329877155,0.2858461822546395,0.0893470790378007
62986,Female,60.0,Yes,No,Yes,Private,Rural,78.26,41.7,formerly smoked,No,0.6753071114617378,0.1068230080324993,0.3596792668957618
61409,Male,32.0,Yes,No,No,Govt_job,Urban,58.24,28.1,formerly smoked,No,0.3597430406852248,0.0144031022066291,0.2038946162657503
72041,Male,23.0,No,No,No,Private,Urban,82.53,20.7,smokes,No,0.2583117322213457,0.1265349459883667,0.1191294387170675
51584,Male,26.0,No,No,No,Private,Urban,71.25,30.3,smokes,No,0.292122168375972,0.0744621918567076,0.2290950744558992
56476,Male,36.0,No,No,Yes,Private,Rural,129.73,27.8,never smoked,No,0.4048236222247267,0.3444280306527559,0.2004581901489118
51740,Female,3.0,No,No,No,children,Urban,115.47,18.9,Unknown,No,0.0329088245238363,0.278598467362201,0.0985108820160366
45983,Male,21.0,No,No,No,Private,Urban,56.79,20.4,Unknown,No,0.2357714414515947,0.0077093527836764,0.115693012600229
16079,Female,67.0,No,No,Yes,Private,Urban,100.16,31.8,Unknown,No,0.7541981291558661,0.207921706213646,0.2462772050400916
24920,Female,33.86,No,No,Yes,Govt_job,Rural,97.6,44.8,smokes,No,0.3807055111010932,0.1961037761979503,0.3951890034364261
72818,Female,26.0,No,No,No,Private,Rural,90.54,37.1,Unknown,No,0.292122168375972,0.1635121410765396,0.3069873997709049
65944,Female,47.0,No,No,Yes,Self-employed,Urban,105.88,39.9,smokes,No,0.5287952214583568,0.234327393592466,0.3390607101947308
63836,Male,81.0,Yes,Yes,Yes,Govt_job,Rural,217.94,24.1,formerly smoked,No,0.9119801645441226,0.7516388145138952,0.1580756013745704
46729,Female,1.64,No,No,No,children,Urban,69.89,18.1,Unknown,No,0.0175814268004057,0.0681839165358692,0.0893470790378007
44642,Male,52.0,No,No,Yes,Govt_job,Urban,93.28,36.3,never smoked,No,0.5851459483827341,0.1761610192964638,0.2978235967926689
70693,Female,28.0,No,Yes,Yes,Private,Rural,111.27,19.1,smokes,No,0.314662459145723,0.2592096759302003,0.1008018327605956
54065,Female,45.0,No,No,Yes,Private,Urban,91.04,21.1,never smoked,No,0.5062549306886058,0.1658203305327301,0.1237113402061855
9926,Male,20.0,No,No,No,Private,Urban,87.2,28.9,smokes,No,0.2245012960667192,0.1480934355091866,0.2130584192439862
29201,Male,1.56,No,No,No,children,Rural,109.12,18.9,Unknown,No,0.0166798151696156,0.2492844612685809,0.0985108820160366
33308,Female,65.0,No,No,Yes,Private,Urban,216.64,43.3,formerly smoked,No,0.7316578383861152,0.7456375219277998,0.3780068728522336
15937,Male,45.0,Yes,No,Yes,Self-employed,Rural,74.28,37.2,formerly smoked,No,0.5062549306886058,0.0884498199612224,0.3081328751431844
53748,Male,77.0,No,No,No,Self-employed,Urban,57.6,32.2,Unknown,No,0.8668995830046208,0.0114486197027052,0.2508591065292097
47803,Male,37.0,No,No,Yes,Govt_job,Urban,173.97,26.3,Unknown,No,0.4160937676096021,0.5486566337364971,0.1832760595647193
41554,Female,70.16,No,No,Yes,Private,Rural,65.25,25.4,smokes,No,0.7898117885720726,0.0467639183824208,0.1729667812142038
69435,Female,0.56,No,No,No,children,Urban,80.92,18.3,Unknown,No,0.0054096697847402,0.1191025759394331,0.0916380297823596
41049,Female,30.0,No,No,Yes,Private,Rural,124.37,21.4,never smoked,No,0.3372027499154739,0.3196842396823931,0.127147766323024
13859,Female,31.0,No,No,No,Private,Urban,102.39,22.9,smokes,No,0.3484728953003493,0.2182162311882559,0.1443298969072164
24257,Male,4.0,No,No,No,children,Rural,90.42,16.2,Unknown,No,0.0441789699087118,0.1629581756070538,0.0675830469644902
14417,Male,65.0,Yes,No,Yes,Private,Rural,79.17,29.6,Unknown,No,0.7316578383861152,0.1110239128427661,0.2210767468499427
45260,Female,68.0,No,No,Yes,Self-employed,Urban,71.08,21.5,never smoked,No,0.7654682745407415,0.0736774074416028,0.1282932416953035
12807,Female,63.0,Yes,No,Yes,Private,Urban,81.54,24.2,never smoked,No,0.7091175476163643,0.1219647308651094,0.1592210767468499
71417,Male,46.0,No,No,No,Private,Urban,159.67,37.3,never smoked,No,0.5175250760734813,0.4826424152894468,0.3092783505154639
37479,Female,54.0,No,No,Yes,Private,Urban,93.96,33.3,smokes,No,0.6076862391524851,0.179300156956883,0.263459335624284
23850,Male,66.0,No,No,Yes,Private,Urban,103.01,33.1,never smoked,No,0.7429279837709907,0.2210783861139322,0.2611683848797251
17791,Female,29.0,No,No,Yes,Govt_job,Rural,92.49,22.2,never smoked,No,0.3259326045305984,0.1725140799556827,0.13631156930126
2544,Male,78.0,No,No,Yes,Private,Urban,208.85,24.4,formerly smoked,No,0.8781697283894963,0.7096759302003508,0.1615120274914089
4961,Male,56.0,No,No,Yes,Govt_job,Urban,122.39,30.3,Unknown,No,0.6302265299222359,0.3105438094358785,0.2290950744558992
2702,Female,57.0,No,No,Yes,Private,Rural,65.91,28.2,Unknown,No,0.6414966753071114,0.0498107284645923,0.2050400916380297
11208,Female,2.0,No,No,No,children,Rural,70.25,17.0,Unknown,No,0.0216386791389608,0.0698458129443264,0.0767468499427262
4077,Male,49.0,No,No,Yes,Private,Urban,219.7,53.8,Unknown,No,0.5513355122281077,0.759763641399686,0.4982817869415807
36548,Male,31.0,No,No,Yes,Govt_job,Urban,65.7,30.4,formerly smoked,No,0.3484728953003493,0.0488412888929923,0.2302405498281786
71596,Female,47.0,No,No,Yes,Private,Urban,67.08,22.3,Unknown,No,0.5287952214583568,0.0552118917920783,0.1374570446735395
61050,Male,37.0,No,No,Yes,Govt_job,Rural,107.58,25.3,never smoked,No,0.4160937676096021,0.242175237743514,0.1718213058419244
6172,Female,79.0,No,No,Yes,Private,Rural,208.05,28.1,smokes,No,0.8894398737743716,0.7059828270704459,0.2038946162657503
15098,Female,65.0,No,No,Yes,Private,Rural,95.87,29.8,never smoked,No,0.7316578383861152,0.188117440679531,0.2233676975945017
34895,Male,61.0,No,No,Yes,Private,Urban,68.17,43.8,formerly smoked,No,0.6865772568466133,0.0602437448065737,0.3837342497136312
6443,Female,66.0,No,No,Yes,Private,Urban,95.37,34.5,smokes,No,0.7429279837709907,0.1858092512233404,0.277205040091638
67635,Male,24.0,No,No,No,Private,Urban,90.0,25.5,never smoked,No,0.2695818776062211,0.1610192964638537,0.1741122565864833
19931,Male,66.0,No,No,Yes,Self-employed,Rural,106.1,31.5,smokes,No,0.7429279837709907,0.2353429969531899,0.2428407789232531
57302,Female,55.96,Yes,No,Yes,Private,Rural,56.13,39.2,Unknown,No,0.629775724106841,0.0046625427015049,0.3310423825887744
26197,Female,38.0,No,No,Yes,Private,Rural,104.03,47.3,smokes,No,0.4273639129944776,0.225787092604561,0.4238258877434135
54982,Female,88.81,No,No,No,children,Rural,157.01,17.0,Unknown,No,1.0,0.4703628473825131,0.0767468499427262
13398,Female,63.0,No,No,Yes,Private,Urban,84.35,38.2,never smoked,No,0.7091175476163643,0.1349367556089003,0.3195876288659794
21101,Male,71.0,No,No,Yes,Private,Rural,67.99,31.1,never smoked,No,0.7992787106953679,0.0594127966023451,0.2382588774341351
39958,Male,18.0,No,No,No,Private,Rural,118.93,22.4,never smoked,No,0.2019610052969683,0.2945711383990398,0.138602520045819
51894,Female,65.0,No,No,Yes,Private,Rural,185.28,32.0,smokes,No,0.7316578383861152,0.6008678792355276,0.2485681557846506
56001,Male,57.0,No,No,Yes,Private,Rural,82.08,24.7,Unknown,No,0.6414966753071114,0.1244575754777952,0.1649484536082474
56137,Female,62.0,No,No,Yes,Private,Urban,88.32,36.3,Unknown,No,0.6978474022314888,0.1532637798910534,0.2978235967926689
25900,Male,1.8,No,No,No,children,Rural,85.16,20.2,Unknown,No,0.0193846500619857,0.1386760225279291,0.11340206185567
69213,Male,35.0,No,No,No,Private,Rural,69.54,27.4,never smoked,No,0.3935534768398512,0.0665681839165359,0.1958762886597937
38613,Female,50.0,No,No,Yes,Govt_job,Rural,62.12,29.6,never smoked,No,0.5626056576129832,0.0323146523866679,0.2210767468499427
27660,Female,73.0,Yes,No,No,Self-employed,Rural,198.3,54.3,formerly smoked,No,0.8218190014651189,0.66097313267473,0.5040091638029782
33790,Female,23.0,No,No,No,Private,Rural,100.06,28.6,never smoked,No,0.2583117322213457,0.2074600683224079,0.2096219931271477
50845,Female,32.0,No,No,Yes,Govt_job,Urban,101.13,43.9,formerly smoked,No,0.3597430406852248,0.2123995937586557,0.3848797250859106
44628,Female,38.0,No,No,Yes,Private,Rural,91.09,22.2,never smoked,No,0.4273639129944776,0.1660511494783492,0.13631156930126
38951,Female,50.0,No,No,Yes,Self-employed,Rural,61.54,28.4,Unknown,No,0.5626056576129832,0.0296371526174868,0.2073310423825887
52792,Female,39.0,No,No,Yes,Private,Urban,62.02,23.7,smokes,No,0.4386340583793531,0.0318530144954298,0.1534936998854524
27675,Female,7.0,No,No,No,children,Urban,103.11,18.3,Unknown,No,0.0779894060633382,0.2215400240051703,0.0916380297823596
6903,Female,15.0,No,No,No,children,Rural,77.57,18.3,Unknown,No,0.1681505691423419,0.1036377065829563,0.0916380297823596
35463,Male,67.0,No,No,Yes,Private,Urban,97.34,28.9,never smoked,No,0.7541981291558661,0.1949035176807312,0.2130584192439862
172,Male,8.0,No,No,No,children,Urban,78.76,28.1,Unknown,No,0.0892595514482136,0.1091311974886899,0.2038946162657503
16876,Female,32.0,No,No,Yes,Private,Rural,67.1,27.1,Unknown,No,0.3597430406852248,0.0553042193703259,0.1924398625429553
60926,Male,5.0,No,No,No,children,Urban,79.89,13.8,Unknown,No,0.0554491152935872,0.1143477056596805,0.0400916380297823
21333,Male,56.0,Yes,No,Yes,Private,Rural,206.66,21.9,smokes,No,0.6302265299222359,0.6995660603822361,0.1328751431844215
69183,Male,49.0,No,No,No,Private,Urban,95.79,24.0,Unknown,No,0.5513355122281077,0.1877481303665405,0.1569301260022909
2313,Female,75.0,No,Yes,Yes,Self-employed,Urban,83.88,28.1,smokes,No,0.8443592922348698,0.1327670575200812,0.2038946162657503
8041,Female,11.0,No,No,No,children,Rural,93.51,20.8,Unknown,No,0.12306998760284,0.1772227864463115,0.120274914089347
68171,Male,61.0,No,No,Yes,Self-employed,Urban,116.78,39.8,formerly smoked,No,0.6865772568466133,0.2846459237374203,0.3379152348224513
27948,Male,76.0,No,No,Yes,Self-employed,Rural,117.63,26.2,never smoked,No,0.8556294376197453,0.2885698458129443,0.1821305841924398
45673,Female,34.0,No,No,Yes,Private,Rural,60.01,43.9,Unknown,No,0.3822833314549758,0.0225740928815437,0.3848797250859106
50810,Male,20.0,No,No,No,Private,Rural,64.6,27.3,Unknown,No,0.2245012960667192,0.043763272089373,0.1947308132875143
2467,Female,45.0,Yes,No,Yes,Self-employed,Rural,92.43,28.1,never smoked,No,0.5062549306886058,0.1722370972209399,0.2038946162657503
64165,Female,24.0,No,No,No,Private,Urban,71.63,22.0,formerly smoked,No,0.2695818776062211,0.0762164158434124,0.134020618556701
22352,Female,39.0,No,No,Yes,Self-employed,Urban,87.79,40.0,formerly smoked,No,0.4386340583793531,0.1508170990674915,0.3402061855670103
62990,Female,55.0,No,No,Yes,Govt_job,Rural,99.64,20.1,formerly smoked,No,0.6189563845373606,0.2055211891792078,0.1122565864833906
1737,Female,16.0,No,No,No,Private,Rural,86.53,42.2,never smoked,No,0.1794207145272174,0.1450004616378912,0.3654066437571592
26357,Male,36.0,No,No,No,Private,Urban,200.68,25.8,Unknown,No,0.4048236222247267,0.671960114486197,0.1775486827033219
28013,Female,38.0,No,No,Yes,Self-employed,Urban,98.37,27.2,never smoked,No,0.4273639129944776,0.1996583879604838,0.1935853379152348
24727,Male,20.0,No,No,No,Private,Rural,117.98,30.9,smokes,No,0.2245012960667192,0.2901855784322777,0.2359679266895761
37608,Female,38.0,No,No,No,Private,Urban,218.6,47.9,formerly smoked,No,0.4273639129944776,0.7546856245960668,0.4306987399770904
13870,Female,52.0,No,No,Yes,Private,Urban,101.3,33.1,smokes,No,0.5851459483827341,0.2131843781737604,0.2611683848797251
4655,Male,49.0,No,No,Yes,Private,Urban,79.51,37.8,never smoked,No,0.5513355122281077,0.1125934816729757,0.3150057273768614
55356,Female,80.0,No,No,Yes,Self-employed,Urban,223.26,25.4,never smoked,No,0.9007100191592471,0.7761979503277628,0.1729667812142038
49400,Male,75.0,No,No,Yes,Private,Rural,97.22,28.4,never smoked,No,0.8443592922348698,0.1943495522112455,0.2073310423825887
38132,Female,13.0,No,No,No,Private,Rural,172.27,16.6,never smoked,No,0.145610278372591,0.5408087895854492,0.0721649484536082
50136,Female,54.0,Yes,No,Yes,Private,Urban,221.83,35.1,smokes,No,0.6076862391524851,0.7695965284830579,0.284077892325315
3094,Male,28.0,No,No,No,Private,Urban,74.61,32.7,Unknown,No,0.314662459145723,0.0899732250023082,0.2565864833906071
42727,Female,61.0,No,No,Yes,Private,Rural,60.91,29.8,Unknown,No,0.6865772568466133,0.0267288339026867,0.2233676975945017
41500,Male,0.16,No,No,No,children,Rural,69.79,13.0,Unknown,No,0.0009016116307900373,0.0677222786446311,0.0309278350515463
33185,Male,59.0,No,No,No,Govt_job,Urban,83.6,27.5,formerly smoked,No,0.6640369660768624,0.1314744714246145,0.1970217640320733
7057,Male,12.0,No,No,No,children,Urban,83.95,23.6,Unknown,No,0.1343401329877155,0.1330902040439479,0.1523482245131729
48244,Female,38.0,No,No,No,Private,Rural,77.5,36.9,smokes,No,0.4273639129944776,0.1033145600590896,0.3046964490263459
69559,Male,15.0,No,No,No,Never_worked,Urban,64.29,16.7,Unknown,No,0.1681505691423419,0.0423321946265349,0.0733104238258877
61757,Male,31.0,No,No,Yes,Self-employed,Rural,61.1,26.5,never smoked,No,0.3484728953003493,0.0276059458960391,0.1855670103092783
10541,Male,52.0,Yes,No,Yes,Private,Rural,100.71,37.0,never smoked,No,0.5851459483827341,0.2104607146154556,0.3058419243986254
48169,Female,61.0,No,No,Yes,Self-employed,Urban,65.21,27.7,Unknown,No,0.6865772568466133,0.0465792632259255,0.1993127147766323
64202,Male,50.0,No,No,Yes,Private,Rural,119.77,23.5,Unknown,No,0.5626056576129832,0.2984488966854399,0.1512027491408934
7069,Female,41.0,No,No,Yes,Private,Rural,102.39,40.4,formerly smoked,No,0.461174349149104,0.2182162311882559,0.3447880870561283
52050,Male,20.0,No,No,No,Private,Urban,59.67,27.7,never smoked,No,0.2245012960667192,0.0210045240513341,0.1993127147766323
31692,Male,45.0,No,No,Yes,Private,Rural,83.16,28.3,never smoked,No,0.5062549306886058,0.1294432647031668,0.2061855670103093
11192,Female,45.0,No,No,Yes,Private,Rural,218.1,55.0,smokes,No,0.5062549306886058,0.7523774351398762,0.5120274914089348
69404,Male,73.0,No,No,Yes,Govt_job,Rural,76.45,28.7,Unknown,No,0.8218190014651189,0.0984673622010895,0.2107674684994272
42700,Female,52.0,No,No,Yes,Private,Rural,200.46,25.0,Unknown,No,0.5851459483827341,0.6709445111254732,0.1683848797250859
7638,Female,51.0,No,No,Yes,Private,Urban,95.7,24.8,formerly smoked,No,0.5738758029978587,0.1873326562644262,0.1660939289805269
7298,Female,56.0,No,No,Yes,Self-employed,Rural,70.23,35.5,never smoked,No,0.6302265299222359,0.0697534853660788,0.2886597938144329
43615,Female,49.0,No,No,Yes,Self-employed,Urban,75.15,25.0,Unknown,No,0.5513355122281077,0.092466069614994,0.1683848797250859
18134,Male,10.0,No,No,No,children,Rural,95.8,17.3,Unknown,No,0.1117998422179646,0.1877942941556643,0.0801832760595647
19324,Female,51.0,No,No,Yes,Govt_job,Urban,90.67,37.8,Unknown,No,0.5738758029978587,0.1641122703351491,0.3150057273768614
18827,Male,57.0,No,No,Yes,Self-employed,Rural,84.79,32.8,formerly smoked,No,0.6414966753071114,0.1369679623303481,0.2577319587628865
68291,Male,76.0,No,No,Yes,Private,Urban,147.5,28.7,Unknown,No,0.8556294376197453,0.4264610839257686,0.2107674684994272
70661,Female,28.0,No,No,No,Private,Rural,134.12,28.8,formerly smoked,No,0.314662459145723,0.3646939340781091,0.2119129438717067
6019,Female,57.0,No,No,Yes,Private,Urban,82.62,28.4,never smoked,No,0.6414966753071114,0.126950420090481,0.2073310423825887
56616,Male,39.0,No,No,Yes,Private,Rural,125.11,24.9,formerly smoked,No,0.4386340583793531,0.3231003600775552,0.1672394043528064
14399,Female,41.0,No,No,Yes,Private,Urban,92.14,29.6,formerly smoked,No,0.461174349149104,0.1708983473363493,0.2210767468499427
8009,Female,72.0,Yes,Yes,Yes,Private,Urban,217.79,26.1,formerly smoked,No,0.8105488560802434,0.7509463576770381,0.1809851088201604
30961,Male,45.0,No,No,Yes,Private,Rural,95.62,29.5,smokes,No,0.5062549306886058,0.1869633459514357,0.2199312714776632
24201,Male,33.0,No,No,Yes,Private,Rural,93.8,23.9,never smoked,No,0.3710131860701003,0.178561536330902,0.1557846506300114
18032,Male,62.0,No,Yes,Yes,Private,Rural,90.61,25.8,smokes,No,0.6978474022314888,0.1638352876004062,0.1775486827033219
62396,Female,27.0,No,No,No,Private,Urban,139.2,36.2,never smoked,No,0.3033923137608475,0.3881451389530052,0.2966781214203895
67055,Female,45.0,No,No,Yes,Private,Rural,77.01,31.3,formerly smoked,No,0.5062549306886058,0.1010525343920229,0.2405498281786941
51024,Female,24.0,No,No,Yes,Private,Urban,105.26,26.1,never smoked,No,0.2695818776062211,0.2314652386667898,0.1809851088201604
60774,Male,1.88,No,No,No,children,Rural,68.35,19.1,Unknown,No,0.0202862616927758,0.0610746930108023,0.1008018327605956
35039,Female,28.0,No,No,No,Private,Rural,99.07,17.6,never smoked,No,0.314662459145723,0.2028898531991505,0.0836197021764032
46141,Female,24.0,No,No,No,Private,Rural,147.74,21.4,Unknown,No,0.2695818776062211,0.4275690148647401,0.127147766323024
54240,Female,30.0,No,No,Yes,Govt_job,Urban,61.29,24.0,Unknown,No,0.3372027499154739,0.0284830578893915,0.1569301260022909
15929,Male,38.0,No,No,Yes,Govt_job,Rural,98.92,25.5,never smoked,No,0.4273639129944776,0.2021973963622934,0.1741122565864833
19849,Female,1.64,No,No,No,children,Urban,90.74,19.9,Unknown,No,0.0175814268004057,0.1644354168590157,0.1099656357388316
43282,Male,0.72,No,No,No,children,Rural,159.79,19.9,Unknown,No,0.0072128930463202,0.4831963807589326,0.1099656357388316
50372,Male,57.0,No,No,Yes,Private,Rural,233.47,35.5,never smoked,No,0.6414966753071114,0.8233311790231742,0.2886597938144329
5834,Female,27.0,No,No,No,Govt_job,Urban,85.53,26.9,smokes,No,0.3033923137608475,0.1403840827255101,0.1901489117983963
69847,Female,30.0,No,No,Yes,Self-employed,Urban,76.7,24.2,never smoked,No,0.3372027499154739,0.0996214569291847,0.1592210767468499
67277,Male,42.0,No,No,Yes,Private,Rural,67.87,30.0,never smoked,No,0.4724444945339794,0.0588588311328594,0.2256586483390607
41181,Male,36.0,No,No,Yes,Private,Urban,77.26,30.9,never smoked,No,0.4048236222247267,0.1022066291201182,0.2359679266895761
36388,Male,44.0,Yes,No,Yes,Private,Rural,91.28,26.5,never smoked,No,0.4949847853037304,0.1669282614717016,0.1855670103092783
49272,Male,59.0,No,No,Yes,Govt_job,Urban,129.19,30.6,never smoked,No,0.6640369660768624,0.3419351860400701,0.2325315005727377
52024,Female,61.0,No,No,Yes,Govt_job,Urban,97.86,19.1,formerly smoked,No,0.6865772568466133,0.1973040347151694,0.1008018327605956
58508,Female,18.0,No,No,No,Govt_job,Rural,112.33,23.2,formerly smoked,No,0.2019610052969683,0.2641030375773243,0.1477663230240549
64159,Female,44.0,No,No,Yes,Private,Rural,110.41,30.5,smokes,No,0.4949847853037304,0.2552395900655526,0.2313860252004582
29453,Male,16.0,No,No,No,children,Rural,91.58,15.8,Unknown,No,0.1794207145272174,0.1683131751454159,0.0630011454753722
52838,Male,13.0,No,No,No,children,Urban,58.86,16.9,never smoked,No,0.145610278372591,0.0172652571323054,0.0756013745704467
43024,Male,9.0,No,No,No,children,Rural,76.88,18.0,Unknown,No,0.1005296968330891,0.1004524051334133,0.0882016036655211
8247,Male,0.16,No,No,No,children,Urban,109.52,13.9,Unknown,No,0.0009016116307900373,0.2511310128335333,0.0412371134020618
42159,Female,81.0,Yes,No,Yes,Self-employed,Urban,181.23,36.7,never smoked,No,0.9119801645441226,0.582171544640384,0.302405498281787
37761,Female,38.0,No,No,Yes,Private,Urban,103.58,30.8,formerly smoked,No,0.4273639129944776,0.2237097220939894,0.2348224513172966
27624,Female,58.0,No,No,Yes,Self-employed,Rural,81.96,34.6,never smoked,No,0.6527668206919869,0.1239036100083094,0.2783505154639175
40242,Male,5.0,No,No,No,children,Rural,104.55,16.3,Unknown,No,0.0554491152935872,0.2281876096389991,0.0687285223367697
4383,Female,64.0,No,No,Yes,Govt_job,Urban,76.12,38.2,formerly smoked,No,0.7203876930012397,0.0969439571600037,0.3195876288659794
58577,Female,38.0,No,No,Yes,Govt_job,Rural,64.27,27.3,never smoked,No,0.4273639129944776,0.0422398670482873,0.1947308132875143
59916,Female,56.0,No,No,Yes,Private,Rural,200.98,30.4,smokes,No,0.6302265299222359,0.6733450281599113,0.2302405498281786
44526,Male,58.0,No,No,Yes,Govt_job,Urban,101.96,34.5,never smoked,No,0.6527668206919869,0.216231188255932,0.277205040091638
12990,Male,9.0,No,No,No,children,Rural,84.17,17.4,Unknown,No,0.1005296968330891,0.1341058074046718,0.0813287514318441
14414,Female,34.0,No,No,Yes,Private,Rural,85.79,32.0,never smoked,No,0.3822833314549758,0.1415843412427292,0.2485681557846506
46343,Female,79.0,No,No,Yes,Private,Urban,71.46,33.4,Unknown,No,0.8894398737743716,0.0754316314283076,0.2646048109965636
29539,Male,62.0,Yes,No,Yes,Self-employed,Rural,95.49,40.2,smokes,No,0.6978474022314888,0.1863632166928261,0.3424971363115693
10924,Female,60.0,No,No,Yes,Private,Rural,87.62,30.1,smokes,No,0.6753071114617378,0.1500323146523867,0.2268041237113402
30248,Female,45.0,No,No,No,Private,Rural,118.55,46.2,smokes,No,0.5062549306886058,0.292816914412335,0.4112256586483391
39769,Female,59.0,No,No,Yes,Self-employed,Urban,82.14,35.6,smokes,No,0.6640369660768624,0.1247345582125381,0.2898052691867125
28778,Female,54.0,No,No,Yes,Private,Urban,219.67,29.4,smokes,No,0.6076862391524851,0.7596251500323146,0.2187857961053837
65257,Male,59.0,No,No,Yes,Private,Urban,135.84,27.3,never smoked,No,0.6640369660768624,0.3726341058074046,0.1947308132875143
7233,Male,15.0,No,No,No,children,Rural,74.83,17.4,Unknown,No,0.1681505691423419,0.090988828363032,0.0813287514318441
67773,Female,14.0,No,No,No,children,Urban,60.37,26.9,Unknown,No,0.1568804237574664,0.0242359892900009,0.1901489117983963
14993,Male,5.0,No,No,No,children,Rural,67.28,17.7,Unknown,No,0.0554491152935872,0.0561351675745545,0.0847651775486827
59054,Male,17.0,No,No,No,Private,Rural,77.79,23.6,Unknown,No,0.1906908599120928,0.1046533099436802,0.1523482245131729
22554,Female,13.0,No,No,No,children,Rural,88.51,27.7,Unknown,No,0.145610278372591,0.1541408918844059,0.1993127147766323
72512,Female,48.0,No,No,Yes,Self-employed,Urban,90.38,38.0,smokes,No,0.5400653668432323,0.1627735204505585,0.3172966781214204
56195,Male,37.0,No,No,Yes,Govt_job,Urban,156.69,35.2,never smoked,No,0.4160937676096021,0.4688856061305511,0.2852233676975945
7524,Female,69.0,No,Yes,Yes,Private,Urban,207.6,28.1,never smoked,No,0.776738419925617,0.7039054565598744,0.2038946162657503
45795,Female,74.0,No,No,Yes,Private,Urban,158.9,32.4,formerly smoked,No,0.8330891468499944,0.4790878035269135,0.2531500572737686
64433,Male,54.0,No,No,Yes,Private,Urban,247.97,36.1,formerly smoked,No,0.6076862391524851,0.8902686732527005,0.2955326460481099
70106,Female,64.0,No,Yes,Yes,Private,Rural,114.71,30.6,never smoked,No,0.7203876930012397,0.2750900193887914,0.2325315005727377
50072,Female,26.0,No,No,No,Private,Rural,58.55,29.0,never smoked,No,0.292122168375972,0.0158341796694672,0.2142038946162657
52530,Male,55.0,No,No,Yes,Govt_job,Urban,231.15,22.3,never smoked,No,0.6189563845373606,0.81262117994645,0.1374570446735395
768,Female,74.0,No,No,Yes,Self-employed,Urban,68.18,27.3,formerly smoked,No,0.8330891468499944,0.0602899085956975,0.1947308132875143
40255,Female,0.48,No,No,No,children,Rural,118.75,17.4,Unknown,No,0.0045080581539501,0.2937401901948112,0.0813287514318441
50073,Female,41.0,No,Yes,No,Private,Rural,186.54,39.0,formerly smoked,No,0.461174349149104,0.6066845166651278,0.3287514318442153
52439,Male,68.0,No,Yes,Yes,Private,Rural,96.14,26.7,never smoked,No,0.7654682745407415,0.1893638629858739,0.1878579610538373
65379,Male,9.0,No,No,No,children,Urban,69.52,24.2,Unknown,No,0.1005296968330891,0.0664758563382882,0.1592210767468499
38605,Female,36.0,No,No,Yes,Private,Rural,101.93,22.8,smokes,No,0.4048236222247267,0.2160926968885606,0.143184421534937
35772,Male,17.0,No,No,No,Private,Urban,71.58,25.6,Unknown,No,0.1906908599120928,0.0759855968977933,0.1752577319587629
38014,Male,24.0,No,No,Yes,Private,Urban,83.1,21.9,smokes,No,0.2695818776062211,0.1291662819684239,0.1328751431844215
68330,Female,69.0,No,No,Yes,Self-employed,Rural,110.96,25.9,never smoked,No,0.776738419925617,0.2577785984673622,0.1786941580756013
47271,Male,38.0,No,No,Yes,Govt_job,Urban,122.83,30.6,Unknown,No,0.4273639129944776,0.3125750161573262,0.2325315005727377
26330,Female,69.0,No,No,Yes,Private,Urban,91.65,25.7,formerly smoked,No,0.776738419925617,0.1686363216692826,0.1764032073310423
24022,Female,32.0,No,No,Yes,Private,Urban,84.1,33.3,Unknown,No,0.3597430406852248,0.133782660880805,0.263459335624284
45622,Female,25.0,No,No,No,Private,Rural,118.85,23.8,smokes,No,0.2808520229910966,0.2942018280860493,0.1546391752577319
60732,Male,2.0,No,No,No,children,Urban,89.32,17.2,Unknown,No,0.0216386791389608,0.1578801588034345,0.0790378006872852
53694,Male,79.0,No,No,No,Self-employed,Urban,128.72,31.0,Unknown,No,0.8894398737743716,0.339765487951251,0.2371134020618556
11280,Female,28.0,No,No,Yes,Private,Urban,98.05,24.7,never smoked,No,0.314662459145723,0.1981811467085218,0.1649484536082474
28734,Female,16.0,No,No,No,Never_worked,Urban,102.1,27.1,never smoked,No,0.1794207145272174,0.2168774813036653,0.1924398625429553
12693,Male,31.0,No,No,Yes,Private,Urban,108.62,28.1,smokes,No,0.3484728953003493,0.2469762718123904,0.2038946162657503
17683,Male,66.0,No,No,Yes,Self-employed,Urban,96.19,38.3,smokes,No,0.7429279837709907,0.1895946819314929,0.3207331042382588
36155,Female,57.0,Yes,No,Yes,Private,Urban,98.07,50.9,formerly smoked,No,0.6414966753071114,0.1982734742867694,0.4650630011454753
31390,Female,61.0,No,No,Yes,Private,Rural,71.4,29.2,formerly smoked,No,0.6865772568466133,0.0751546486935648,0.2164948453608247
10636,Female,74.0,No,No,Yes,Self-employed,Rural,82.27,23.6,formerly smoked,No,0.8330891468499944,0.1253346874711476,0.1523482245131729
71659,Female,70.0,No,No,Yes,Govt_job,Rural,158.33,33.5,never smoked,No,0.7880085653104925,0.4764564675468563,0.265750286368843
52305,Female,8.0,No,No,No,children,Rural,102.5,16.3,Unknown,No,0.0892595514482136,0.2187240328686178,0.0687285223367697
9602,Female,49.0,No,No,Yes,Private,Urban,72.18,30.8,Unknown,No,0.5513355122281077,0.078755424245222,0.2348224513172966
68407,Male,30.0,No,No,Yes,Govt_job,Urban,95.94,31.1,never smoked,No,0.3372027499154739,0.1884405872033976,0.2382588774341351
72011,Male,51.0,No,No,No,Self-employed,Rural,87.15,26.4,formerly smoked,No,0.5738758029978587,0.1478626165635675,0.1844215349369988
40568,Female,10.0,No,No,No,children,Urban,82.59,18.6,formerly smoked,No,0.1117998422179646,0.1268119287231096,0.0950744558991981
50206,Female,34.0,No,No,Yes,Private,Rural,89.31,37.3,formerly smoked,No,0.3822833314549758,0.1578339950143108,0.3092783505154639
41191,Male,40.0,No,No,Yes,Private,Rural,64.84,26.6,never smoked,No,0.4499042037642285,0.0448712030283445,0.1867124856815578
7129,Male,3.0,No,No,No,children,Urban,107.52,17.6,Unknown,No,0.0329088245238363,0.2418982550087711,0.0836197021764032
45485,Female,45.0,No,No,Yes,Self-employed,Urban,92.76,22.3,Unknown,No,0.5062549306886058,0.1737605022620257,0.1374570446735395
32023,Male,4.0,No,No,No,children,Urban,79.16,20.2,Unknown,No,0.0441789699087118,0.1109777490536423,0.11340206185567
33064,Male,52.0,No,Yes,Yes,Private,Urban,87.0,30.9,never smoked,No,0.5851459483827341,0.1471701597267103,0.2359679266895761
60896,Male,68.0,No,Yes,Yes,Private,Rural,145.25,31.5,never smoked,No,0.7654682745407415,0.416074231372911,0.2428407789232531
2109,Female,8.0,No,No,No,children,Urban,125.14,29.7,Unknown,No,0.0892595514482136,0.3232388514449266,0.2222222222222222
27705,Female,82.0,No,Yes,Yes,Self-employed,Rural,88.6,32.5,Unknown,No,0.923250309928998,0.1545563659865201,0.2542955326460481
36850,Male,36.0,No,No,Yes,Govt_job,Urban,57.59,32.8,Unknown,No,0.4048236222247267,0.0114024559135814,0.2577319587628865
52500,Female,42.0,No,No,Yes,Govt_job,Urban,59.43,25.4,never smoked,No,0.4724444945339794,0.0198965931123626,0.1729667812142038
43698,Female,27.0,No,No,No,Govt_job,Rural,65.43,27.2,Unknown,No,0.3033923137608475,0.0475948665866494,0.1935853379152348
49901,Female,55.0,No,No,Yes,Govt_job,Urban,154.03,31.6,smokes,No,0.6189563845373606,0.4566060382236174,0.2439862542955326
69120,Female,31.0,No,No,Yes,Self-employed,Rural,139.81,39.6,never smoked,No,0.3484728953003493,0.3909611300895577,0.3356242840778923
25510,Male,82.0,No,No,Yes,Self-employed,Urban,111.81,19.8,formerly smoked,No,0.923250309928998,0.2617025205428862,0.1088201603665521
60416,Female,57.0,No,No,Yes,Self-employed,Urban,106.84,29.6,never smoked,No,0.6414966753071114,0.2387591173483519,0.2210767468499427
15135,Female,78.0,No,Yes,Yes,Private,Rural,221.06,25.5,formerly smoked,No,0.8781697283894963,0.7660419167205244,0.1741122565864833
34660,Male,55.0,No,No,Yes,Self-employed,Urban,69.97,25.8,formerly smoked,No,0.6189563845373606,0.0685532268488597,0.1775486827033219
11713,Male,51.0,No,No,Yes,Private,Rural,77.07,32.1,formerly smoked,No,0.5738758029978587,0.1013295171267657,0.2497136311569301
40704,Male,80.0,No,No,No,Private,Urban,59.49,25.6,Unknown,No,0.9007100191592471,0.0201735758471055,0.1752577319587629
71298,Female,17.0,No,No,No,Private,Rural,109.39,26.3,never smoked,No,0.1906908599120928,0.2505308835749238,0.1832760595647193
54497,Female,88.11,No,No,Yes,Private,Rural,93.97,39.4,Unknown,No,0.9921108982305872,0.1793463207460068,0.3333333333333333
30129,Female,45.0,No,No,Yes,Govt_job,Urban,163.17,25.6,never smoked,No,0.5062549306886058,0.4987997414827808,0.1752577319587629
44965,Female,14.0,No,No,Yes,Self-employed,Urban,124.39,34.0,Unknown,No,0.1568804237574664,0.3197765672606408,0.2714776632302405
38549,Female,62.0,No,No,Yes,Private,Urban,212.62,35.8,never smoked,No,0.6978474022314888,0.7270796787000277,0.2920962199312714
39236,Female,56.0,No,No,No,Self-employed,Urban,128.63,24.9,smokes,No,0.6302265299222359,0.3393500138491367,0.1672394043528064
50545,Male,41.0,No,No,Yes,Govt_job,Urban,84.1,29.3,never smoked,No,0.461174349149104,0.133782660880805,0.2176403207331042
28435,Female,59.0,No,No,Yes,Self-employed,Urban,77.6,23.4,Unknown,No,0.6640369660768624,0.1037761979503277,0.1500572737686139
4631,Male,29.0,No,No,Yes,Private,Urban,70.51,24.5,Unknown,No,0.3259326045305984,0.0710460714615456,0.1626575028636884
9912,Male,39.0,No,No,Yes,Private,Rural,109.19,29.8,Unknown,No,0.4386340583793531,0.2496076077924476,0.2233676975945017
43028,Male,66.0,No,No,Yes,Self-employed,Rural,55.23,28.9,Unknown,No,0.7429279837709907,0.0005078016803619214,0.2130584192439862
38894,Female,35.0,No,No,Yes,Private,Urban,120.15,27.3,never smoked,No,0.3935534768398512,0.3002031206721448,0.1947308132875143
41238,Female,45.0,No,No,Yes,Private,Urban,72.16,23.2,never smoked,No,0.5062549306886058,0.0786630966669744,0.1477663230240549
51828,Male,35.0,No,No,Yes,Private,Rural,95.89,34.2,Unknown,No,0.3935534768398512,0.1882097682577786,0.2737686139747995
64196,Male,26.0,No,No,No,Private,Urban,64.68,23.3,smokes,No,0.292122168375972,0.0441325824023636,0.1489117983963344
10626,Female,31.0,No,No,No,Private,Rural,70.51,26.9,formerly smoked,No,0.3484728953003493,0.0710460714615456,0.1901489117983963
4117,Female,56.0,No,No,Yes,Self-employed,Rural,81.77,21.8,never smoked,No,0.6302265299222359,0.123026498014957,0.131729667812142
37993,Female,36.0,No,No,Yes,Govt_job,Urban,66.47,26.9,never smoked,No,0.4048236222247267,0.0523959006555258,0.1901489117983963
57765,Female,41.0,No,No,Yes,Govt_job,Rural,146.08,29.9,never smoked,No,0.461174349149104,0.4199058258701874,0.2245131729667812
7841,Female,50.0,No,No,Yes,Private,Urban,91.68,22.4,never smoked,No,0.5626056576129832,0.1687748130366541,0.138602520045819
18398,Female,42.0,No,No,Yes,Private,Rural,108.96,27.5,never smoked,No,0.4724444945339794,0.2485458406425999,0.1970217640320733
50210,Male,79.0,No,No,Yes,Self-employed,Urban,113.41,35.0,never smoked,No,0.8894398737743716,0.2690887268026959,0.2829324169530355
52461,Male,57.0,No,No,Yes,Private,Urban,111.08,27.9,never smoked,No,0.6414966753071114,0.2583325639368479,0.2016036655211912
32523,Male,68.0,No,Yes,Yes,Private,Urban,217.74,25.5,Unknown,No,0.7654682745407415,0.750715538731419,0.1741122565864833
49509,Female,25.0,No,No,Yes,Private,Rural,78.5,28.6,never smoked,No,0.2808520229910966,0.1079309389714707,0.2096219931271477
16377,Male,45.0,No,No,Yes,Private,Urban,89.06,34.8,formerly smoked,No,0.5062549306886058,0.1566799002862155,0.2806414662084764
13902,Female,42.0,No,No,Yes,Private,Urban,74.8,50.6,Unknown,No,0.4724444945339794,0.0908503369956606,0.4616265750286368
44047,Male,37.0,No,No,Yes,Govt_job,Rural,80.2,30.9,never smoked,No,0.4160937676096021,0.1157787831225187,0.2359679266895761
34184,Female,2.0,No,No,No,children,Rural,76.52,14.8,Unknown,No,0.0216386791389608,0.0987905087249561,0.0515463917525773
11312,Female,78.0,No,No,Yes,Self-employed,Rural,208.99,31.4,formerly smoked,No,0.8781697283894963,0.7103222232480843,0.2416953035509736
39616,Female,36.0,No,No,Yes,Private,Urban,99.72,22.3,smokes,No,0.4048236222247267,0.2058904994921983,0.1374570446735395
57322,Male,10.0,No,No,No,children,Urban,102.97,19.1,Unknown,No,0.1117998422179646,0.220893730957437,0.1008018327605956
28011,Male,39.0,Yes,No,Yes,Private,Rural,197.36,27.4,Unknown,No,0.4386340583793531,0.6566337364970917,0.1958762886597937
242,Male,45.0,No,No,No,children,Urban,98.56,17.5,Unknown,No,0.5062549306886058,0.2005354999538362,0.0824742268041237
18178,Female,48.0,No,No,Yes,Private,Urban,86.06,36.2,never smoked,No,0.5400653668432323,0.1428307635490721,0.2966781214203895
51823,Male,72.0,No,No,Yes,Self-employed,Urban,123.08,25.4,smokes,No,0.8105488560802434,0.3137291108854215,0.1729667812142038
23439,Male,63.0,No,Yes,No,Private,Urban,75.0,25.7,smokes,No,0.7091175476163643,0.0917736127781368,0.1764032073310423
12594,Female,28.0,No,No,Yes,Private,Rural,105.9,28.6,smokes,No,0.314662459145723,0.2344197211707137,0.2096219931271477
2692,Female,80.0,No,No,Yes,Self-employed,Urban,73.87,33.7,never smoked,No,0.9007100191592471,0.0865571046071461,0.2680412371134021
26062,Male,49.0,No,No,Yes,Private,Rural,78.04,37.9,never smoked,No,0.5513355122281077,0.1058074046717755,0.3161512027491409
6805,Male,57.0,No,No,No,Private,Urban,107.74,28.4,Unknown,No,0.6414966753071114,0.2429138583694949,0.2073310423825887
45817,Female,59.0,No,No,Yes,Private,Rural,60.64,20.0,never smoked,No,0.6640369660768624,0.0254824115963438,0.1111111111111111
66306,Female,43.0,No,No,Yes,Private,Rural,82.57,29.1,never smoked,No,0.4837146399188549,0.1267196011448619,0.2153493699885452
62167,Female,47.0,No,No,Yes,Private,Rural,115.98,27.6,Unknown,No,0.5287952214583568,0.2809528206075155,0.1981672394043528
16627,Male,54.0,No,No,Yes,Self-employed,Rural,110.38,27.6,formerly smoked,No,0.6076862391524851,0.2551010986981811,0.1981672394043528
34285,Male,57.0,No,No,Yes,Private,Rural,92.59,24.2,Unknown,No,0.6414966753071114,0.1729757178469209,0.1592210767468499
71151,Male,56.0,No,No,Yes,Private,Urban,82.64,31.0,never smoked,No,0.6302265299222359,0.1270427476687286,0.2371134020618556
2580,Male,66.0,No,Yes,No,Govt_job,Urban,70.28,34.5,never smoked,No,0.7429279837709907,0.0699843043116979,0.277205040091638
11891,Male,8.01,No,No,No,Govt_job,Urban,106.54,27.0,never smoked,No,0.0893722529020624,0.2373742036746376,0.1912943871706758
57080,Female,81.0,Yes,Yes,Yes,Self-employed,Urban,59.11,20.7,formerly smoked,No,0.9119801645441226,0.0184193518604007,0.1191294387170675
47456,Male,30.0,No,No,Yes,Private,Rural,58.89,26.1,formerly smoked,No,0.3372027499154739,0.0174037484996768,0.1809851088201604
56139,Male,8.0,No,No,No,children,Urban,129.66,19.2,Unknown,No,0.0892595514482136,0.3441048841288892,0.1019473081328751
12857,Male,55.0,No,No,Yes,Self-employed,Rural,73.57,28.0,smokes,No,0.6189563845373606,0.0851721909334318,0.2027491408934708
40980,Male,79.0,Yes,No,Yes,Self-employed,Urban,72.04,23.6,formerly smoked,No,0.8894398737743716,0.0781091311974887,0.1523482245131729
47668,Female,49.0,No,No,Yes,Private,Rural,125.63,57.2,Unknown,No,0.5513355122281077,0.3255008771119933,0.5372279495990837
72792,Female,53.0,Yes,No,Yes,Private,Rural,77.94,33.0,never smoked,No,0.5964160937676096,0.1053457667805373,0.2600229095074456
37728,Female,26.0,No,No,Yes,Private,Urban,68.99,22.2,never smoked,No,0.292122168375972,0.0640291755147262,0.13631156930126
47410,Female,14.0,No,No,No,children,Rural,111.76,24.8,Unknown,No,0.1568804237574664,0.2614717015972671,0.1660939289805269
56450,Male,25.0,No,No,No,Private,Rural,65.36,24.7,never smoked,No,0.2808520229910966,0.0472717200627827,0.1649484536082474
9189,Female,20.0,No,No,No,Private,Urban,80.27,27.9,never smoked,No,0.2245012960667192,0.1161019296463853,0.2016036655211912
71966,Female,18.0,No,No,No,Never_worked,Urban,81.73,21.6,never smoked,No,0.2019610052969683,0.1228418428584618,0.129438717067583
59272,Male,38.0,No,No,Yes,Private,Rural,79.22,34.8,smokes,No,0.4273639129944776,0.1112547317883852,0.2806414662084764
45563,Female,72.0,No,Yes,Yes,Self-employed,Urban,142.63,32.9,smokes,No,0.8105488560802434,0.4039793186224725,0.258877434135166
19907,Female,45.0,No,No,Yes,Private,Rural,97.05,28.0,Unknown,No,0.5062549306886058,0.1935647677961407,0.2027491408934708
40163,Female,82.0,Yes,No,Yes,Private,Urban,222.52,28.1,formerly smoked,No,0.923250309928998,0.7727818299326009,0.2038946162657503
62738,Male,71.0,No,Yes,Yes,Private,Rural,70.38,25.0,smokes,No,0.7992787106953679,0.070445942202936,0.1683848797250859
51651,Male,46.0,No,No,Yes,Private,Rural,114.46,24.7,formerly smoked,No,0.5175250760734813,0.2739359246606961,0.1649484536082474
39940,Female,33.0,No,No,Yes,Private,Urban,64.62,27.3,never smoked,No,0.3710131860701003,0.0438555996676207,0.1947308132875143
8122,Female,37.0,No,No,Yes,Private,Urban,94.12,34.2,Unknown,No,0.4160937676096021,0.180038777582864,0.2737686139747995
71057,Female,54.0,No,No,Yes,Private,Rural,70.19,39.1,smokes,No,0.6076862391524851,0.0695688302095836,0.3298969072164948
67921,Female,5.0,No,No,No,children,Urban,55.35,22.7,Unknown,No,0.0554491152935872,0.0010617671498476,0.1420389461626575
12834,Male,45.0,No,No,Yes,Private,Urban,115.52,33.9,formerly smoked,No,0.5062549306886058,0.2788292863078201,0.270332187857961
56567,Male,14.0,No,No,No,children,Urban,60.7,18.6,Unknown,No,0.1568804237574664,0.0257593943310867,0.0950744558991981
11872,Male,5.0,No,No,No,children,Urban,69.24,16.7,Unknown,No,0.0554491152935872,0.0651832702428215,0.0733104238258877
6574,Female,35.0,No,No,Yes,Self-employed,Urban,103.29,20.6,never smoked,No,0.3935534768398512,0.2223709722093989,0.1179839633447881
5294,Female,20.0,No,No,Yes,Private,Rural,92.74,20.1,Unknown,No,0.2245012960667192,0.173668174683778,0.1122565864833906
10870,Male,45.0,No,No,Yes,Private,Rural,232.64,45.2,never smoked,No,0.5062549306886058,0.8194995845258978,0.3997709049255442
15062,Male,40.0,No,No,Yes,Govt_job,Urban,82.46,25.3,smokes,No,0.4499042037642285,0.1262117994645,0.1718213058419244
46454,Female,79.0,No,No,Yes,Govt_job,Urban,63.57,32.4,never smoked,No,0.8894398737743716,0.0390084018096205,0.2531500572737686
31795,Male,61.0,No,No,Yes,Self-employed,Urban,73.24,34.9,never smoked,No,0.6865772568466133,0.083648785892346,0.281786941580756
62395,Male,33.0,No,No,Yes,Private,Urban,78.43,43.7,smokes,No,0.3710131860701003,0.1076077924476041,0.3825887743413517
42760,Female,27.0,No,No,Yes,Private,Urban,57.46,23.0,smokes,No,0.3033923137608475,0.0108023266549718,0.1454753722794959
27119,Female,28.0,No,No,No,Private,Rural,104.16,21.5,never smoked,No,0.314662459145723,0.2263872218631705,0.1282932416953035
47113,Female,67.0,No,No,Yes,Self-employed,Rural,110.42,24.9,never smoked,No,0.7541981291558661,0.2552857538546764,0.1672394043528064
36045,Female,35.0,No,No,Yes,Private,Rural,119.4,22.9,never smoked,No,0.3935534768398512,0.2967408364878589,0.1443298969072164
54871,Female,78.0,No,No,Yes,Private,Urban,119.13,25.0,never smoked,No,0.8781697283894963,0.2954944141815159,0.1683848797250859
48824,Female,20.0,No,No,No,Private,Rural,120.22,21.3,never smoked,No,0.2245012960667192,0.3005262671960114,0.1260022909507445
67356,Female,43.0,No,No,Yes,Private,Urban,80.8,46.1,never smoked,No,0.4837146399188549,0.1185486104699473,0.4100801832760595
70670,Female,27.0,No,No,Yes,Private,Rural,57.96,64.4,never smoked,No,0.3033923137608475,0.0131105161111624,0.6197021764032075
58477,Female,45.0,No,No,Yes,Private,Urban,81.24,37.0,never smoked,No,0.5062549306886058,0.120579817191395,0.3058419243986254
53636,Female,11.0,No,No,No,children,Urban,88.79,21.3,never smoked,No,0.12306998760284,0.1554334779798726,0.1260022909507445
24262,Female,31.0,No,No,Yes,Private,Rural,70.91,28.3,never smoked,No,0.3484728953003493,0.072892623026498,0.2061855670103093
33886,Female,30.0,No,No,No,Private,Rural,87.12,31.1,smokes,No,0.3372027499154739,0.1477241251961961,0.2382588774341351
59126,Female,27.0,No,No,No,Private,Urban,126.09,25.1,Unknown,No,0.3033923137608475,0.3276244114116886,0.1695303550973654
31697,Female,34.0,No,No,Yes,Private,Urban,76.42,27.6,smokes,No,0.3822833314549758,0.098328870833718,0.1981672394043528
10018,Male,19.0,No,No,No,Private,Rural,56.33,29.4,Unknown,No,0.2132311506818438,0.0055858184839811,0.2187857961053837
52447,Female,3.0,No,No,No,children,Rural,131.81,14.1,Unknown,No,0.0329088245238363,0.3540300987905087,0.0435280641466208
23238,Male,53.0,No,Yes,Yes,Private,Rural,95.23,35.2,smokes,No,0.5964160937676096,0.185162958175607,0.2852233676975945
4148,Male,81.0,No,No,Yes,Self-employed,Urban,71.18,23.9,formerly smoked,No,0.9119801645441226,0.0741390453328409,0.1557846506300114
63404,Female,44.0,No,No,Yes,Private,Rural,87.71,34.0,formerly smoked,No,0.4949847853037304,0.1504477887545009,0.2714776632302405
13540,Female,59.0,No,No,Yes,Self-employed,Rural,115.68,27.1,Unknown,No,0.6640369660768624,0.2795679069338012,0.1924398625429553
44288,Male,43.0,No,No,Yes,Private,Rural,207.37,29.5,formerly smoked,No,0.4837146399188549,0.7028436894100267,0.2199312714776632
23194,Male,32.0,Yes,No,No,Private,Rural,74.43,28.1,Unknown,No,0.3597430406852248,0.0891422767980796,0.2038946162657503
751,Female,5.0,No,No,No,children,Rural,75.1,20.7,Unknown,No,0.0554491152935872,0.0922352506693749,0.1191294387170675
7047,Female,31.0,No,No,Yes,Private,Rural,69.72,39.5,smokes,No,0.3484728953003493,0.0673991321207644,0.3344788087056128
68020,Male,47.0,No,No,Yes,Private,Urban,111.84,33.7,Unknown,No,0.5287952214583568,0.2618410119102576,0.2680412371134021
11325,Female,12.0,No,No,No,children,Rural,111.08,23.2,never smoked,No,0.1343401329877155,0.2583325639368479,0.1477663230240549
25636,Male,40.0,No,No,Yes,Private,Rural,201.96,30.1,Unknown,No,0.4499042037642285,0.6778690794940448,0.2268041237113402
60602,Female,49.0,No,No,Yes,Govt_job,Urban,68.68,28.8,never smoked,No,0.5513355122281077,0.0625980980518881,0.2119129438717067
51856,Male,38.0,Yes,No,Yes,Private,Rural,56.9,92.0,never smoked,No,0.4273639129944776,0.0082171544640384,0.9358533791523485
13031,Female,15.0,No,No,No,children,Urban,91.16,38.0,never smoked,No,0.1681505691423419,0.1663742960022158,0.3172966781214204
19498,Female,68.09,No,Yes,No,Self-employed,Urban,99.44,27.7,Unknown,No,0.7664825876253804,0.2045979133967316,0.1993127147766323
51476,Male,48.0,No,No,Yes,Private,Urban,78.85,43.2,never smoked,No,0.5400653668432323,0.1095466715908041,0.3768613974799543
49762,Female,45.0,No,No,No,Private,Rural,123.89,24.1,smokes,No,0.5062549306886058,0.3174683778044502,0.1580756013745704
23449,Male,47.0,No,No,Yes,Self-employed,Rural,90.44,28.7,never smoked,No,0.5287952214583568,0.1630505031853014,0.2107674684994272
51374,Female,13.0,No,No,No,children,Rural,138.44,34.8,Unknown,No,0.145610278372591,0.3846366909795956,0.2806414662084764
41263,Female,16.0,No,No,No,Private,Urban,75.06,23.5,never smoked,No,0.1794207145272174,0.0920505955128797,0.1512027491408934
6599,Male,64.0,Yes,No,Yes,Self-employed,Rural,85.66,28.5,never smoked,No,0.7203876930012397,0.1409842119841196,0.2084765177548682
16320,Female,11.0,No,No,No,children,Urban,102.76,20.3,Unknown,No,0.12306998760284,0.2199242913858369,0.1145475372279496
64670,Female,55.0,No,No,Yes,Govt_job,Urban,71.79,43.0,formerly smoked,No,0.6189563845373606,0.0769550364693934,0.3745704467353952
35941,Male,38.0,No,No,Yes,Private,Urban,167.16,18.3,never smoked,No,0.4273639129944776,0.5172190933431816,0.0916380297823596
64931,Male,37.0,No,No,Yes,Private,Rural,131.05,27.2,never smoked,No,0.4160937676096021,0.3505216508170991,0.1935853379152348
27416,Female,34.0,No,No,Yes,Private,Rural,86.92,22.0,Unknown,No,0.3822833314549758,0.1468008494137199,0.134020618556701
43433,Female,52.0,No,No,Yes,Self-employed,Rural,59.62,50.8,Unknown,No,0.5851459483827341,0.020773705105715,0.4639175257731959
21366,Female,45.0,No,No,Yes,Private,Urban,103.72,35.4,formerly smoked,No,0.5062549306886058,0.2243560151417228,0.2875143184421534
14658,Female,37.0,No,No,Yes,Private,Rural,77.1,55.9,Unknown,No,0.4160937676096021,0.1014680084941371,0.5223367697594501
7538,Female,55.0,No,No,Yes,Self-employed,Rural,94.75,27.9,smokes,No,0.6189563845373606,0.1829470962976641,0.2016036655211912
52092,Female,2.0,No,No,No,children,Rural,77.72,19.8,Unknown,No,0.0216386791389608,0.1043301634198135,0.1088201603665521
45372,Male,45.0,No,No,Yes,Self-employed,Rural,76.09,26.0,smokes,No,0.5062549306886058,0.0968054657926322,0.1798396334478808
63043,Female,27.0,No,No,No,Private,Urban,61.8,26.8,formerly smoked,No,0.3033923137608475,0.0308374111347059,0.1890034364261168
67,Female,17.0,No,No,No,Private,Urban,92.97,28.1,formerly smoked,No,0.1906908599120928,0.1747299418336257,0.2038946162657503
68034,Female,53.0,Yes,No,Yes,Govt_job,Urban,83.73,32.5,never smoked,No,0.5964160937676096,0.1320746006832241,0.2542955326460481
63026,Male,45.0,No,No,No,children,Rural,79.33,15.0,Unknown,No,0.5062549306886058,0.1117625334687471,0.0538373424971363
18352,Female,3.0,No,No,No,children,Rural,108.32,14.2,Unknown,No,0.0329088245238363,0.245591358138676,0.0446735395189003
36087,Female,20.0,No,No,No,Private,Rural,103.65,17.0,formerly smoked,No,0.2245012960667192,0.2240328686178561,0.0767468499427262
27480,Male,19.0,No,No,No,Private,Rural,86.19,26.2,never smoked,No,0.2132311506818438,0.1434308928076816,0.1821305841924398
38074,Female,31.0,No,No,Yes,Private,Urban,131.42,24.9,smokes,No,0.3484728953003493,0.35222971101468,0.1672394043528064
66690,Female,63.0,No,No,Yes,Self-employed,Urban,69.46,26.6,never smoked,No,0.7091175476163643,0.0661988736035453,0.1867124856815578
31131,Female,49.0,No,Yes,Yes,Private,Rural,76.78,22.7,smokes,No,0.5513355122281077,0.0999907672421752,0.1420389461626575
26884,Female,72.0,No,No,Yes,Self-employed,Urban,103.78,32.7,formerly smoked,No,0.8105488560802434,0.2246329978764657,0.2565864833906071
26935,Female,50.0,Yes,No,Yes,Private,Urban,213.43,36.7,smokes,No,0.5626056576129832,0.7308189456190564,0.302405498281787
17569,Male,41.0,No,No,Yes,Self-employed,Rural,93.52,31.5,Unknown,No,0.461174349149104,0.1772689502354353,0.2428407789232531
24585,Male,40.0,No,No,Yes,Govt_job,Urban,115.07,36.9,never smoked,No,0.4499042037642285,0.2767519157972486,0.3046964490263459
53954,Male,17.0,No,No,No,Private,Rural,69.45,27.6,Unknown,No,0.1906908599120928,0.0661527098144215,0.1981672394043528
13286,Male,3.0,No,No,No,children,Rural,81.0,20.7,Unknown,No,0.0329088245238363,0.1194718862524236,0.1191294387170675
7653,Female,33.0,No,No,No,Private,Urban,83.16,20.2,Unknown,No,0.3710131860701003,0.1294432647031668,0.11340206185567
59027,Female,87.2,No,No,No,children,Rural,108.63,23.4,never smoked,No,0.9818550659303504,0.2470224356015141,0.1500572737686139
70318,Male,23.0,No,No,No,Private,Rural,88.06,25.3,Unknown,No,0.2583117322213457,0.1520635213738344,0.1718213058419244
15422,Male,31.0,No,No,No,Govt_job,Rural,80.57,28.2,formerly smoked,No,0.3484728953003493,0.1174868433200996,0.2050400916380297
56692,Female,65.0,No,No,Yes,Self-employed,Urban,248.24,27.0,smokes,No,0.7316578383861152,0.8915150955590435,0.1912943871706758
45395,Female,43.0,No,No,Yes,Private,Urban,57.79,24.8,smokes,No,0.4837146399188549,0.0123257316960576,0.1660939289805269
39977,Female,22.0,No,No,No,Private,Urban,87.4,34.8,never smoked,No,0.2470415868364702,0.1490167112916628,0.2806414662084764
14553,Male,7.0,No,No,No,children,Urban,76.63,17.3,Unknown,No,0.0779894060633382,0.099298310405318,0.0801832760595647
40998,Female,81.0,No,No,Yes,Self-employed,Rural,58.01,27.8,never smoked,No,0.9119801645441226,0.0133413350567814,0.2004581901489118
71900,Female,10.0,No,No,No,children,Urban,77.43,16.2,Unknown,No,0.1117998422179646,0.102991413535223,0.0675830469644902
3318,Female,18.0,No,No,No,Private,Rural,101.12,28.1,smokes,No,0.2019610052969683,0.2123534299695319,0.2038946162657503
41481,Female,5.0,No,No,No,children,Rural,64.45,21.7,Unknown,No,0.0554491152935872,0.0430708152525159,0.1305841924398625
24854,Female,24.0,No,No,No,Self-employed,Urban,79.42,21.4,never smoked,No,0.2695818776062211,0.1121780075708614,0.127147766323024
22330,Female,45.0,No,No,Yes,Self-employed,Urban,82.94,29.3,Unknown,No,0.5062549306886058,0.128427661342443,0.2176403207331042
14892,Female,46.0,Yes,No,Yes,Private,Rural,81.58,36.2,never smoked,No,0.5175250760734813,0.1221493860216046,0.2966781214203895
36710,Male,64.0,No,No,Yes,Private,Urban,62.21,28.3,Unknown,No,0.7203876930012397,0.0327301264887822,0.2061855670103093
29267,Male,25.0,No,No,No,Private,Rural,229.94,23.5,never smoked,No,0.2808520229910966,0.8070353614624688,0.1512027491408934
17098,Female,12.0,No,No,No,children,Urban,116.06,25.9,Unknown,No,0.1343401329877155,0.2813221309205059,0.1786941580756013
61384,Male,81.0,Yes,No,Yes,Private,Urban,117.77,27.1,never smoked,No,0.9119801645441226,0.2892161388606776,0.1924398625429553
69732,Male,65.0,No,No,Yes,Self-employed,Urban,66.69,21.5,never smoked,No,0.7316578383861152,0.0534115040162496,0.1282932416953035
61238,Female,40.0,No,No,Yes,Private,Rural,122.23,30.5,Unknown,No,0.4499042037642285,0.3098051888098975,0.2313860252004582
18696,Male,81.0,No,No,No,Private,Urban,168.68,23.4,formerly smoked,No,0.9119801645441226,0.5242359892900009,0.1500572737686139
25643,Male,36.0,No,No,Yes,Private,Rural,119.9,37.6,never smoked,No,0.4048236222247267,0.2990490259440495,0.3127147766323024
63333,Female,32.0,No,No,Yes,Self-employed,Urban,110.33,24.0,smokes,No,0.3597430406852248,0.2548702797525621,0.1569301260022909
23210,Male,31.0,No,No,No,Private,Rural,77.95,25.1,never smoked,No,0.3484728953003493,0.1053919305696611,0.1695303550973654
2647,Male,55.0,No,No,Yes,Private,Rural,80.35,28.7,smokes,No,0.6189563845373606,0.1164712399593758,0.2107674684994272
60934,Male,39.0,No,No,Yes,Private,Urban,57.38,41.8,formerly smoked,No,0.4386340583793531,0.0104330163419813,0.3608247422680412
50412,Female,17.0,No,No,No,Private,Urban,96.47,25.6,Unknown,No,0.1906908599120928,0.1908872680269596,0.1752577319587629
1192,Female,31.0,No,No,No,Govt_job,Rural,70.66,27.2,never smoked,No,0.3484728953003493,0.0717385282984027,0.1935853379152348
55361,Female,45.0,No,No,Yes,Self-employed,Urban,202.06,24.4,never smoked,No,0.5062549306886058,0.6783307173852829,0.1615120274914089
50141,Female,5.0,No,No,No,children,Urban,91.3,20.7,Unknown,No,0.0554491152935872,0.1670205890499492,0.1191294387170675
12963,Female,29.0,No,No,No,Self-employed,Rural,67.56,19.6,Unknown,No,0.3259326045305984,0.0574277536700212,0.1065292096219931
55337,Female,2.0,No,No,No,children,Rural,126.12,24.8,Unknown,No,0.0216386791389608,0.3277629027790601,0.1660939289805269
23989,Female,62.0,No,No,Yes,Self-employed,Urban,86.4,32.6,smokes,No,0.6978474022314888,0.1444003323792817,0.2554410080183276
26025,Female,45.0,No,No,Yes,Govt_job,Urban,103.22,20.5,never smoked,No,0.5062549306886058,0.2220478256855322,0.1168384879725085
67711,Female,18.0,No,No,No,Private,Rural,88.85,36.2,Unknown,No,0.2019610052969683,0.1557104607146154,0.2966781214203895
53105,Female,29.0,No,No,Yes,Private,Urban,63.9,45.4,smokes,No,0.3259326045305984,0.0405318068507063,0.402061855670103
10696,Female,52.0,No,No,Yes,Private,Urban,81.32,27.6,formerly smoked,No,0.5851459483827341,0.1209491275043855,0.1981672394043528
43656,Male,59.0,Yes,No,Yes,Govt_job,Rural,253.93,28.1,formerly smoked,No,0.6640369660768624,0.917782291570492,0.2038946162657503
52361,Female,69.0,Yes,Yes,Yes,Private,Urban,78.11,34.7,formerly smoked,No,0.776738419925617,0.1061305511956421,0.279495990836197
57343,Female,71.0,No,No,Yes,Private,Urban,134.65,32.4,Unknown,No,0.7992787106953679,0.3671406149016711,0.2531500572737686
23339,Male,3.0,No,No,No,children,Rural,194.75,28.1,Unknown,No,0.0329088245238363,0.6445849875357769,0.2038946162657503
51408,Male,33.0,No,No,Yes,Govt_job,Rural,77.94,28.7,never smoked,No,0.3710131860701003,0.1053457667805373,0.2107674684994272
47886,Female,43.0,Yes,No,Yes,Govt_job,Rural,56.94,45.3,Unknown,No,0.4837146399188549,0.0084018096205336,0.4009163802978236
21407,Male,39.0,No,No,Yes,Private,Rural,117.03,40.3,formerly smoked,No,0.4386340583793531,0.2858000184655156,0.3436426116838487
34026,Female,60.0,No,No,Yes,Private,Rural,207.84,38.9,never smoked,No,0.6753071114617378,0.7050133874988459,0.3276059564719358
53004,Female,54.0,No,No,Yes,Govt_job,Rural,228.26,46.0,never smoked,No,0.6076862391524851,0.7992798448896684,0.4089347079037801
18833,Male,61.0,No,No,Yes,Self-employed,Rural,84.43,32.4,smokes,No,0.6865772568466133,0.1353060659218909,0.2531500572737686
69222,Male,0.24,No,No,No,children,Urban,57.09,19.4,Unknown,No,0.00180322326158,0.0090942664573908,0.1042382588774341
32610,Female,11.0,No,No,No,children,Urban,94.89,27.5,never smoked,No,0.12306998760284,0.1835933893453974,0.1970217640320733
57645,Female,75.0,No,No,Yes,Govt_job,Rural,132.46,26.2,Unknown,No,0.8443592922348698,0.3570307450835565,0.1821305841924398
21677,Female,64.0,No,No,Yes,Private,Rural,75.13,31.1,formerly smoked,No,0.7203876930012397,0.0923737420367463,0.2382588774341351
50410,Female,78.0,No,No,No,Govt_job,Rural,76.64,34.6,never smoked,No,0.8781697283894963,0.0993444741944419,0.2783505154639175
25051,Female,14.0,No,No,No,Private,Rural,91.32,24.3,never smoked,No,0.1568804237574664,0.1671129166281968,0.1603665521191294
31642,Female,66.0,No,No,Yes,Self-employed,Rural,85.9,34.6,never smoked,No,0.7429279837709907,0.1420921429230911,0.2783505154639175
60455,Male,48.0,No,No,Yes,Private,Urban,76.19,28.5,never smoked,No,0.5400653668432323,0.0972671036838703,0.2084765177548682
52172,Female,44.0,No,No,Yes,Private,Rural,85.77,32.1,Unknown,No,0.4949847853037304,0.1414920136644815,0.2497136311569301
69647,Male,30.0,No,No,No,Private,Urban,63.42,28.0,never smoked,No,0.3372027499154739,0.0383159449727633,0.2027491408934708
24972,Male,1.48,No,No,No,children,Rural,112.02,20.9,Unknown,No,0.0157782035388256,0.2626719601144862,0.1214203894616265
13172,Female,61.0,No,No,Yes,Self-employed,Urban,203.76,33.8,never smoked,No,0.6865772568466133,0.6861785615363308,0.2691867124856815
31911,Female,54.0,No,No,Yes,Govt_job,Urban,98.44,25.8,formerly smoked,No,0.6076862391524851,0.1999815344843504,0.1775486827033219
34415,Female,22.0,No,No,No,Govt_job,Urban,79.57,31.8,Unknown,No,0.2470415868364702,0.1128704644077185,0.2462772050400916
53219,Male,13.42,No,No,Yes,Private,Urban,63.98,26.8,smokes,No,0.1503437394342387,0.0409011171636967,0.1890034364261168
7924,Female,67.0,No,No,Yes,Private,Urban,101.46,25.9,formerly smoked,No,0.7541981291558661,0.2139229987997414,0.1786941580756013
72491,Male,53.0,No,No,Yes,Private,Urban,74.66,29.2,smokes,No,0.5964160937676096,0.0902040439479272,0.2164948453608247
59058,Female,45.0,No,No,Yes,Govt_job,Rural,68.66,25.3,never smoked,No,0.5062549306886058,0.0625057704736404,0.1718213058419244
52619,Female,65.0,No,No,Yes,Private,Rural,205.78,41.7,never smoked,No,0.7316578383861152,0.6955036469393407,0.3596792668957618
36162,Male,39.0,Yes,No,Yes,Private,Rural,111.24,38.8,never smoked,No,0.4386340583793531,0.2590711845628289,0.3264604810996563
68371,Male,57.0,No,No,Yes,Private,Urban,134.76,29.1,Unknown,No,0.6414966753071114,0.3676484165820329,0.2153493699885452
21067,Female,45.0,No,No,Yes,Self-employed,Urban,110.1,30.9,never smoked,No,0.5062549306886058,0.2538085126027144,0.2359679266895761
25718,Female,28.0,No,No,Yes,Private,Urban,100.8,39.3,formerly smoked,No,0.314662459145723,0.2108761887175699,0.3321878579610538
24421,Male,30.0,No,No,No,Private,Urban,113.08,41.8,Unknown,No,0.3372027499154739,0.2675653217616102,0.3608247422680412
69528,Female,31.0,No,No,Yes,Private,Urban,56.48,26.2,formerly smoked,No,0.3484728953003493,0.0062782753208383,0.1821305841924398
56594,Female,70.0,No,No,Yes,Private,Urban,77.77,33.8,smokes,No,0.7880085653104925,0.1045609823654325,0.2691867124856815
35095,Female,17.0,No,No,No,Private,Urban,104.02,26.1,Unknown,No,0.1906908599120928,0.2257409288154371,0.1809851088201604
30002,Male,44.0,Yes,No,Yes,Self-employed,Rural,83.59,24.1,never smoked,No,0.4949847853037304,0.1314283076354907,0.1580756013745704
71143,Male,65.0,No,No,Yes,Self-employed,Urban,179.67,30.7,formerly smoked,No,0.7316578383861152,0.5749699935370695,0.2336769759450171
32669,Male,6.0,No,No,No,children,Urban,91.89,22.4,Unknown,No,0.0667192606784627,0.1697442526082541,0.138602520045819
17174,Male,15.0,No,No,No,children,Rural,78.9,23.0,Unknown,No,0.1681505691423419,0.1097774905364232,0.1454753722794959
2818,Female,80.0,No,No,No,Self-employed,Rural,230.74,30.2,formerly smoked,No,0.9007100191592471,0.8107284645923738,0.2279495990836197
30650,Male,54.0,No,No,Yes,Govt_job,Rural,216.19,30.3,formerly smoked,No,0.6076862391524851,0.7435601514172283,0.2290950744558992
3013,Female,79.0,No,No,Yes,Self-employed,Rural,83.7,28.7,never smoked,No,0.8894398737743716,0.1319361093158526,0.2107674684994272
42806,Female,60.0,Yes,No,Yes,Private,Rural,200.66,36.3,smokes,No,0.6753071114617378,0.6718677869079493,0.2978235967926689
6390,Female,12.0,No,No,No,children,Rural,73.99,16.3,Unknown,No,0.1343401329877155,0.0871110700766318,0.0687285223367697
46647,Female,36.0,No,No,No,Private,Urban,228.5,34.5,never smoked,No,0.4048236222247267,0.80038777582864,0.277205040091638
6625,Female,54.0,No,No,Yes,Self-employed,Urban,70.43,20.8,smokes,No,0.6076862391524851,0.0706767611485551,0.120274914089347
49605,Male,63.0,No,No,Yes,Private,Urban,74.39,31.0,formerly smoked,No,0.7091175476163643,0.0889576216415843,0.2371134020618556
72940,Female,2.0,No,No,No,children,Urban,102.92,17.6,Unknown,No,0.0216386791389608,0.2206629120118179,0.0836197021764032
24783,Female,28.0,No,No,No,Private,Urban,87.91,22.7,formerly smoked,No,0.314662459145723,0.1513710645369771,0.1420389461626575
22515,Female,38.0,Yes,No,Yes,Private,Rural,118.55,38.4,smokes,No,0.4273639129944776,0.292816914412335,0.3218785796105383
3700,Male,37.0,No,No,Yes,Private,Urban,232.29,40.8,smokes,No,0.4160937676096021,0.8178838519065644,0.3493699885452462
53802,Male,80.0,No,Yes,Yes,Private,Rural,125.32,32.9,Unknown,No,0.9007100191592471,0.3240697996491551,0.258877434135166
49955,Male,43.0,No,No,No,Private,Urban,78.98,31.3,formerly smoked,No,0.4837146399188549,0.1101468008494137,0.2405498281786941
2456,Male,60.0,Yes,No,Yes,Govt_job,Rural,100.2,28.5,smokes,No,0.6753071114617378,0.2081063613701412,0.2084765177548682
71515,Female,66.0,No,No,Yes,Private,Rural,200.91,27.6,never smoked,No,0.7429279837709907,0.6730218816360446,0.1981672394043528
44662,Female,45.0,No,No,Yes,Govt_job,Rural,95.24,40.2,Unknown,No,0.5062549306886058,0.1852091219647308,0.3424971363115693
38661,Female,29.0,No,No,No,Private,Urban,56.64,24.7,never smoked,No,0.3259326045305984,0.0070168959468193,0.1649484536082474
15978,Male,4.0,No,No,No,children,Urban,80.48,17.7,Unknown,No,0.0441789699087118,0.1170713692179854,0.0847651775486827
35210,Female,48.0,No,No,Yes,Private,Urban,112.96,25.4,never smoked,No,0.5400653668432323,0.2670113562921244,0.1729667812142038
49930,Female,68.0,No,No,Yes,Private,Rural,236.04,28.5,never smoked,No,0.7654682745407415,0.8351952728279937,0.2084765177548682
27789,Female,57.0,No,No,Yes,Private,Urban,73.0,26.2,never smoked,No,0.6414966753071114,0.0825408549533745,0.1821305841924398
45325,Female,29.0,No,No,No,Private,Urban,61.13,26.0,never smoked,No,0.3259326045305984,0.0277444372634106,0.1798396334478808
31092,Female,30.0,No,No,Yes,Private,Urban,88.56,45.3,never smoked,No,0.3372027499154739,0.1543717108300249,0.4009163802978236
40705,Female,47.0,No,No,Yes,Self-employed,Rural,66.16,31.5,never smoked,No,0.5287952214583568,0.0509648231926876,0.2428407789232531
28513,Female,73.0,No,No,Yes,Private,Rural,88.98,20.6,smokes,No,0.8218190014651189,0.156310589973225,0.1179839633447881
12367,Female,32.23,No,No,Yes,Self-employed,Urban,94.39,29.4,Unknown,No,0.3623351741237461,0.1812851998892069,0.2187857961053837
63915,Female,39.0,No,No,Yes,Private,Urban,87.39,57.9,never smoked,No,0.4386340583793531,0.148970547502539,0.54524627720504
10166,Male,66.0,No,No,No,Govt_job,Rural,77.91,39.1,Unknown,No,0.7429279837709907,0.1052072754131659,0.3298969072164948
35999,Female,45.0,No,No,Yes,Private,Urban,86.85,23.8,formerly smoked,No,0.5062549306886058,0.1464777028898531,0.1546391752577319
8964,Female,34.0,No,No,No,Private,Rural,94.37,38.1,never smoked,No,0.3822833314549758,0.1811928723109593,0.3184421534936999
38207,Female,45.0,Yes,No,Yes,Self-employed,Rural,76.64,19.5,never smoked,No,0.5062549306886058,0.0993444741944419,0.1053837342497136
52681,Female,39.0,No,No,Yes,Private,Urban,254.95,35.5,smokes,No,0.4386340583793531,0.9224909980611208,0.2886597938144329
38980,Male,61.0,No,No,Yes,Govt_job,Urban,107.33,26.4,formerly smoked,No,0.6865772568466133,0.2410211430154187,0.1844215349369988
33924,Female,26.0,No,No,No,Private,Urban,80.94,22.2,smokes,No,0.292122168375972,0.1191949035176807,0.13631156930126
10135,Female,37.0,No,No,No,Private,Rural,112.02,29.1,Unknown,No,0.4160937676096021,0.2626719601144862,0.2153493699885452
46517,Female,66.0,No,Yes,Yes,Private,Rural,196.58,41.9,formerly smoked,No,0.7429279837709907,0.6530329609454344,0.3619702176403207
65966,Female,16.0,No,No,No,Private,Urban,89.14,22.6,formerly smoked,No,0.1794207145272174,0.1570492105992059,0.140893470790378
56575,Female,51.0,Yes,No,Yes,Govt_job,Urban,69.94,33.3,smokes,No,0.5738758029978587,0.0684147354814883,0.263459335624284
43138,Male,15.0,No,No,No,Private,Urban,55.79,21.3,never smoked,No,0.1681505691423419,0.0030929738712953,0.1260022909507445
36633,Male,1.72,No,No,No,children,Urban,73.08,20.4,Unknown,No,0.0184830384311957,0.082910165266365,0.115693012600229
11632,Male,60.0,No,No,Yes,Private,Urban,96.02,28.7,Unknown,No,0.6753071114617378,0.1888098975163881,0.2107674684994272
31153,Male,66.0,No,No,Yes,Self-employed,Rural,189.82,28.8,formerly smoked,No,0.7429279837709907,0.6218262394977379,0.2119129438717067
52247,Female,75.0,No,No,Yes,Govt_job,Urban,89.68,38.7,never smoked,No,0.8443592922348698,0.1595420552118918,0.3253150057273768
61987,Female,40.0,No,No,Yes,Private,Urban,101.06,32.3,smokes,No,0.4499042037642285,0.212076447234789,0.2520045819014891
64416,Female,52.0,No,No,Yes,Govt_job,Rural,62.66,37.9,Unknown,No,0.5851459483827341,0.0348074969993537,0.3161512027491409
31708,Female,13.0,No,No,No,children,Urban,84.03,25.3,Unknown,No,0.145610278372591,0.1334595143569384,0.1718213058419244
62296,Female,44.0,No,No,Yes,Govt_job,Rural,108.38,27.7,Unknown,No,0.4949847853037304,0.2458683408734188,0.1993127147766323
53976,Female,37.0,No,No,No,Private,Rural,78.79,25.1,Unknown,No,0.4160937676096021,0.1092696888560613,0.1695303550973654
16446,Male,2.0,No,No,No,children,Rural,76.12,16.8,Unknown,No,0.0216386791389608,0.0969439571600037,0.0744558991981672
51329,Female,48.0,No,No,Yes,Private,Rural,68.01,27.7,never smoked,No,0.5400653668432323,0.0595051241805927,0.1993127147766323
33560,Female,8.89,No,Yes,Yes,Govt_job,Urban,90.11,28.6,never smoked,No,0.0992899808407528,0.1615270981442156,0.2096219931271477
37866,Female,76.0,No,No,Yes,Self-employed,Urban,193.61,37.6,never smoked,No,0.8556294376197453,0.6393223155756624,0.3127147766323024
8553,Female,58.0,No,No,Yes,Govt_job,Rural,195.74,32.7,Unknown,No,0.6527668206919869,0.6491552026590343,0.2565864833906071
5654,Female,11.0,No,No,No,children,Rural,94.77,22.7,Unknown,No,0.12306998760284,0.1830394238759117,0.1420389461626575
17238,Female,9.0,No,No,No,children,Urban,85.0,16.0,Unknown,No,0.1005296968330891,0.1379374019019481,0.0652920962199312
45252,Male,54.0,No,No,Yes,Private,Urban,141.37,23.5,never smoked,No,0.6076862391524851,0.3981626811928723,0.1512027491408934
14444,Female,37.0,No,No,No,Self-employed,Urban,90.71,45.8,Unknown,No,0.4160937676096021,0.1642969254916443,0.4066437571592211
46503,Female,16.0,No,No,No,Private,Rural,106.8,20.8,never smoked,No,0.1794207145272174,0.2385744621918567,0.120274914089347
18578,Female,11.0,No,No,No,children,Rural,121.66,16.7,Unknown,No,0.12306998760284,0.3071738528298402,0.0733104238258877
917,Female,32.0,No,No,Yes,Private,Urban,85.18,22.2,smokes,No,0.3597430406852248,0.1387683501061767,0.13631156930126
60981,Female,26.0,No,No,No,Private,Rural,130.07,33.1,never smoked,No,0.292122168375972,0.3459975994829655,0.2611683848797251
28873,Female,21.0,No,No,No,Private,Rural,74.24,32.7,never smoked,No,0.2357714414515947,0.0882651648047271,0.2565864833906071
25446,Female,45.0,No,No,Yes,Govt_job,Urban,79.98,41.4,never smoked,No,0.5062549306886058,0.1147631797617948,0.3562428407789232
54127,Female,40.0,No,No,Yes,Self-employed,Urban,106.76,24.1,formerly smoked,No,0.4499042037642285,0.2383898070353615,0.1580756013745704
63478,Female,41.0,No,No,Yes,Private,Urban,76.34,28.0,Unknown,No,0.461174349149104,0.0979595605207275,0.2027491408934708
15464,Female,71.0,Yes,Yes,Yes,Private,Rural,221.24,24.2,Unknown,No,0.7992787106953679,0.766872864924753,0.1592210767468499
63312,Male,16.0,No,No,No,Private,Urban,80.55,23.5,smokes,No,0.1794207145272174,0.117394515741852,0.1512027491408934
55681,Female,7.0,No,No,No,children,Rural,63.98,23.0,Unknown,No,0.0779894060633382,0.0409011171636967,0.1454753722794959
63804,Female,27.0,No,No,No,Private,Rural,55.93,20.3,smokes,No,0.3033923137608475,0.0037392669190287,0.1145475372279496
10321,Female,22.0,No,No,Yes,Private,Rural,73.94,24.8,Unknown,No,0.2470415868364702,0.0868802511310128,0.1660939289805269
56339,Female,79.0,No,No,Yes,Self-employed,Rural,65.58,26.1,Unknown,No,0.8894398737743716,0.0482873234235066,0.1809851088201604
56277,Female,38.0,No,No,Yes,Private,Rural,83.8,24.2,smokes,No,0.4273639129944776,0.1323977472070907,0.1592210767468499
33657,Female,64.0,No,No,Yes,Private,Urban,95.87,19.3,formerly smoked,No,0.7203876930012397,0.188117440679531,0.1030927835051546
7054,Male,4.0,No,No,No,children,Rural,112.83,18.2,Unknown,No,0.0441789699087118,0.2664112270335149,0.0904925544100801
72393,Female,23.0,No,No,Yes,Govt_job,Rural,84.93,24.2,never smoked,No,0.2583117322213457,0.1376142553780814,0.1592210767468499
68059,Male,35.0,No,No,Yes,Govt_job,Rural,103.08,41.5,smokes,No,0.3935534768398512,0.2214015326377989,0.3573883161512027
14996,Male,66.0,No,No,Yes,Self-employed,Rural,85.98,28.0,Unknown,No,0.7429279837709907,0.1424614532360816,0.2027491408934708
841,Male,34.0,No,No,Yes,Private,Urban,83.75,37.0,never smoked,No,0.3822833314549758,0.1321669282614717,0.3058419243986254
22880,Female,19.0,No,No,No,Private,Urban,125.43,32.2,Unknown,No,0.2132311506818438,0.3245776013295171,0.2508591065292097
1552,Male,73.0,No,No,Yes,Private,Urban,101.58,35.9,never smoked,No,0.8218190014651189,0.2144769642692272,0.2932416953035509
68853,Female,70.0,No,No,Yes,Private,Rural,149.8,47.6,Unknown,No,0.7880085653104925,0.4370787554242452,0.427262313860252
49190,Female,45.0,No,No,Yes,Private,Rural,112.55,32.1,never smoked,No,0.5062549306886058,0.2651186409380482,0.2497136311569301
49277,Female,34.0,No,No,No,Private,Urban,70.87,55.7,formerly smoked,No,0.3822833314549758,0.0727079678700028,0.5200458190148912
711,Male,81.0,No,No,Yes,Private,Rural,92.96,22.2,never smoked,No,0.9119801645441226,0.1746837780445018,0.13631156930126
1953,Female,0.72,No,No,No,children,Rural,112.19,20.1,Unknown,No,0.0072128930463202,0.263456744529591,0.1122565864833906
34900,Male,13.0,No,No,No,Never_worked,Urban,85.08,14.6,Unknown,No,0.145610278372591,0.1383067122149386,0.0492554410080183
13237,Male,45.0,No,Yes,Yes,Self-employed,Urban,112.37,28.4,never smoked,No,0.5062549306886058,0.2642876927338196,0.2073310423825887
61684,Female,38.0,No,No,Yes,Private,Urban,151.26,20.6,never smoked,No,0.4273639129944776,0.4438186686363216,0.1179839633447881
28382,Male,21.0,No,No,No,Private,Urban,73.81,19.8,Unknown,No,0.2357714414515947,0.0862801218724033,0.1088201603665521
13768,Female,38.0,No,No,Yes,Private,Urban,77.2,23.4,Unknown,No,0.4273639129944776,0.1019296463853753,0.1500572737686139
32726,Female,41.0,No,No,No,Private,Urban,76.08,25.1,never smoked,No,0.461174349149104,0.0967593020035084,0.1695303550973654
65729,Female,26.0,No,No,Yes,Private,Rural,123.98,30.1,never smoked,No,0.292122168375972,0.3178838519065645,0.2268041237113402
6422,Female,48.0,No,No,Yes,Self-employed,Urban,108.51,33.3,Unknown,No,0.5400653668432323,0.2464684701320284,0.263459335624284
11382,Male,18.0,No,No,No,Private,Rural,98.07,24.0,never smoked,No,0.2019610052969683,0.1982734742867694,0.1569301260022909
31703,Male,66.0,No,No,Yes,Self-employed,Urban,85.82,27.8,never smoked,No,0.7429279837709907,0.1417228326101006,0.2004581901489118
33439,Female,27.0,No,No,No,Private,Rural,86.21,21.4,Unknown,No,0.3033923137608475,0.1435232203859292,0.127147766323024
5647,Female,18.0,No,No,No,Private,Urban,99.01,25.5,formerly smoked,No,0.2019610052969683,0.2026128704644077,0.1741122565864833
1847,Female,20.0,No,No,No,Govt_job,Rural,79.53,28.1,never smoked,No,0.2245012960667192,0.1126858092512233,0.2038946162657503
12900,Male,11.0,No,No,No,children,Rural,80.08,21.8,never smoked,No,0.12306998760284,0.1152248176530329,0.131729667812142
28367,Female,7.0,No,No,No,children,Rural,69.47,18.9,Unknown,No,0.0779894060633382,0.0662450373926692,0.0985108820160366
71551,Female,54.0,No,No,No,Private,Urban,85.07,21.9,Unknown,No,0.6076862391524851,0.1382605484258147,0.1328751431844215
13846,Male,43.0,No,No,Yes,Govt_job,Rural,88.0,30.6,never smoked,No,0.4837146399188549,0.1517865386390915,0.2325315005727377
61667,Female,61.0,No,No,Yes,Private,Rural,144.14,29.8,never smoked,No,0.6865772568466133,0.4109500507801679,0.2233676975945017
46079,Male,31.0,No,No,No,Private,Urban,78.8,28.7,smokes,No,0.3484728953003493,0.1093158526451851,0.2107674684994272
7871,Female,40.0,No,No,Yes,Private,Urban,86.78,35.5,smokes,No,0.4499042037642285,0.1461545563659865,0.2886597938144329
60964,Female,71.0,Yes,No,Yes,Govt_job,Rural,105.72,29.1,formerly smoked,No,0.7992787106953679,0.2335887729664851,0.2153493699885452
72562,Female,57.0,No,No,Yes,Private,Rural,64.37,32.8,never smoked,No,0.6414966753071114,0.0427015049395254,0.2577319587628865
63773,Female,13.0,No,No,No,children,Rural,146.1,22.8,never smoked,No,0.145610278372591,0.419998153448435,0.143184421534937
53998,Female,21.0,No,No,No,Private,Urban,58.66,31.3,never smoked,No,0.2357714414515947,0.0163419813498291,0.2405498281786941
16617,Female,63.0,Yes,No,Yes,Govt_job,Urban,192.5,29.0,never smoked,No,0.7091175476163643,0.6341981349829193,0.2142038946162657
54117,Male,7.0,No,No,No,children,Rural,103.5,19.0,Unknown,No,0.0779894060633382,0.223340411780999,0.0996563573883161
5987,Female,78.0,No,No,Yes,Private,Urban,89.42,24.1,never smoked,No,0.8781697283894963,0.1583417966946727,0.1580756013745704
72215,Female,66.0,No,No,Yes,Self-employed,Rural,212.92,21.4,never smoked,No,0.7429279837709907,0.728464592373742,0.127147766323024
39796,Male,41.0,No,No,No,Self-employed,Rural,60.73,28.0,never smoked,No,0.461174349149104,0.0258978856984581,0.2027491408934708
12345,Male,11.0,No,No,No,children,Urban,73.18,27.6,never smoked,No,0.12306998760284,0.0833718031576032,0.1981672394043528
65636,Male,55.0,No,No,Yes,Private,Urban,82.26,28.7,Unknown,No,0.6189563845373606,0.1252885236820238,0.2107674684994272
47356,Female,42.0,No,No,Yes,Private,Urban,87.4,24.5,formerly smoked,No,0.4724444945339794,0.1490167112916628,0.1626575028636884
27859,Male,51.0,No,No,Yes,Private,Rural,86.95,25.0,formerly smoked,No,0.5738758029978587,0.1469393407810913,0.1683848797250859
41715,Female,79.0,Yes,No,Yes,Self-employed,Rural,74.0,29.6,never smoked,No,0.8894398737743716,0.0871572338657557,0.2210767468499427
38617,Male,28.0,No,No,Yes,Self-employed,Urban,73.98,29.9,never smoked,No,0.314662459145723,0.0870649062875081,0.2245131729667812
32638,Female,73.0,Yes,No,Yes,Self-employed,Rural,124.78,35.6,never smoked,No,0.8218190014651189,0.3215769550364694,0.2898052691867125
47799,Female,42.0,No,No,Yes,Private,Urban,191.94,27.9,never smoked,No,0.4724444945339794,0.631612962791986,0.2016036655211912
41942,Female,37.0,No,No,Yes,Private,Urban,247.87,42.6,never smoked,No,0.4160937676096021,0.8898070353614624,0.3699885452462771
69010,Male,78.0,No,No,Yes,Private,Rural,83.2,21.2,formerly smoked,No,0.8781697283894963,0.1296279198596621,0.124856815578465
47144,Female,74.0,No,No,Yes,Self-employed,Urban,88.62,28.5,formerly smoked,No,0.8330891468499944,0.1546486935647678,0.2084765177548682
65103,Female,59.0,No,No,Yes,Private,Urban,81.51,25.6,formerly smoked,No,0.6640369660768624,0.121826239497738,0.1752577319587629
6472,Female,78.0,No,No,Yes,Govt_job,Urban,101.76,28.1,smokes,No,0.8781697283894963,0.2153079124734558,0.2038946162657503
27596,Female,82.0,Yes,No,Yes,Private,Urban,115.71,31.1,formerly smoked,No,0.923250309928998,0.2797063983011725,0.2382588774341351
59522,Male,71.0,Yes,No,Yes,Private,Rural,229.73,30.4,never smoked,No,0.7992787106953679,0.8060659218908687,0.2302405498281786
51512,Female,19.0,No,No,No,Private,Rural,57.4,22.9,Unknown,No,0.2132311506818438,0.0105253439202289,0.1443298969072164
53821,Male,18.0,No,No,No,Private,Rural,100.47,31.9,never smoked,No,0.2019610052969683,0.2093527836764841,0.2474226804123711
51532,Female,53.0,No,No,Yes,Govt_job,Rural,81.36,48.8,never smoked,No,0.5964160937676096,0.1211337826608808,0.4410080183276059
50070,Female,62.0,Yes,No,Yes,Self-employed,Rural,261.67,43.0,formerly smoked,No,0.6978474022314888,0.953513064352322,0.3745704467353952
41654,Male,3.0,No,No,No,children,Rural,110.2,21.8,Unknown,No,0.0329088245238363,0.2542701504939526,0.131729667812142
5714,Female,49.0,Yes,No,Yes,Govt_job,Rural,98.9,35.5,never smoked,No,0.5513355122281077,0.2021050687840458,0.2886597938144329
2304,Male,51.0,No,No,Yes,Govt_job,Rural,95.19,24.3,smokes,No,0.5738758029978587,0.1849783030191118,0.1603665521191294
8543,Female,53.0,No,No,Yes,Private,Rural,105.28,23.1,never smoked,No,0.5964160937676096,0.2315575662450374,0.1466208476517755
45279,Female,10.0,No,No,No,children,Rural,83.03,18.5,Unknown,No,0.1117998422179646,0.1288431354445573,0.0939289805269186
57870,Male,45.0,No,No,Yes,Private,Rural,89.41,42.4,smokes,No,0.5062549306886058,0.1582956329055488,0.3676975945017182
56961,Female,40.0,No,No,No,Govt_job,Rural,70.56,32.3,never smoked,No,0.4499042037642285,0.0712768904071646,0.2520045819014891
8623,Female,3.0,No,No,No,children,Urban,78.79,22.6,Unknown,No,0.0329088245238363,0.1092696888560613,0.140893470790378
21346,Female,12.0,No,No,No,children,Rural,70.13,17.8,Unknown,No,0.1343401329877155,0.0692918474748407,0.0859106529209622
36922,Male,56.0,No,No,Yes,Private,Rural,62.68,18.4,never smoked,No,0.6302265299222359,0.0348998245776013,0.0927835051546391
19814,Female,43.0,No,No,No,Private,Urban,71.77,26.9,never smoked,No,0.4837146399188549,0.0768627088911457,0.1901489117983963
22151,Female,28.0,No,No,No,Govt_job,Rural,77.99,32.0,smokes,No,0.314662459145723,0.1055765857261563,0.2485681557846506
47802,Male,28.0,No,No,No,Private,Urban,256.74,23.4,formerly smoked,No,0.314662459145723,0.9307543163142832,0.1500572737686139
25404,Male,56.0,No,No,Yes,Private,Rural,93.72,31.4,never smoked,No,0.6302265299222359,0.1781922260179115,0.2416953035509736
43487,Female,14.0,No,No,No,children,Urban,63.74,22.4,Unknown,No,0.1568804237574664,0.0397931862247253,0.138602520045819
58313,Female,63.0,No,No,Yes,Self-employed,Urban,60.67,28.9,formerly smoked,No,0.7091175476163643,0.0256209029637152,0.2130584192439862
16629,Female,29.0,No,No,Yes,Private,Urban,112.08,27.4,never smoked,No,0.3259326045305984,0.262948942849229,0.1958762886597937
60675,Female,48.0,Yes,No,Yes,Govt_job,Rural,221.08,57.2,never smoked,No,0.5400653668432323,0.7661342442987721,0.5372279495990837
1119,Female,47.0,No,Yes,Yes,Govt_job,Urban,101.81,28.4,smokes,No,0.5287952214583568,0.2155387314190749,0.2073310423825887
64864,Male,63.0,Yes,No,Yes,Private,Rural,60.17,23.5,smokes,No,0.7091175476163643,0.0233127135075247,0.1512027491408934
55244,Female,45.0,No,No,Yes,Self-employed,Rural,65.29,28.3,never smoked,No,0.5062549306886058,0.0469485735389161,0.2061855670103093
23568,Female,45.0,No,No,Yes,Private,Urban,153.24,38.2,Unknown,No,0.5062549306886058,0.4529590988828363,0.3195876288659794
56979,Male,55.0,No,No,Yes,Private,Rural,61.42,33.3,smokes,No,0.6189563845373606,0.0290831871480011,0.263459335624284
66006,Female,43.0,No,No,Yes,Private,Urban,86.67,33.3,never smoked,No,0.4837146399188549,0.1456467546856246,0.263459335624284
40447,Female,59.0,No,No,Yes,Private,Rural,82.42,28.8,never smoked,No,0.6640369660768624,0.1260271443080048,0.2119129438717067
62798,Female,45.0,Yes,No,Yes,Private,Rural,100.54,32.1,smokes,No,0.5062549306886058,0.2096759302003508,0.2497136311569301
38397,Female,27.0,No,No,No,Private,Urban,111.48,28.9,never smoked,No,0.3033923137608475,0.2601791155018004,0.2130584192439862
66945,Female,49.0,No,No,Yes,Private,Urban,85.33,25.5,never smoked,No,0.5513355122281077,0.1394608069430339,0.1741122565864833
44992,Male,14.0,No,No,Yes,Private,Urban,126.57,25.9,formerly smoked,No,0.1568804237574664,0.3298402732896315,0.1786941580756013
50009,Female,17.0,No,No,No,Private,Urban,81.51,19.5,formerly smoked,No,0.1906908599120928,0.121826239497738,0.1053837342497136
5170,Male,42.0,No,No,Yes,Govt_job,Rural,67.97,23.8,Unknown,No,0.4724444945339794,0.0593204690240975,0.1546391752577319
16263,Female,36.0,No,No,Yes,Self-employed,Urban,77.92,24.9,Unknown,No,0.4048236222247267,0.1052534392022897,0.1672394043528064
16024,Male,19.0,No,No,No,Private,Urban,80.54,18.5,smokes,No,0.2132311506818438,0.1173483519527283,0.0939289805269186
47057,Male,55.0,No,No,Yes,Self-employed,Urban,76.47,30.6,Unknown,No,0.6189563845373606,0.098559689779337,0.2325315005727377
34045,Female,8.0,No,No,No,children,Urban,87.15,16.1,Unknown,No,0.0892595514482136,0.1478626165635675,0.0664375715922107
59691,Female,56.0,No,No,Yes,Govt_job,Urban,86.07,32.5,Unknown,No,0.6302265299222359,0.1428769273381959,0.2542955326460481
49261,Male,54.0,No,No,No,Private,Rural,106.52,27.4,formerly smoked,No,0.6076862391524851,0.2372818760963899,0.1958762886597937
30734,Male,15.0,No,No,No,children,Rural,94.24,30.2,Unknown,No,0.1681505691423419,0.1805927430523497,0.2279495990836197
72184,Female,43.0,No,No,Yes,Self-employed,Urban,89.73,23.5,formerly smoked,No,0.4837146399188549,0.1597728741575108,0.1512027491408934
37440,Male,52.0,No,No,Yes,Govt_job,Urban,208.39,36.0,formerly smoked,No,0.5851459483827341,0.7075523959006554,0.2943871706758305
54400,Female,62.0,No,No,Yes,Self-employed,Rural,128.61,24.8,never smoked,No,0.6978474022314888,0.3392576862708891,0.1660939289805269
56547,Male,54.0,No,No,Yes,Private,Rural,57.56,27.5,never smoked,No,0.6076862391524851,0.0112639645462099,0.1970217640320733
13598,Male,60.0,No,No,Yes,Self-employed,Urban,227.23,40.0,formerly smoked,No,0.6753071114617378,0.7945249746099159,0.3402061855670103
24246,Male,7.0,No,No,No,children,Urban,77.76,18.1,Unknown,No,0.0779894060633382,0.1045148185763087,0.0893470790378007
29276,Male,3.0,No,No,No,children,Urban,72.76,18.8,Unknown,No,0.0329088245238363,0.0814329240144031,0.0973654066437571
20979,Female,39.0,No,No,No,Private,Rural,90.11,23.6,never smoked,No,0.4386340583793531,0.1615270981442156,0.1523482245131729
46048,Male,60.0,No,No,Yes,Govt_job,Rural,203.27,29.7,never smoked,No,0.6753071114617378,0.6839165358692642,0.2222222222222222
35217,Female,60.0,Yes,No,Yes,Private,Urban,234.5,43.7,never smoked,No,0.6753071114617378,0.8280860493029267,0.3825887743413517
11816,Female,46.0,No,No,Yes,Self-employed,Urban,71.12,27.3,never smoked,No,0.5175250760734813,0.073862062598098,0.1947308132875143
48721,Female,26.0,No,No,No,Private,Urban,190.67,20.2,never smoked,No,0.292122168375972,0.6257501615732618,0.11340206185567
24163,Female,45.28,No,No,No,children,Rural,116.04,23.8,Unknown,No,0.509410571396371,0.2812298033422584,0.1546391752577319
8022,Male,16.0,No,No,No,Private,Urban,82.95,21.4,never smoked,No,0.1794207145272174,0.1284738251315668,0.127147766323024
10950,Female,45.0,No,No,No,children,Urban,112.75,25.1,Unknown,No,0.5062549306886058,0.2660419167205244,0.1695303550973654
21830,Female,82.0,No,No,Yes,Private,Urban,82.63,17.9,smokes,No,0.923250309928998,0.1269965838796048,0.0870561282932416
26594,Female,32.0,No,No,Yes,Private,Urban,92.75,34.5,smokes,No,0.3597430406852248,0.1737143384729018,0.277205040091638
14789,Female,62.0,No,No,Yes,Private,Rural,117.63,27.1,formerly smoked,No,0.6978474022314888,0.2885698458129443,0.1924398625429553
46670,Female,75.0,Yes,No,Yes,Self-employed,Rural,197.06,26.1,never smoked,No,0.8443592922348698,0.6552488228233773,0.1809851088201604
31426,Female,81.0,Yes,No,Yes,Govt_job,Urban,216.07,43.4,never smoked,No,0.9119801645441226,0.7430061859477425,0.3791523482245131
64435,Female,37.0,No,No,Yes,Private,Rural,76.03,33.2,never smoked,No,0.4160937676096021,0.0965284830578894,0.2623138602520046
68789,Female,28.0,No,No,No,Private,Urban,62.44,37.2,Unknown,No,0.314662459145723,0.0337918936386298,0.3081328751431844
56254,Female,25.0,No,No,No,Private,Rural,108.82,41.3,smokes,No,0.2808520229910966,0.2478995475948665,0.3550973654066437
17478,Male,44.0,No,No,Yes,Govt_job,Urban,101.66,35.4,never smoked,No,0.4949847853037304,0.2148462745822177,0.2875143184421534
59908,Female,11.0,No,No,No,children,Rural,121.15,26.1,Unknown,No,0.12306998760284,0.3048194995845259,0.1809851088201604
34130,Male,54.0,Yes,No,Yes,Private,Rural,116.44,24.5,never smoked,No,0.6076862391524851,0.2830763549072108,0.1626575028636884
22282,Male,52.0,Yes,No,Yes,Govt_job,Rural,116.62,28.1,smokes,No,0.5851459483827341,0.2839073031114394,0.2038946162657503
21110,Female,43.0,No,No,Yes,Private,Urban,93.3,32.7,never smoked,No,0.4837146399188549,0.1762533468747114,0.2565864833906071
71622,Female,56.0,No,No,Yes,Private,Urban,144.33,29.2,never smoked,No,0.6302265299222359,0.4118271627735205,0.2164948453608247
10056,Female,37.0,No,No,Yes,Private,Urban,98.02,20.4,never smoked,No,0.4160937676096021,0.1980426553411504,0.115693012600229
2424,Female,15.08,No,No,Yes,Private,Urban,80.67,33.5,Unknown,No,0.1690521807731319,0.1179484812113378,0.265750286368843
24736,Female,4.0,No,No,No,children,Urban,94.27,14.0,Unknown,No,0.0441789699087118,0.1807312344197211,0.0423825887743413
8920,Female,51.0,No,No,Yes,Self-employed,Rural,76.35,33.5,formerly smoked,No,0.5738758029978587,0.0980057243098513,0.265750286368843
62715,Male,82.0,No,Yes,Yes,Private,Urban,57.56,27.5,never smoked,No,0.923250309928998,0.0112639645462099,0.1970217640320733
70615,Female,56.0,No,No,Yes,Govt_job,Urban,179.14,35.3,Unknown,No,0.6302265299222359,0.5725233127135074,0.286368843069874
43507,Female,60.0,No,No,Yes,Private,Rural,63.49,30.1,never smoked,No,0.6753071114617378,0.03863909149663,0.2268041237113402
43035,Male,35.0,No,No,Yes,Private,Rural,145.18,32.6,smokes,No,0.3935534768398512,0.4157510848490444,0.2554410080183276
44799,Female,32.0,No,No,Yes,Private,Rural,66.3,47.5,never smoked,No,0.3597430406852248,0.051611116240421,0.4261168384879725
49053,Female,45.0,No,No,No,Private,Rural,120.56,31.6,never smoked,No,0.5062549306886058,0.302095836026221,0.2439862542955326
33102,Male,10.0,No,No,No,children,Rural,69.2,23.5,formerly smoked,No,0.1117998422179646,0.0649986150863263,0.1512027491408934
59405,Female,68.0,Yes,No,Yes,Private,Urban,150.74,40.3,Unknown,No,0.7654682745407415,0.4414181516018834,0.3436426116838487
18283,Female,51.0,No,No,No,Govt_job,Urban,81.38,34.1,smokes,No,0.5738758029978587,0.1212261102391284,0.2726231386025201
4929,Male,8.0,No,No,No,children,Urban,78.48,16.1,Unknown,No,0.0892595514482136,0.1078386113932231,0.0664375715922107
37289,Female,63.0,No,No,Yes,Self-employed,Rural,203.87,26.4,never smoked,No,0.7091175476163643,0.6866863632166929,0.1844215349369988
6202,Male,4.0,No,No,No,children,Urban,87.0,19.0,Unknown,No,0.0441789699087118,0.1471701597267103,0.0996563573883161
24106,Female,33.0,No,No,Yes,Private,Rural,84.68,34.7,formerly smoked,No,0.3710131860701003,0.1364601606499862,0.279495990836197
32126,Female,56.0,No,Yes,Yes,Private,Urban,91.89,23.3,smokes,No,0.6302265299222359,0.1697442526082541,0.1489117983963344
56322,Male,49.0,No,Yes,Yes,Govt_job,Rural,88.97,32.6,never smoked,No,0.5513355122281077,0.1562644261841012,0.2554410080183276
54869,Female,30.0,No,No,Yes,Private,Urban,116.98,26.0,never smoked,No,0.3372027499154739,0.2855691995198966,0.1798396334478808
40887,Male,16.0,No,No,No,children,Urban,135.82,35.1,never smoked,No,0.1794207145272174,0.3725417782291569,0.284077892325315
29764,Female,79.05,No,No,No,children,Rural,96.62,18.6,Unknown,No,0.8900033810436154,0.1915797248638168,0.0950744558991981
38287,Male,54.0,No,No,Yes,Private,Rural,106.53,30.4,formerly smoked,No,0.6076862391524851,0.2373280398855138,0.2302405498281786
53426,Male,49.0,No,No,Yes,Private,Rural,58.42,32.8,formerly smoked,No,0.5513355122281077,0.0152340504108577,0.2577319587628865
14943,Female,17.0,No,No,No,Private,Rural,79.62,21.6,never smoked,No,0.1906908599120928,0.1131012833533376,0.129438717067583
65351,Male,11.0,No,No,Yes,children,Urban,141.84,23.3,Unknown,No,0.12306998760284,0.4003323792816914,0.1489117983963344
61830,Male,51.0,No,No,Yes,Private,Rural,78.05,31.4,never smoked,No,0.5738758029978587,0.1058535684608992,0.2416953035509736
71777,Male,74.0,Yes,Yes,Yes,Private,Rural,77.16,26.3,never smoked,No,0.8330891468499944,0.10174499122888,0.1832760595647193
69059,Female,42.0,No,No,Yes,Private,Urban,86.3,20.1,never smoked,No,0.4724444945339794,0.1439386944880435,0.1122565864833906
11908,Female,69.0,No,No,Yes,Self-employed,Urban,83.55,28.3,formerly smoked,No,0.776738419925617,0.1312436524789954,0.2061855670103093
24955,Female,22.0,No,No,No,Private,Rural,102.0,40.4,smokes,No,0.2470415868364702,0.2164158434124273,0.3447880870561283
61477,Female,25.0,No,No,No,Private,Urban,68.07,18.6,smokes,No,0.2808520229910966,0.0597821069153355,0.0950744558991981
724,Male,17.0,No,No,No,Private,Rural,81.77,44.7,never smoked,No,0.1906908599120928,0.123026498014957,0.3940435280641467
22614,Male,64.0,No,No,No,Self-employed,Rural,82.62,25.3,smokes,No,0.7203876930012397,0.126950420090481,0.1718213058419244
61997,Female,50.0,No,No,Yes,Private,Urban,102.03,28.3,Unknown,No,0.5626056576129832,0.2165543347797987,0.2061855670103093
6605,Male,52.0,Yes,No,Yes,Govt_job,Urban,235.06,39.9,formerly smoked,No,0.5851459483827341,0.8306712214938602,0.3390607101947308
46987,Female,65.0,No,Yes,Yes,Private,Rural,57.52,28.1,formerly smoked,No,0.7316578383861152,0.0110793093897147,0.2038946162657503
70428,Female,37.0,No,No,Yes,Govt_job,Urban,76.98,34.7,never smoked,No,0.4160937676096021,0.1009140430246515,0.279495990836197
2267,Female,31.0,No,No,Yes,Self-employed,Urban,82.31,31.9,never smoked,No,0.3484728953003493,0.1255193426276429,0.2474226804123711
25476,Female,52.0,No,No,Yes,Private,Urban,83.84,35.0,Unknown,No,0.5851459483827341,0.132582402363586,0.2829324169530355
52960,Female,56.0,No,No,Yes,Self-employed,Urban,98.14,32.7,formerly smoked,No,0.6302265299222359,0.1985966208106361,0.2565864833906071
56600,Female,43.0,No,No,Yes,Private,Rural,84.04,30.6,Unknown,No,0.4837146399188549,0.1335056781460622,0.2325315005727377
9394,Male,11.0,No,No,No,children,Rural,92.24,27.9,Unknown,No,0.12306998760284,0.1713599852275874,0.2016036655211912
42400,Female,2.0,No,No,No,children,Urban,94.92,20.4,Unknown,No,0.0216386791389608,0.1837318807127689,0.115693012600229
36210,Female,16.0,No,No,No,Private,Rural,112.7,29.6,never smoked,No,0.1794207145272174,0.2658110977749053,0.2210767468499427
34416,Male,23.0,No,No,No,Private,Urban,74.34,23.5,never smoked,No,0.2583117322213457,0.0887268026959653,0.1512027491408934
37192,Female,40.0,No,No,Yes,Private,Urban,72.99,46.4,Unknown,No,0.4499042037642285,0.0824946911642507,0.413516609392898
20237,Male,15.0,No,No,No,Private,Urban,104.9,27.4,never smoked,No,0.1681505691423419,0.2298033422583326,0.1958762886597937
60635,Male,48.0,No,No,Yes,Private,Rural,99.96,25.2,never smoked,No,0.5400653668432323,0.2069984304311697,0.1706758304696448
32571,Male,33.0,No,No,Yes,Private,Urban,85.27,25.8,Unknown,No,0.3710131860701003,0.139183824208291,0.1775486827033219
52368,Male,46.0,No,No,Yes,Private,Urban,60.32,33.3,smokes,No,0.5175250760734813,0.0240051703443818,0.263459335624284
66786,Female,53.0,No,No,Yes,Private,Rural,94.14,27.7,smokes,No,0.5964160937676096,0.1801311051611116,0.1993127147766323
12668,Male,68.0,No,No,Yes,Self-employed,Urban,195.43,28.9,never smoked,No,0.7654682745407415,0.6477241251961962,0.2130584192439862
64155,Male,60.0,No,No,Yes,Govt_job,Rural,200.25,33.1,never smoked,No,0.6753071114617378,0.6699750715538731,0.2611683848797251
17885,Male,57.0,No,No,No,Govt_job,Rural,90.31,38.1,smokes,No,0.6414966753071114,0.1624503739266919,0.3184421534936999
18930,Female,51.0,No,No,Yes,Govt_job,Urban,95.33,27.9,never smoked,No,0.5738758029978587,0.1856245960668451,0.2016036655211912
15728,Female,0.4,No,No,No,children,Rural,85.65,17.4,Unknown,No,0.0036064465231601,0.1409380481949959,0.0813287514318441
71846,Female,76.0,No,No,Yes,Govt_job,Urban,223.64,27.1,smokes,No,0.8556294376197453,0.7779521743144676,0.1924398625429553
37515,Female,46.0,No,No,Yes,Govt_job,Rural,76.43,22.7,Unknown,No,0.5175250760734813,0.0983750346228418,0.1420389461626575
25763,Female,23.0,No,No,No,Private,Urban,98.66,28.3,Unknown,No,0.2583117322213457,0.2009971378450743,0.2061855670103093
16566,Male,45.0,No,No,No,children,Urban,75.84,21.5,Unknown,No,0.5062549306886058,0.095651371064537,0.1282932416953035
30836,Female,53.0,No,No,Yes,Private,Urban,85.46,30.0,never smoked,No,0.5964160937676096,0.1400609362016434,0.2256586483390607
68060,Male,4.0,No,No,No,children,Urban,81.33,18.6,Unknown,No,0.0441789699087118,0.1209952912935093,0.0950744558991981
51958,Female,62.0,Yes,No,No,Private,Urban,199.78,45.2,Unknown,No,0.6978474022314888,0.667805373465054,0.3997709049255442
45285,Male,37.0,No,No,Yes,Private,Urban,176.42,39.7,Unknown,No,0.4160937676096021,0.5599667620718307,0.3367697594501718
19271,Female,82.0,Yes,Yes,Yes,Self-employed,Urban,101.56,31.5,never smoked,No,0.923250309928998,0.2143846366909796,0.2428407789232531
6576,Female,33.0,No,No,Yes,Private,Urban,84.48,23.2,formerly smoked,No,0.3710131860701003,0.1355368848675099,0.1477663230240549
6850,Male,3.0,No,No,No,children,Urban,93.21,27.3,Unknown,No,0.0329088245238363,0.1758378727725971,0.1947308132875143
25798,Male,14.0,No,No,No,Private,Urban,72.88,26.5,never smoked,No,0.1568804237574664,0.0819868894838888,0.1855670103092783
28611,Male,16.0,No,No,No,Private,Urban,84.1,19.3,Unknown,No,0.1794207145272174,0.133782660880805,0.1030927835051546
15061,Male,40.0,No,No,Yes,Govt_job,Rural,72.84,26.1,Unknown,No,0.4499042037642285,0.0818022343273936,0.1809851088201604
40323,Female,18.0,No,No,No,Private,Urban,70.89,19.8,never smoked,No,0.2019610052969683,0.0728002954482504,0.1088201603665521
40842,Female,29.0,No,No,Yes,Private,Rural,108.14,25.1,formerly smoked,No,0.3259326045305984,0.2447604099344474,0.1695303550973654
23765,Female,56.0,No,No,Yes,Govt_job,Rural,244.3,37.3,never smoked,No,0.6302265299222359,0.8733265626442619,0.3092783505154639
66287,Male,33.0,No,No,Yes,Private,Rural,88.04,30.3,formerly smoked,No,0.3710131860701003,0.1519711937955867,0.2290950744558992
50804,Male,2.0,No,No,No,children,Rural,65.84,16.1,Unknown,No,0.0216386791389608,0.0494875819407257,0.0664375715922107
25927,Male,36.0,No,No,Yes,Private,Rural,106.73,25.1,never smoked,No,0.4048236222247267,0.23825131566799,0.1695303550973654
41970,Male,30.0,No,No,No,Private,Urban,106.03,26.7,Unknown,No,0.3372027499154739,0.2350198504293232,0.1878579610538373
54206,Female,31.0,No,No,No,Govt_job,Urban,80.88,29.3,formerly smoked,No,0.3484728953003493,0.1189179207829378,0.2176403207331042
46691,Female,16.0,No,No,No,children,Urban,140.1,38.7,never smoked,No,0.1794207145272174,0.3922998799741482,0.3253150057273768
37553,Male,58.0,No,No,Yes,Private,Urban,127.4,35.8,formerly smoked,No,0.6527668206919869,0.3336718677869079,0.2920962199312714
27507,Female,19.0,No,No,No,Private,Urban,87.72,21.7,never smoked,No,0.2132311506818438,0.1504939525436247,0.1305841924398625
68209,Male,47.0,No,No,Yes,Govt_job,Rural,58.23,31.4,formerly smoked,No,0.5287952214583568,0.0143569384175053,0.2416953035509736
42841,Male,59.0,No,No,Yes,Private,Rural,69.37,26.9,formerly smoked,No,0.6640369660768624,0.0657833995014311,0.1901489117983963
51889,Female,40.0,No,No,Yes,Private,Urban,58.64,33.0,never smoked,No,0.4499042037642285,0.0162496537715815,0.2600229095074456
72725,Female,26.0,No,No,No,Govt_job,Urban,59.67,24.5,smokes,No,0.292122168375972,0.0210045240513341,0.1626575028636884
18605,Female,17.0,No,No,No,Never_worked,Urban,78.08,44.9,never smoked,No,0.1906908599120928,0.1059920598282707,0.3963344788087055
23599,Female,30.0,No,No,No,Private,Urban,105.08,25.5,never smoked,No,0.3372027499154739,0.2306342904625611,0.1741122565864833
45530,Female,19.0,No,No,No,Private,Urban,89.3,22.1,never smoked,No,0.2132311506818438,0.1577878312251869,0.1351660939289805
56425,Female,78.0,No,No,Yes,Govt_job,Rural,61.38,24.3,Unknown,No,0.8781697283894963,0.0288985319915058,0.1603665521191294
69972,Female,55.0,No,No,Yes,Private,Rural,56.11,32.4,formerly smoked,No,0.6189563845373606,0.0045702151232573,0.2531500572737686
5774,Male,59.0,No,No,Yes,Private,Urban,223.16,28.1,Unknown,No,0.6640369660768624,0.7757363124365247,0.2038946162657503
13307,Male,57.0,No,No,Yes,Govt_job,Urban,75.53,33.1,formerly smoked,No,0.6414966753071114,0.0942202936016988,0.2611683848797251
72188,Male,33.0,No,No,No,Private,Urban,107.47,26.7,never smoked,No,0.3710131860701003,0.241667436063152,0.1878579610538373
60226,Female,35.0,No,No,Yes,Private,Urban,76.0,37.9,Unknown,No,0.3935534768398512,0.0963899916905179,0.3161512027491409
34940,Male,32.0,No,No,Yes,Private,Urban,90.28,39.6,never smoked,No,0.3597430406852248,0.1623118825593204,0.3356242840778923
4403,Female,55.0,No,No,Yes,Private,Urban,65.22,19.8,never smoked,No,0.6189563845373606,0.0466254270150494,0.1088201603665521
33051,Male,28.0,No,No,No,Private,Urban,86.24,30.0,Unknown,No,0.314662459145723,0.1436617117533007,0.2256586483390607
37668,Male,25.0,No,No,Yes,Govt_job,Urban,166.38,23.1,never smoked,No,0.2808520229910966,0.5136183177915242,0.1466208476517755
27276,Female,45.0,No,No,Yes,Private,Urban,78.91,34.3,Unknown,No,0.5062549306886058,0.109823654325547,0.274914089347079
37808,Female,34.0,No,No,No,Govt_job,Urban,226.28,38.4,Unknown,No,0.3822833314549758,0.7901394146431538,0.3218785796105383
21678,Male,33.0,No,No,Yes,Private,Urban,90.73,32.8,smokes,No,0.3710131860701003,0.164389253069892,0.2577319587628865
40087,Male,65.0,No,No,Yes,Private,Rural,172.86,34.4,never smoked,No,0.7316578383861152,0.5435324531437541,0.2760595647193585
38658,Female,62.0,No,No,Yes,Self-employed,Rural,213.92,44.6,never smoked,No,0.6978474022314888,0.733080971286123,0.3928980526918671
30353,Male,36.0,No,No,Yes,Private,Urban,92.23,32.8,never smoked,No,0.4048236222247267,0.1713138214384637,0.2577319587628865
28803,Male,31.0,No,No,Yes,Private,Urban,79.81,26.4,never smoked,No,0.3484728953003493,0.11397839534669,0.1844215349369988
10445,Male,54.0,No,No,Yes,Govt_job,Rural,81.78,27.3,Unknown,No,0.6076862391524851,0.1230726618040809,0.1947308132875143
12812,Female,53.0,No,No,Yes,Private,Rural,102.0,32.4,never smoked,No,0.5964160937676096,0.2164158434124273,0.2531500572737686
72289,Female,44.0,No,No,Yes,Private,Rural,68.42,43.2,smokes,No,0.4949847853037304,0.061397839534669,0.3768613974799543
30433,Male,77.0,No,No,Yes,Private,Urban,94.68,33.6,Unknown,No,0.8668995830046208,0.1826239497737974,0.2668957617411225
37640,Female,45.0,No,No,Yes,Govt_job,Rural,125.33,26.4,Unknown,No,0.5062549306886058,0.324115963438279,0.1844215349369988
54378,Female,48.0,No,No,Yes,Self-employed,Urban,212.19,46.9,never smoked,No,0.5400653668432323,0.7250946357677037,0.4192439862542955
34138,Male,42.0,No,No,Yes,Private,Urban,89.0,36.3,formerly smoked,No,0.4724444945339794,0.1564029175514726,0.2978235967926689
72160,Male,72.0,Yes,Yes,Yes,Private,Rural,60.98,34.9,formerly smoked,No,0.8105488560802434,0.0270519804265534,0.281786941580756
44447,Male,49.0,No,No,Yes,Private,Urban,58.19,29.6,smokes,No,0.5513355122281077,0.01417228326101,0.2210767468499427
5927,Female,1.32,No,No,No,children,Rural,67.68,16.5,Unknown,No,0.0139749802772455,0.057981719139507,0.0710194730813287
44233,Female,45.0,No,No,Yes,Govt_job,Rural,84.99,35.4,Unknown,No,0.5062549306886058,0.1378912381128242,0.2875143184421534
56021,Female,63.0,Yes,No,Yes,Private,Urban,62.13,23.6,never smoked,No,0.7091175476163643,0.0323608161757917,0.1523482245131729
65038,Female,33.0,No,No,Yes,Private,Rural,57.1,33.1,never smoked,No,0.3710131860701003,0.0091404302465146,0.2611683848797251
3595,Male,32.0,No,No,Yes,Private,Urban,97.95,40.2,smokes,No,0.3597430406852248,0.1977195088172837,0.3424971363115693
25783,Female,0.48,No,No,No,children,Rural,94.06,14.8,Unknown,No,0.0045080581539501,0.1797617948481211,0.0515463917525773
68268,Female,63.0,No,No,Yes,Self-employed,Urban,93.88,34.8,Unknown,No,0.7091175476163643,0.1789308466438925,0.2806414662084764
7564,Male,70.0,No,No,Yes,Private,Rural,90.3,33.5,formerly smoked,No,0.7880085653104925,0.1624042101375681,0.265750286368843
26723,Female,57.0,No,No,Yes,Private,Urban,83.14,31.9,never smoked,No,0.6414966753071114,0.1293509371249192,0.2474226804123711
9995,Male,8.0,No,No,No,children,Urban,118.66,16.1,Unknown,No,0.0892595514482136,0.2933247160926969,0.0664375715922107
68074,Male,54.0,No,No,Yes,Private,Rural,100.47,50.2,formerly smoked,No,0.6076862391524851,0.2093527836764841,0.457044673539519
8385,Male,37.0,No,No,Yes,Private,Urban,90.78,35.9,Unknown,No,0.4160937676096021,0.164620072015511,0.2932416953035509
21796,Male,59.0,No,No,Yes,Private,Urban,66.46,39.6,formerly smoked,No,0.6640369660768624,0.0523497368664019,0.3356242840778923
53115,Female,78.0,No,No,Yes,Govt_job,Urban,73.56,27.5,formerly smoked,No,0.8781697283894963,0.085126027144308,0.1970217640320733
27623,Female,59.0,No,No,Yes,Private,Urban,200.8,32.3,Unknown,No,0.6640369660768624,0.6725140799556828,0.2520045819014891
70823,Female,10.0,No,No,No,children,Urban,57.28,15.4,never smoked,No,0.1117998422179646,0.0099713784507432,0.0584192439862542
5173,Female,45.0,No,No,No,Private,Rural,92.87,28.4,smokes,No,0.5062549306886058,0.1742683039423876,0.2073310423825887
21852,Male,2.0,No,No,No,children,Rural,96.47,19.5,Unknown,No,0.0216386791389608,0.1908872680269596,0.1053837342497136
24711,Female,55.0,No,No,Yes,Govt_job,Urban,99.44,25.0,formerly smoked,No,0.6189563845373606,0.2045979133967316,0.1683848797250859
21967,Female,20.0,No,No,Yes,Private,Urban,77.96,26.3,smokes,No,0.2245012960667192,0.1054380943587849,0.1832760595647193
36793,Female,38.0,Yes,No,Yes,Private,Rural,60.13,39.6,never smoked,No,0.4273639129944776,0.0231280583510294,0.3356242840778923
37492,Female,33.0,No,No,Yes,Private,Rural,88.17,38.6,formerly smoked,No,0.3710131860701003,0.1525713230541963,0.3241695303550974
45658,Male,14.0,No,No,No,Private,Rural,84.41,33.9,never smoked,No,0.1568804237574664,0.1352137383436432,0.270332187857961
6264,Male,32.0,No,No,Yes,Private,Rural,72.34,32.2,Unknown,No,0.3597430406852248,0.079494044871203,0.2508591065292097
37507,Female,32.0,No,No,Yes,Private,Rural,68.72,25.1,never smoked,No,0.3597430406852248,0.0627827532083833,0.1695303550973654
50557,Female,68.0,No,No,Yes,Self-employed,Urban,222.58,37.4,smokes,No,0.7654682745407415,0.7730588126673438,0.3104238258877434
21973,Male,70.0,No,No,Yes,Private,Rural,66.06,30.1,formerly smoked,No,0.7880085653104925,0.0505031853014495,0.2268041237113402
53346,Female,24.0,No,No,Yes,Private,Rural,156.43,27.0,formerly smoked,No,0.2695818776062211,0.4676853476133321,0.1912943871706758
41210,Male,44.0,No,No,No,Self-employed,Urban,105.76,32.4,formerly smoked,No,0.4949847853037304,0.2337734281229803,0.2531500572737686
29078,Male,39.0,No,No,Yes,Govt_job,Rural,73.07,26.8,smokes,No,0.4386340583793531,0.0828640014772412,0.1890034364261168
24873,Female,81.0,No,No,Yes,Private,Rural,99.48,27.2,never smoked,No,0.9119801645441226,0.2047825685532268,0.1935853379152348
15387,Male,19.0,No,No,No,Private,Rural,79.6,36.7,Unknown,No,0.2132311506818438,0.11300895577509,0.302405498281787
63880,Female,69.0,No,No,Yes,Self-employed,Urban,70.0,36.0,never smoked,No,0.776738419925617,0.0686917182162312,0.2943871706758305
49833,Female,42.0,No,No,Yes,Govt_job,Rural,112.98,37.2,formerly smoked,No,0.4724444945339794,0.2671036838703721,0.3081328751431844
43773,Male,8.0,No,No,No,children,Urban,61.07,19.1,Unknown,No,0.0892595514482136,0.0274674545286677,0.1008018327605956
53095,Male,8.0,No,No,No,children,Rural,63.43,21.8,Unknown,No,0.0892595514482136,0.0383621087618871,0.131729667812142
56185,Female,28.0,No,No,No,Private,Urban,73.2,26.5,smokes,No,0.314662459145723,0.0834641307358508,0.1855670103092783
57043,Female,66.0,No,No,Yes,Self-employed,Urban,102.73,35.0,formerly smoked,No,0.7429279837709907,0.2197858000184655,0.2829324169530355
55545,Female,45.0,No,No,Yes,Self-employed,Rural,74.88,32.6,never smoked,No,0.5062549306886058,0.091219647308651,0.2554410080183276
60899,Female,45.0,No,No,Yes,Private,Urban,122.43,23.9,never smoked,No,0.5062549306886058,0.3107284645923737,0.1557846506300114
16136,Female,78.0,No,No,Yes,Self-employed,Urban,84.21,33.7,never smoked,No,0.8781697283894963,0.134290462561167,0.2680412371134021
11843,Female,65.0,No,No,Yes,Self-employed,Rural,80.42,29.4,formerly smoked,No,0.7316578383861152,0.1167943864832425,0.2187857961053837
3609,Male,78.0,No,No,Yes,Private,Urban,80.44,29.0,never smoked,No,0.8781697283894963,0.1168867140614901,0.2142038946162657
29172,Female,68.0,No,No,Yes,Self-employed,Rural,80.63,20.2,never smoked,No,0.7654682745407415,0.1177638260548425,0.11340206185567
49894,Female,78.0,Yes,Yes,Yes,Private,Rural,206.53,28.1,never smoked,No,0.8781697283894963,0.6989659311236266,0.2038946162657503
6048,Female,45.0,No,No,Yes,Private,Urban,104.12,27.4,never smoked,No,0.5062549306886058,0.2262025667066753,0.1958762886597937
16029,Female,70.0,No,No,Yes,Self-employed,Rural,96.82,25.0,never smoked,No,0.7880085653104925,0.192503000646293,0.1683848797250859
63022,Female,59.0,No,No,Yes,Self-employed,Urban,88.1,30.7,never smoked,No,0.6640369660768624,0.1522481765303296,0.2336769759450171
40041,Male,45.0,No,No,No,Self-employed,Rural,64.85,23.0,Unknown,No,0.5062549306886058,0.0449173668174683,0.1454753722794959
6924,Female,32.0,No,No,Yes,Private,Rural,102.87,26.6,smokes,No,0.3597430406852248,0.2204320930661989,0.1867124856815578
22590,Male,5.0,No,No,No,children,Urban,83.75,18.1,Unknown,No,0.0554491152935872,0.1321669282614717,0.0893470790378007
25878,Male,55.0,No,No,Yes,Self-employed,Rural,97.68,47.1,formerly smoked,No,0.6189563845373606,0.1964730865109408,0.4215349369988545
11169,Female,61.0,No,No,Yes,Private,Urban,97.58,29.7,formerly smoked,No,0.6865772568466133,0.1960114486197027,0.2222222222222222
44355,Female,48.0,No,No,Yes,Private,Rural,74.16,19.9,never smoked,No,0.5400653668432323,0.0878958544917366,0.1099656357388316
31113,Female,45.0,No,No,No,children,Urban,86.0,13.3,Unknown,No,0.5062549306886058,0.1425537808143292,0.0343642611683848
46514,Female,50.0,No,No,Yes,Govt_job,Urban,100.93,32.7,never smoked,No,0.5626056576129832,0.2114763179761795,0.2565864833906071
67466,Male,63.0,Yes,No,Yes,Private,Urban,232.78,31.8,formerly smoked,No,0.7091175476163643,0.8201458775736312,0.2462772050400916
3612,Male,67.0,No,No,Yes,Private,Rural,86.96,31.4,formerly smoked,No,0.7541981291558661,0.1469855045702151,0.2416953035509736
66590,Female,43.0,No,No,Yes,Self-employed,Urban,67.5,20.4,formerly smoked,No,0.4837146399188549,0.0571507709352783,0.115693012600229
19611,Male,59.0,No,No,Yes,Private,Urban,81.21,33.2,smokes,No,0.6640369660768624,0.1204413258240236,0.2623138602520046
47216,Male,47.0,No,No,Yes,Private,Rural,110.14,30.5,smokes,No,0.5287952214583568,0.2539931677592096,0.2313860252004582
55591,Male,50.0,No,No,Yes,Private,Urban,120.44,30.3,never smoked,No,0.5626056576129832,0.3015418705567352,0.2290950744558992
24381,Male,51.0,No,Yes,Yes,Self-employed,Urban,187.47,34.2,never smoked,No,0.5738758029978587,0.6109777490536423,0.2737686139747995
8037,Male,44.0,No,Yes,No,Govt_job,Urban,94.62,34.4,Unknown,No,0.4949847853037304,0.1823469670390546,0.2760595647193585
23911,Female,39.0,No,No,No,Private,Rural,89.57,48.1,never smoked,No,0.4386340583793531,0.1590342535315298,0.4329896907216494
31596,Female,24.0,No,No,No,Private,Urban,95.31,22.8,never smoked,No,0.2695818776062211,0.1855322684885975,0.143184421534937
44647,Male,62.0,No,No,No,Govt_job,Rural,75.07,30.5,never smoked,No,0.6978474022314888,0.0920967593020034,0.2313860252004582
51486,Female,61.0,No,No,Yes,Private,Rural,106.65,35.9,formerly smoked,No,0.6865772568466133,0.2378820053549995,0.2932416953035509
18263,Female,78.0,No,No,Yes,Self-employed,Urban,234.06,33.7,never smoked,No,0.8781697283894963,0.8260548425814791,0.2680412371134021
41930,Male,15.0,No,No,No,Private,Rural,144.15,24.1,never smoked,No,0.1681505691423419,0.4109962145692918,0.1580756013745704
45922,Female,45.0,No,No,No,Private,Urban,58.81,25.4,never smoked,No,0.5062549306886058,0.0170344381866863,0.1729667812142038
52934,Male,79.0,No,No,Yes,Self-employed,Urban,242.62,25.5,never smoked,No,0.8894398737743716,0.8655710460714615,0.1741122565864833
18020,Male,57.0,No,No,Yes,Private,Urban,93.04,29.2,never smoked,No,0.6414966753071114,0.1750530883574924,0.2164948453608247
2044,Female,70.0,No,Yes,Yes,Self-employed,Rural,65.68,28.1,Unknown,No,0.7880085653104925,0.0487489613147447,0.2038946162657503
63467,Male,9.0,No,No,No,children,Urban,150.0,17.4,Unknown,No,0.1005296968330891,0.4380020312067214,0.0813287514318441
38642,Male,55.0,No,No,Yes,Private,Urban,63.56,29.9,Unknown,No,0.6189563845373606,0.0389622380204967,0.2245131729667812
5387,Female,82.0,No,No,No,Private,Rural,96.98,21.5,never smoked,No,0.923250309928998,0.193241621272274,0.1282932416953035
68417,Female,19.0,No,No,No,Private,Rural,66.7,24.7,never smoked,No,0.2132311506818438,0.0534576678053734,0.1649484536082474
22477,Male,41.0,No,No,Yes,Private,Rural,79.66,25.1,Unknown,No,0.461174349149104,0.1132859385098328,0.1695303550973654
23968,Female,79.0,No,No,Yes,Govt_job,Rural,90.16,34.4,never smoked,No,0.8894398737743716,0.1617579170898347,0.2760595647193585
8111,Female,23.0,No,No,No,Private,Rural,104.09,27.9,Unknown,No,0.2583117322213457,0.2260640753393038,0.2016036655211912
15282,Female,77.0,No,No,Yes,Private,Rural,90.96,31.5,formerly smoked,No,0.8668995830046208,0.1654510202197396,0.2428407789232531
54395,Female,78.0,Yes,No,Yes,Self-employed,Rural,152.38,31.8,never smoked,No,0.8781697283894963,0.4489890130181885,0.2462772050400916
25408,Female,24.0,No,No,Yes,Self-employed,Rural,114.54,30.1,smokes,No,0.2695818776062211,0.2743052349736867,0.2268041237113402
69284,Female,81.0,Yes,No,Yes,Self-employed,Urban,174.54,26.4,never smoked,No,0.9119801645441226,0.5512879697165542,0.1844215349369988
28348,Female,46.0,No,No,Yes,Private,Rural,106.47,27.2,Unknown,No,0.5175250760734813,0.2370510571507709,0.1935853379152348
46015,Female,29.0,No,No,No,Private,Urban,73.63,22.5,smokes,No,0.3259326045305984,0.0854491736681746,0.1397479954180985
69047,Female,59.0,No,No,Yes,Govt_job,Urban,98.52,29.8,formerly smoked,No,0.6640369660768624,0.2003508447973409,0.2233676975945017
39706,Male,41.0,No,No,Yes,Self-employed,Rural,62.93,26.1,smokes,No,0.461174349149104,0.0360539193056966,0.1809851088201604
9143,Female,17.0,No,No,No,Private,Urban,67.87,24.9,formerly smoked,No,0.1906908599120928,0.0588588311328594,0.1672394043528064
64879,Female,8.0,No,No,No,children,Rural,120.43,23.5,Unknown,No,0.0892595514482136,0.3014957067676115,0.1512027491408934
17130,Female,23.0,No,No,Yes,Private,Rural,76.56,30.1,never smoked,No,0.2583117322213457,0.0989751638814514,0.2268041237113402
16420,Female,45.0,No,No,Yes,Private,Urban,108.03,37.3,never smoked,No,0.5062549306886058,0.2442526082540855,0.3092783505154639
7529,Male,67.0,No,No,Yes,Private,Rural,83.16,25.5,formerly smoked,No,0.7541981291558661,0.1294432647031668,0.1741122565864833
54022,Female,78.0,No,No,Yes,Self-employed,Rural,67.9,35.3,never smoked,No,0.8781697283894963,0.0589973225002308,0.286368843069874
35660,Male,18.0,No,No,No,Private,Rural,115.46,27.6,Unknown,No,0.2019610052969683,0.2785523035730772,0.1981672394043528
50605,Female,35.0,No,No,Yes,Private,Rural,123.94,28.7,never smoked,No,0.3935534768398512,0.3176991967500692,0.2107674684994272
27803,Female,54.0,No,No,Yes,Govt_job,Urban,231.54,29.9,never smoked,No,0.6076862391524851,0.8144215677222786,0.2245131729667812
68981,Female,45.0,Yes,No,Yes,Govt_job,Urban,219.8,34.2,formerly smoked,No,0.5062549306886058,0.7602252792909242,0.2737686139747995
61505,Female,24.0,No,No,No,Private,Rural,187.99,24.9,smokes,No,0.2695818776062211,0.6133782660880805,0.1672394043528064
70677,Male,60.0,No,No,Yes,Private,Rural,234.45,36.8,formerly smoked,No,0.6753071114617378,0.8278552303573077,0.3035509736540664
49620,Male,75.0,No,No,Yes,Private,Rural,75.47,24.5,formerly smoked,No,0.8443592922348698,0.0939433108669559,0.1626575028636884
5319,Male,48.0,No,No,Yes,Private,Rural,98.24,34.6,never smoked,No,0.5400653668432323,0.1990582587018742,0.2783505154639175
51100,Male,62.0,No,No,Yes,Govt_job,Rural,66.2,30.0,Unknown,No,0.6978474022314888,0.0511494783491829,0.2256586483390607
163,Female,20.0,No,No,No,Private,Rural,94.67,28.8,Unknown,No,0.2245012960667192,0.1825777859846736,0.2119129438717067
55140,Female,69.0,Yes,No,No,Private,Urban,75.95,28.6,never smoked,No,0.776738419925617,0.0961591727448989,0.2096219931271477
52882,Female,60.0,No,No,Yes,Govt_job,Rural,111.79,23.6,smokes,No,0.6753071114617378,0.2616101929646385,0.1523482245131729
54344,Female,12.0,No,No,No,children,Rural,80.89,20.1,Unknown,No,0.1343401329877155,0.1189640845720616,0.1122565864833906
2550,Female,28.0,No,No,Yes,Govt_job,Rural,86.91,21.1,formerly smoked,No,0.314662459145723,0.146754685624596,0.1237113402061855
58610,Female,55.0,No,No,Yes,Private,Urban,59.36,34.1,smokes,No,0.6189563845373606,0.0195734465884959,0.2726231386025201
16902,Female,70.0,No,Yes,Yes,Self-employed,Urban,240.69,28.1,smokes,No,0.7880085653104925,0.8566614347705659,0.2038946162657503
60603,Female,51.0,No,No,No,Private,Rural,66.67,29.5,never smoked,No,0.5738758029978587,0.053319176438002,0.2199312714776632
808,Female,16.0,No,No,No,Private,Rural,87.54,37.8,never smoked,No,0.1794207145272174,0.1496630043393962,0.3150057273768614
61881,Male,56.0,No,No,Yes,Self-employed,Urban,139.87,31.2,smokes,No,0.6302265299222359,0.3912381128243006,0.2394043528064146
41600,Male,52.0,No,No,Yes,Private,Rural,67.92,31.1,never smoked,No,0.5851459483827341,0.0590896500784784,0.2382588774341351
12786,Female,59.0,No,No,Yes,Private,Urban,83.62,34.2,Unknown,No,0.6640369660768624,0.1315667990028622,0.2737686139747995
11935,Female,9.0,No,No,No,children,Rural,110.97,17.7,Unknown,No,0.1005296968330891,0.257824762256486,0.0847651775486827
44655,Female,34.0,No,No,Yes,Private,Rural,70.53,39.2,never smoked,No,0.3822833314549758,0.0711383990397932,0.3310423825887744
48644,Female,47.0,No,No,Yes,Self-employed,Rural,115.91,22.2,formerly smoked,No,0.5287952214583568,0.2806296740836487,0.13631156930126
41527,Male,46.0,No,No,Yes,Private,Urban,59.74,29.5,smokes,No,0.5175250760734813,0.0213276705752008,0.2199312714776632
50975,Male,49.0,No,No,Yes,Private,Rural,62.64,27.0,never smoked,No,0.5513355122281077,0.0347151694211061,0.1912943871706758
49179,Male,10.0,No,No,Yes,children,Rural,84.81,16.8,never smoked,No,0.1117998422179646,0.1370602899085957,0.0744558991981672
27509,Female,76.0,Yes,No,Yes,Self-employed,Urban,78.68,23.3,never smoked,No,0.8556294376197453,0.1087618871756994,0.1489117983963344
19191,Male,82.0,No,No,Yes,Private,Urban,217.57,33.5,formerly smoked,No,0.923250309928998,0.7499307543163142,0.265750286368843
25149,Female,3.0,No,No,No,children,Rural,79.76,15.6,Unknown,No,0.0329088245238363,0.113747576401071,0.0607101947308132
42626,Female,45.0,Yes,No,Yes,Govt_job,Rural,63.28,28.2,never smoked,No,0.5062549306886058,0.03766965192503,0.2050400916380297
2578,Male,16.0,No,No,No,Govt_job,Rural,78.48,22.6,never smoked,No,0.1794207145272174,0.1078386113932231,0.140893470790378
55975,Female,44.0,No,No,Yes,Govt_job,Rural,70.48,20.2,never smoked,No,0.4949847853037304,0.0709075800941741,0.11340206185567
62182,Female,17.0,No,No,No,Private,Rural,120.96,22.2,formerly smoked,No,0.1906908599120928,0.3039423875911735,0.13631156930126
12037,Female,73.0,No,No,Yes,Self-employed,Rural,77.29,22.6,never smoked,No,0.8218190014651189,0.1023451204874896,0.140893470790378
21963,Male,31.0,No,No,Yes,Private,Urban,108.51,26.7,Unknown,No,0.3484728953003493,0.2464684701320284,0.1878579610538373
26250,Male,17.0,No,No,No,Self-employed,Urban,113.85,22.9,Unknown,No,0.1906908599120928,0.2711199335241436,0.1443298969072164
13960,Female,18.0,No,No,No,Never_worked,Urban,97.65,21.5,Unknown,No,0.2019610052969683,0.1963345951435694,0.1282932416953035
56573,Male,73.0,No,No,Yes,Private,Rural,121.83,30.3,formerly smoked,No,0.8218190014651189,0.3079586372449451,0.2290950744558992
10659,Female,8.0,No,No,No,children,Urban,81.53,14.8,Unknown,No,0.0892595514482136,0.1219185670759856,0.0515463917525773
50763,Male,42.0,No,No,Yes,Govt_job,Urban,58.35,24.3,never smoked,No,0.4724444945339794,0.014910903886991,0.1603665521191294
62075,Female,40.0,No,No,Yes,Private,Urban,65.42,17.4,formerly smoked,No,0.4499042037642285,0.0475487027975256,0.0813287514318441
10119,Male,45.0,No,No,Yes,Private,Rural,69.34,29.0,never smoked,No,0.5062549306886058,0.0656449081340596,0.2142038946162657
48127,Male,53.0,No,No,Yes,Self-employed,Urban,109.09,26.3,smokes,No,0.5964160937676096,0.2491459699012095,0.1832760595647193
65892,Female,58.0,No,No,Yes,Self-employed,Urban,66.71,51.7,never smoked,No,0.6527668206919869,0.0535038315944972,0.4742268041237114
33370,Female,48.0,No,No,Yes,Private,Rural,114.92,29.2,Unknown,No,0.5400653668432323,0.2760594589603914,0.2164948453608247
59049,Female,17.0,No,No,No,Private,Rural,120.58,18.3,never smoked,No,0.1906908599120928,0.3021881636044687,0.0916380297823596
53896,Female,23.0,No,No,No,Private,Rural,165.36,21.9,smokes,No,0.2583117322213457,0.5089096113008956,0.1328751431844215
21980,Male,9.0,No,No,No,children,Urban,66.11,16.3,Unknown,No,0.1005296968330891,0.0507340042470686,0.0687285223367697
70497,Female,81.0,Yes,Yes,Yes,Private,Rural,126.34,27.4,smokes,No,0.9119801645441226,0.3287785061397839,0.1958762886597937
58652,Female,16.0,No,No,No,Never_worked,Rural,68.27,20.4,never smoked,No,0.1794207145272174,0.0607053826978118,0.115693012600229
30335,Male,21.0,No,No,No,Private,Rural,92.86,23.2,never smoked,No,0.2357714414515947,0.1742221401532638,0.1477663230240549
26305,Male,29.0,No,No,No,Self-employed,Rural,96.77,30.3,formerly smoked,No,0.3259326045305984,0.1922721817006739,0.2290950744558992
31227,Male,8.0,No,No,No,children,Rural,89.24,16.7,Unknown,No,0.0892595514482136,0.157510848490444,0.0733104238258877
5581,Female,39.0,No,No,Yes,Private,Rural,89.32,31.0,formerly smoked,No,0.4386340583793531,0.1578801588034345,0.2371134020618556
1989,Male,37.0,No,No,Yes,Private,Rural,107.06,28.1,smokes,No,0.4160937676096021,0.2397747207090758,0.2038946162657503
43803,Female,64.0,No,No,Yes,Private,Urban,65.63,33.5,smokes,No,0.7203876930012397,0.0485181423691256,0.265750286368843
41395,Male,9.0,No,No,No,children,Urban,123.66,17.0,Unknown,No,0.1005296968330891,0.3164066106546024,0.0767468499427262
71784,Male,17.0,No,No,No,Private,Rural,63.82,19.4,smokes,No,0.1906908599120928,0.0401624965377158,0.1042382588774341
57979,Male,8.0,No,No,No,children,Rural,108.06,14.6,Unknown,No,0.0892595514482136,0.2443910996214569,0.0492554410080183
54437,Male,62.0,No,No,Yes,Self-employed,Rural,136.18,32.2,Unknown,No,0.6978474022314888,0.3742036746376143,0.2508591065292097
67159,Male,73.0,Yes,No,No,Govt_job,Urban,71.29,37.7,never smoked,No,0.8218190014651189,0.0746468470132028,0.3138602520045819
7230,Male,48.0,No,No,Yes,Govt_job,Rural,76.58,27.4,never smoked,No,0.5400653668432323,0.099067491459699,0.1958762886597937
68306,Male,17.0,No,No,No,Private,Rural,119.58,25.0,never smoked,No,0.1906908599120928,0.2975717846920875,0.1683848797250859
33087,Female,10.0,No,No,No,children,Urban,109.3,20.1,Unknown,No,0.1117998422179646,0.2501154094728095,0.1122565864833906
40850,Female,74.0,No,No,Yes,Govt_job,Urban,111.94,21.7,never smoked,No,0.8330891468499944,0.2623026498014957,0.1305841924398625
57612,Female,62.0,No,No,Yes,Private,Urban,81.64,38.2,never smoked,No,0.6978474022314888,0.1224263687563475,0.3195876288659794
37029,Male,5.0,No,No,No,children,Rural,97.64,17.0,Unknown,No,0.0554491152935872,0.1962884313544455,0.0767468499427262
338,Female,43.0,No,No,Yes,Private,Rural,110.32,28.4,never smoked,No,0.4837146399188549,0.2548241159634382,0.2073310423825887
9565,Female,39.0,No,No,No,Private,Rural,79.0,30.0,never smoked,No,0.4386340583793531,0.1102391284276613,0.2256586483390607
3623,Female,37.0,No,No,Yes,Self-employed,Urban,95.08,34.1,never smoked,No,0.4160937676096021,0.1844705013387499,0.2726231386025201
69723,Male,15.0,No,No,No,Private,Urban,137.27,19.3,never smoked,No,0.1681505691423419,0.3792355276521097,0.1030927835051546
47662,Female,36.0,No,No,No,Self-employed,Urban,57.83,21.6,smokes,No,0.4048236222247267,0.0125103868525528,0.129438717067583
58495,Male,34.0,No,No,Yes,Private,Rural,84.08,32.9,never smoked,No,0.3822833314549758,0.1336903333025574,0.258877434135166
71222,Male,75.0,Yes,No,Yes,Private,Urban,234.51,27.2,formerly smoked,No,0.8443592922348698,0.8281322130920505,0.1935853379152348
37865,Male,53.0,No,No,Yes,Private,Urban,142.64,27.8,smokes,No,0.5964160937676096,0.4040254824115962,0.2004581901489118
20185,Female,61.0,No,No,Yes,Self-employed,Rural,69.77,29.9,never smoked,No,0.6865772568466133,0.0676299510663835,0.2245131729667812
41875,Female,45.0,No,No,Yes,Private,Urban,71.4,28.4,smokes,No,0.5062549306886058,0.0751546486935648,0.2073310423825887
67602,Female,17.0,No,No,No,Private,Urban,79.61,24.1,Unknown,No,0.1906908599120928,0.1130551195642138,0.1580756013745704
40387,Female,17.0,No,No,No,Private,Rural,77.46,24.0,Unknown,No,0.1906908599120928,0.1031299049025943,0.1569301260022909
43208,Female,19.0,No,No,No,Private,Urban,96.85,23.4,Unknown,No,0.2132311506818438,0.1926414920136644,0.1500572737686139
54324,Female,54.0,Yes,No,No,Govt_job,Urban,182.22,32.6,formerly smoked,No,0.6076862391524851,0.5867417597636414,0.2554410080183276
51110,Female,51.0,No,No,Yes,Self-employed,Urban,67.26,33.1,formerly smoked,No,0.5738758029978587,0.0560428399963069,0.2611683848797251
36969,Female,44.0,No,No,Yes,Private,Rural,60.02,33.8,formerly smoked,No,0.4949847853037304,0.0226202566706675,0.2691867124856815
48118,Female,82.0,No,No,Yes,Self-employed,Urban,113.45,30.3,never smoked,No,0.923250309928998,0.2692733819591912,0.2290950744558992
4607,Female,49.0,No,No,Yes,Self-employed,Urban,112.31,36.9,Unknown,No,0.5513355122281077,0.2640107099990767,0.3046964490263459
62471,Female,34.0,No,No,Yes,Self-employed,Rural,68.53,29.7,never smoked,No,0.3822833314549758,0.0619056412150309,0.2222222222222222
43821,Female,63.0,Yes,No,Yes,Private,Rural,57.15,38.8,never smoked,No,0.7091175476163643,0.0093712491921336,0.3264604810996563
7218,Female,79.0,No,No,Yes,Private,Rural,214.73,30.9,never smoked,No,0.8894398737743716,0.7368202382051517,0.2359679266895761
23427,Female,81.0,No,No,Yes,Private,Rural,91.82,36.9,Unknown,No,0.9119801645441226,0.1694211060843873,0.3046964490263459
66014,Female,14.0,No,No,No,children,Urban,71.8,18.8,Unknown,No,0.1568804237574664,0.0770012002585172,0.0973654066437571
41652,Female,31.0,No,No,No,Private,Urban,63.41,25.5,formerly smoked,No,0.3484728953003493,0.0382697811836395,0.1741122565864833
16605,Male,57.0,No,No,Yes,Private,Urban,106.24,32.3,never smoked,No,0.6414966753071114,0.2359892900009232,0.2520045819014891
42091,Male,32.0,No,No,Yes,Govt_job,Rural,83.01,25.8,smokes,No,0.3597430406852248,0.1287508078663096,0.1775486827033219
66067,Male,66.0,No,No,Yes,Private,Rural,67.92,31.1,formerly smoked,No,0.7429279837709907,0.0590896500784784,0.2382588774341351
50222,Female,22.0,No,No,No,Private,Rural,74.99,27.9,smokes,No,0.2470415868364702,0.091727448989013,0.2016036655211912
41214,Female,1.32,No,No,No,children,Rural,75.22,18.6,Unknown,No,0.0139749802772455,0.0927892161388606,0.0950744558991981
72386,Female,20.0,No,No,No,Private,Urban,61.88,20.1,never smoked,No,0.2245012960667192,0.0312067214476964,0.1122565864833906
14918,Female,41.0,No,No,Yes,Private,Urban,65.67,26.7,smokes,No,0.461174349149104,0.0487027975256209,0.1878579610538373
55457,Female,48.0,No,No,Yes,Private,Urban,110.18,30.3,smokes,No,0.5400653668432323,0.2541778229157049,0.2290950744558992
63323,Male,49.0,Yes,No,Yes,Self-employed,Rural,119.3,30.4,formerly smoked,No,0.5513355122281077,0.2962791985966208,0.2302405498281786
35446,Male,73.0,No,No,Yes,Govt_job,Rural,208.69,30.0,Unknown,No,0.8218190014651189,0.7089373095743698,0.2256586483390607
8208,Male,19.0,No,No,No,Private,Rural,95.18,24.9,smokes,No,0.2132311506818438,0.184932139229988,0.1672394043528064
5131,Female,51.0,No,No,Yes,Private,Urban,107.72,60.9,Unknown,No,0.5738758029978587,0.2428215307912473,0.5796105383734249
68157,Male,1.08,No,No,No,children,Rural,83.27,24.3,Unknown,No,0.0112701453848754,0.1299510663835287,0.1603665521191294
4795,Female,31.0,No,No,Yes,Private,Rural,90.29,38.7,Unknown,No,0.3484728953003493,0.1623580463484443,0.3253150057273768
7581,Male,4.0,No,No,No,children,Urban,81.87,18.6,Unknown,No,0.0441789699087118,0.1234881359061952,0.0950744558991981
47383,Male,1.8,No,No,No,children,Urban,153.31,17.1,Unknown,No,0.0193846500619857,0.453282245406703,0.0778923253150057
14036,Male,44.0,No,No,Yes,Private,Rural,101.46,29.4,Unknown,No,0.4949847853037304,0.2139229987997414,0.2187857961053837
25942,Female,4.0,No,No,No,children,Urban,72.49,16.9,Unknown,No,0.0441789699087118,0.0801865017080601,0.0756013745704467
24018,Male,55.0,No,No,Yes,Private,Rural,86.58,34.2,never smoked,No,0.6189563845373606,0.1452312805835102,0.2737686139747995
27801,Female,34.0,No,No,Yes,Private,Urban,113.26,27.6,never smoked,No,0.3822833314549758,0.2683962699658388,0.1981672394043528
52978,Female,30.0,No,No,Yes,Private,Urban,84.92,47.8,never smoked,No,0.3372027499154739,0.1375680915889576,0.429553264604811
15593,Female,7.0,No,No,No,children,Urban,128.17,18.9,Unknown,No,0.0779894060633382,0.3372264795494413,0.0985108820160366
11098,Male,75.0,No,No,Yes,Govt_job,Rural,93.93,24.4,formerly smoked,No,0.8443592922348698,0.1791616655895116,0.1615120274914089
12015,Male,14.0,No,No,No,children,Urban,99.87,25.2,Unknown,No,0.1568804237574664,0.2065829563290555,0.1706758304696448
47348,Female,61.0,No,No,Yes,Private,Urban,129.31,30.7,formerly smoked,No,0.6865772568466133,0.3424891515095559,0.2336769759450171
44155,Female,55.0,No,No,Yes,Govt_job,Urban,89.43,26.1,formerly smoked,No,0.6189563845373606,0.1583879604837965,0.1809851088201604
62656,Female,14.0,No,No,No,children,Rural,101.6,25.3,never smoked,No,0.1568804237574664,0.2145692918474748,0.1718213058419244
8838,Female,36.0,No,No,Yes,Private,Rural,66.55,32.8,smokes,No,0.4048236222247267,0.0527652109685162,0.2577319587628865
42563,Female,57.0,Yes,No,Yes,Private,Rural,231.72,45.7,formerly smoked,No,0.6414966753071114,0.8152525159265072,0.4054982817869416
31254,Female,20.0,No,No,No,Private,Urban,96.69,24.6,Unknown,No,0.2245012960667192,0.1919028713876835,0.1638029782359679
27922,Male,32.0,No,No,Yes,Private,Rural,102.13,32.3,never smoked,No,0.3597430406852248,0.2170159726710368,0.2520045819014891
1696,Female,43.0,No,No,Yes,Private,Urban,100.88,47.6,smokes,No,0.4837146399188549,0.2112454990305604,0.427262313860252
54162,Male,43.0,No,No,Yes,Private,Rural,66.22,34.4,Unknown,No,0.4837146399188549,0.0512418059274305,0.2760595647193585
70396,Female,1.08,No,No,No,children,Urban,109.33,18.2,Unknown,No,0.0112701453848754,0.2502539008401809,0.0904925544100801
65907,Female,49.0,No,No,Yes,Private,Urban,206.53,44.5,smokes,No,0.5513355122281077,0.6989659311236266,0.3917525773195877
49451,Female,53.0,No,No,Yes,Private,Rural,83.91,36.6,Unknown,No,0.5964160937676096,0.1329055488874526,0.3012600229095075
68601,Female,18.0,No,No,No,Private,Urban,67.92,19.4,never smoked,No,0.2019610052969683,0.0590896500784784,0.1042382588774341
13236,Female,13.0,No,No,No,children,Rural,73.48,22.9,Unknown,No,0.145610278372591,0.0847567168313175,0.1443298969072164
65998,Male,5.0,No,No,No,children,Rural,101.31,20.0,Unknown,No,0.0554491152935872,0.2132305419628843,0.1111111111111111
5875,Female,37.0,No,No,Yes,Private,Urban,103.66,36.1,smokes,No,0.4160937676096021,0.2240790324069799,0.2955326460481099
47427,Male,49.0,No,No,Yes,Self-employed,Urban,70.73,27.3,formerly smoked,No,0.5513355122281077,0.0720616748222694,0.1947308132875143
29734,Female,45.0,No,No,No,Govt_job,Rural,77.45,42.2,formerly smoked,No,0.5062549306886058,0.1030837411134706,0.3654066437571592
72715,Female,50.0,No,No,Yes,Private,Urban,193.8,26.4,never smoked,No,0.5626056576129832,0.6401994275690149,0.1844215349369988
59847,Female,12.0,No,No,No,children,Rural,114.34,23.6,never smoked,No,0.1343401329877155,0.2733819591912104,0.1523482245131729
59911,Male,12.0,No,No,No,children,Urban,69.25,18.6,Unknown,No,0.1343401329877155,0.0652294340319453,0.0950744558991981
13583,Female,5.0,No,No,No,children,Rural,88.44,18.0,Unknown,No,0.0554491152935872,0.1538177453605392,0.0882016036655211
22897,Male,39.0,No,No,Yes,Private,Rural,84.09,31.1,formerly smoked,No,0.4386340583793531,0.1337364970916813,0.2382588774341351
11898,Female,41.0,No,No,Yes,Private,Urban,87.06,30.0,never smoked,No,0.461174349149104,0.1474471424614532,0.2256586483390607
14785,Female,41.0,No,No,Yes,Private,Rural,92.64,43.8,never smoked,No,0.461174349149104,0.1732065367925399,0.3837342497136312
45163,Female,47.0,No,No,Yes,Private,Urban,99.36,23.8,smokes,No,0.5287952214583568,0.2042286030837411,0.1546391752577319
57254,Female,57.0,No,No,Yes,Private,Rural,135.63,36.2,formerly smoked,No,0.6414966753071114,0.3716646662358046,0.2966781214203895
30658,Male,45.0,No,No,No,children,Rural,82.44,32.6,Unknown,No,0.5062549306886058,0.1261194718862524,0.2554410080183276
32617,Male,3.0,No,No,No,children,Urban,81.88,18.0,Unknown,No,0.0329088245238363,0.1235342996953189,0.0882016036655211
65376,Female,45.0,No,No,Yes,Self-employed,Urban,95.44,25.5,smokes,No,0.5062549306886058,0.186132397747207,0.1741122565864833
1731,Female,80.0,No,No,No,Self-employed,Urban,72.71,29.9,never smoked,No,0.9007100191592471,0.081202105068784,0.2245131729667812
38441,Female,58.0,No,No,Yes,Private,Urban,65.45,32.1,never smoked,No,0.6527668206919869,0.047687194164897,0.2497136311569301
22147,Female,74.0,No,No,Yes,Private,Urban,203.01,25.4,never smoked,No,0.8330891468499944,0.682716277352045,0.1729667812142038
50663,Female,62.0,No,No,Yes,Govt_job,Urban,110.84,23.4,smokes,No,0.6978474022314888,0.2572246329978765,0.1500572737686139
19165,Male,33.0,No,No,Yes,Private,Urban,83.12,23.4,Unknown,No,0.3710131860701003,0.1292586095466716,0.1500572737686139
60562,Female,21.0,No,No,No,Private,Rural,55.12,21.8,never smoked,No,0.2357714414515947,0.0,0.131729667812142
22013,Female,17.0,No,No,Yes,Private,Rural,105.91,30.8,never smoked,No,0.1906908599120928,0.2344658849598375,0.2348224513172966
39936,Female,49.0,No,No,Yes,Private,Rural,61.57,37.9,formerly smoked,No,0.5513355122281077,0.0297756439848582,0.3161512027491409
6517,Female,24.0,No,No,Yes,Govt_job,Urban,83.1,42.5,smokes,No,0.2695818776062211,0.1291662819684239,0.3688430698739977
62576,Female,56.0,No,No,Yes,Private,Urban,66.32,23.4,never smoked,No,0.6302265299222359,0.0517034438186686,0.1500572737686139
18636,Female,26.0,No,No,Yes,Govt_job,Urban,72.56,35.4,never smoked,No,0.292122168375972,0.0805096482319269,0.2875143184421534
24299,Male,75.25,Yes,No,Yes,Self-employed,Rural,97.99,32.3,smokes,No,0.8471768285810887,0.1979041639737789,0.2520045819014891
40826,Female,42.0,No,No,No,Private,Urban,63.27,27.0,never smoked,No,0.4724444945339794,0.0376234881359062,0.1912943871706758
53323,Female,34.0,No,No,No,Govt_job,Urban,79.6,46.3,never smoked,No,0.3822833314549758,0.11300895577509,0.4123711340206186
28717,Female,56.0,Yes,No,Yes,Private,Rural,177.56,30.1,never smoked,No,0.6302265299222359,0.5652294340319454,0.2268041237113402
53028,Female,39.0,No,No,Yes,Private,Rural,81.31,34.7,never smoked,No,0.4386340583793531,0.1209029637152617,0.279495990836197
57757,Female,77.0,No,No,Yes,Self-employed,Rural,59.91,18.3,never smoked,No,0.8668995830046208,0.0221124549903056,0.0916380297823596
54795,Female,12.0,No,No,No,children,Rural,132.85,16.2,never smoked,No,0.1343401329877155,0.358831132859385,0.0675830469644902
70267,Male,65.0,No,No,Yes,Private,Rural,198.84,33.2,formerly smoked,No,0.7316578383861152,0.6634659772874157,0.2623138602520046
34084,Male,7.0,No,No,No,children,Urban,77.12,18.6,Unknown,No,0.0779894060633382,0.1015603360723848,0.0950744558991981
20258,Male,25.0,No,No,No,Private,Urban,87.17,25.1,never smoked,No,0.2808520229910966,0.1479549441418151,0.1695303550973654
65333,Female,31.0,No,No,Yes,Private,Rural,96.03,24.1,Unknown,No,0.3484728953003493,0.1888560613055119,0.1580756013745704
56629,Female,14.0,No,No,No,Private,Rural,83.56,33.1,Unknown,No,0.1568804237574664,0.1312898162681193,0.2611683848797251
22417,Female,5.0,No,No,No,children,Rural,80.93,24.8,Unknown,No,0.0554491152935872,0.1191487397285569,0.1660939289805269
49925,Female,60.0,No,No,Yes,Private,Rural,84.54,23.4,smokes,No,0.6753071114617378,0.1358138676022528,0.1500572737686139
72696,Female,53.0,No,No,Yes,Private,Urban,70.51,54.1,never smoked,No,0.5964160937676096,0.0710460714615456,0.5017182130584192
39708,Female,55.0,No,No,Yes,Private,Rural,56.87,28.9,formerly smoked,No,0.6189563845373606,0.0080786630966669,0.2130584192439862
60426,Female,74.88,No,No,Yes,Self-employed,Urban,67.55,38.1,Unknown,No,0.8430068747886847,0.0573815898808974,0.3184421534936999
70540,Female,39.0,No,No,Yes,Private,Urban,243.52,37.2,smokes,No,0.4386340583793531,0.8697257870926046,0.3081328751431844
37622,Female,0.32,No,No,No,children,Urban,108.63,19.6,Unknown,No,0.0027048348923701,0.2470224356015141,0.1065292096219931
44813,Female,34.0,No,No,No,Private,Rural,69.06,29.0,smokes,No,0.3822833314549758,0.0643523220385929,0.2142038946162657
47153,Female,80.0,No,No,Yes,Private,Urban,73.89,26.7,formerly smoked,No,0.9007100191592471,0.0866494321853938,0.1878579610538373
8175,Male,20.0,No,No,No,Private,Urban,84.49,20.5,never smoked,No,0.2245012960667192,0.1355830486566337,0.1168384879725085
61528,Female,45.0,No,No,Yes,Govt_job,Urban,73.71,34.1,never smoked,No,0.5062549306886058,0.0858184839811651,0.2726231386025201
38771,Female,41.0,No,No,No,Govt_job,Urban,129.01,42.4,Unknown,No,0.461174349149104,0.3411042378358415,0.3676975945017182
31189,Male,54.0,No,No,Yes,Govt_job,Urban,72.96,37.7,smokes,No,0.6076862391524851,0.0823561997968793,0.3138602520045819
27804,Male,23.0,No,No,No,Private,Rural,110.23,39.1,Unknown,No,0.2583117322213457,0.254408641861324,0.3298969072164948
41842,Male,75.0,No,No,Yes,Govt_job,Rural,79.49,28.9,Unknown,No,0.8443592922348698,0.112501154094728,0.2130584192439862
11962,Male,36.0,No,No,Yes,Private,Urban,89.33,30.7,never smoked,No,0.4048236222247267,0.1579263225925584,0.2336769759450171
45404,Female,75.0,No,No,Yes,Private,Rural,68.38,33.8,Unknown,No,0.8443592922348698,0.0612131843781737,0.2691867124856815
4062,Male,72.0,No,Yes,Yes,Private,Rural,238.27,28.1,smokes,No,0.8105488560802434,0.8454897978026037,0.2038946162657503
63650,Female,47.0,No,No,Yes,Govt_job,Urban,135.79,32.1,formerly smoked,No,0.5287952214583568,0.3724032868617855,0.2497136311569301
72186,Female,15.0,No,No,No,Private,Rural,82.19,40.5,never smoked,No,0.1681505691423419,0.1249653771581571,0.3459335624284078
40240,Male,40.0,Yes,No,Yes,Self-employed,Urban,93.2,24.8,smokes,No,0.4499042037642285,0.1757917089834733,0.1660939289805269
25931,Female,71.0,No,No,Yes,Self-employed,Urban,208.31,31.8,formerly smoked,No,0.7992787106953679,0.707183085587665,0.2462772050400916
21292,Male,38.0,No,No,Yes,Private,Rural,111.33,27.0,never smoked,No,0.4273639129944776,0.2594866586649432,0.1912943871706758
25391,Female,10.0,No,No,No,children,Rural,69.84,13.7,Unknown,No,0.1117998422179646,0.0679530975902502,0.0389461626575028
65469,Male,11.0,No,No,No,children,Rural,121.71,23.4,never smoked,No,0.12306998760284,0.3074046717754593,0.1500572737686139
29487,Male,0.72,No,No,No,children,Urban,80.08,16.4,Unknown,No,0.0072128930463202,0.1152248176530329,0.0698739977090492
63575,Male,9.0,No,No,No,children,Urban,84.4,14.9,Unknown,No,0.1005296968330891,0.1351675745545194,0.0526918671248568
30457,Female,53.0,Yes,No,Yes,Govt_job,Rural,98.61,38.8,smokes,No,0.5964160937676096,0.2007663188994552,0.3264604810996563
5951,Male,28.0,Yes,No,No,Private,Urban,86.61,38.6,smokes,No,0.314662459145723,0.1453697719508817,0.3241695303550974
8690,Female,81.0,No,No,Yes,Private,Urban,80.44,32.2,never smoked,No,0.9119801645441226,0.1168867140614901,0.2508591065292097
32147,Male,1.32,No,No,No,children,Rural,107.02,28.1,Unknown,No,0.0139749802772455,0.2395900655525805,0.2038946162657503
47691,Male,16.0,No,No,No,Private,Rural,97.23,30.6,never smoked,No,0.1794207145272174,0.1943957160003693,0.2325315005727377
25982,Male,24.0,No,No,No,Private,Rural,91.21,28.1,formerly smoked,No,0.2695818776062211,0.1666051149478349,0.2038946162657503
70058,Female,62.0,Yes,No,Yes,Self-employed,Urban,103.69,35.2,smokes,No,0.6978474022314888,0.2242175237743514,0.2852233676975945
61868,Female,45.0,No,No,Yes,Private,Urban,74.12,21.8,formerly smoked,No,0.5062549306886058,0.0877111993352414,0.131729667812142
46086,Female,59.0,No,No,Yes,Private,Urban,71.08,28.1,never smoked,No,0.6640369660768624,0.0736774074416028,0.2038946162657503
68596,Female,19.0,No,No,No,Private,Urban,58.39,28.2,never smoked,No,0.2132311506818438,0.0150955590434863,0.2050400916380297
10281,Female,51.0,Yes,No,Yes,Self-employed,Rural,176.34,28.4,never smoked,No,0.5738758029978587,0.5595974517588403,0.2073310423825887
31409,Male,57.56,No,No,Yes,Private,Rural,73.76,37.4,never smoked,No,0.6478079567226417,0.0860493029267842,0.3104238258877434
54067,Female,26.0,No,No,No,Private,Rural,67.21,21.8,formerly smoked,No,0.292122168375972,0.0558120210506878,0.131729667812142
9731,Male,13.0,No,No,No,children,Urban,87.98,19.8,Unknown,No,0.145610278372591,0.1516942110608439,0.1088201603665521
24009,Male,4.0,No,No,No,children,Urban,94.23,16.2,Unknown,No,0.0441789699087118,0.1805465792632259,0.0675830469644902
61694,Male,55.0,No,No,Yes,Self-employed,Rural,111.36,33.6,never smoked,No,0.6189563845373606,0.2596251500323147,0.2668957617411225
7453,Female,44.0,No,No,Yes,Private,Urban,84.07,21.2,smokes,No,0.4949847853037304,0.1336441695134336,0.124856815578465
66405,Female,31.0,No,No,Yes,Private,Urban,117.31,28.4,never smoked,No,0.3484728953003493,0.2870926045609824,0.2073310423825887
2138,Male,58.0,No,No,Yes,Govt_job,Urban,84.94,28.1,never smoked,No,0.6527668206919869,0.1376604191672052,0.2038946162657503
66650,Female,17.0,No,No,No,Private,Urban,68.86,41.1,never smoked,No,0.1906908599120928,0.0634290462561167,0.3528064146620848
59945,Female,23.0,No,No,No,Private,Urban,132.88,24.9,never smoked,No,0.2583117322213457,0.3589696242267565,0.1672394043528064
16245,Male,51.0,Yes,No,Yes,Self-employed,Rural,211.83,56.6,never smoked,No,0.5738758029978587,0.7234327393592467,0.5303550973654066
68094,Female,45.0,No,No,Yes,Private,Rural,124.92,28.8,Unknown,No,0.5062549306886058,0.3222232480842028,0.2119129438717067
64661,Female,81.0,No,No,No,Self-employed,Urban,57.42,33.7,never smoked,No,0.9119801645441226,0.0106176714984766,0.2680412371134021
61376,Male,45.0,No,No,Yes,Private,Urban,215.69,38.6,formerly smoked,No,0.5062549306886058,0.7412519619610377,0.3241695303550974
47236,Female,50.0,No,No,Yes,Private,Urban,154.67,33.8,never smoked,No,0.5626056576129832,0.4595605207275412,0.2691867124856815
875,Female,34.0,No,No,No,Private,Urban,67.66,22.4,never smoked,No,0.3822833314549758,0.0578893915612593,0.138602520045819
63986,Male,60.0,No,No,Yes,Private,Rural,153.48,37.3,never smoked,No,0.6753071114617378,0.4540670298218077,0.3092783505154639
55410,Female,50.0,No,No,Yes,Self-employed,Urban,62.63,23.4,never smoked,No,0.5626056576129832,0.0346690056319822,0.1500572737686139
63287,Female,49.0,No,No,Yes,Private,Urban,77.93,39.1,smokes,No,0.5513355122281077,0.1052996029914135,0.3298969072164948
3720,Female,2.0,No,No,Yes,children,Rural,80.3,21.2,Unknown,No,0.0216386791389608,0.1162404210137568,0.124856815578465
20274,Male,47.0,No,No,Yes,Private,Urban,106.69,31.2,Unknown,No,0.5287952214583568,0.2380666605114947,0.2394043528064146
50338,Female,34.0,No,No,Yes,Private,Urban,83.07,28.0,formerly smoked,No,0.3822833314549758,0.1290277906010525,0.2027491408934708
58209,Female,22.0,No,No,No,Private,Urban,140.14,21.1,never smoked,No,0.2470415868364702,0.3924845351306434,0.1237113402061855
20634,Female,11.0,No,No,No,children,Urban,92.65,15.7,never smoked,No,0.12306998760284,0.1732527005816637,0.0618556701030927
3251,Male,54.0,No,No,Yes,Private,Urban,111.37,29.1,formerly smoked,No,0.6076862391524851,0.2596713138214385,0.2153493699885452
12677,Female,60.0,No,No,Yes,Private,Rural,99.0,26.1,never smoked,No,0.6753071114617378,0.2025667066752839,0.1809851088201604
45160,Male,3.0,No,No,No,children,Rural,78.24,16.2,Unknown,No,0.0329088245238363,0.1067306804542516,0.0675830469644902
67940,Female,46.0,No,No,Yes,Govt_job,Rural,83.88,27.1,never smoked,No,0.5175250760734813,0.1327670575200812,0.1924398625429553
8145,Female,30.0,No,No,No,Private,Urban,86.21,28.8,smokes,No,0.3372027499154739,0.1435232203859292,0.2119129438717067
39393,Female,63.0,No,No,Yes,Private,Urban,57.06,37.9,never smoked,No,0.7091175476163643,0.0089557750900194,0.3161512027491409
57710,Female,50.0,No,No,Yes,Private,Rural,112.25,21.6,Unknown,No,0.5626056576129832,0.2637337272643338,0.129438717067583
12487,Male,65.0,No,No,Yes,Private,Urban,81.06,30.1,smokes,No,0.7316578383861152,0.1197488689871664,0.2268041237113402
16513,Male,78.0,No,No,Yes,Private,Urban,104.37,29.7,never smoked,No,0.8781697283894963,0.2273566614347706,0.2222222222222222
42297,Female,36.0,No,No,Yes,Private,Urban,124.31,26.4,Unknown,No,0.4048236222247267,0.3194072569476502,0.1844215349369988
63656,Female,18.0,No,No,No,Private,Urban,101.95,46.0,formerly smoked,No,0.2019610052969683,0.2161850244668082,0.4089347079037801
56233,Female,44.0,No,No,No,Private,Rural,116.95,26.1,never smoked,No,0.4949847853037304,0.2854307081525252,0.1809851088201604
22591,Female,4.0,No,No,No,children,Urban,99.76,23.2,Unknown,No,0.0441789699087118,0.2060751546486936,0.1477663230240549
23757,Female,60.0,No,No,No,Private,Urban,105.48,28.4,Unknown,No,0.6753071114617378,0.2324808420275136,0.2073310423825887
19601,Female,19.0,No,No,No,Private,Urban,100.6,20.5,never smoked,No,0.2132311506818438,0.2099529129350937,0.1168384879725085
61801,Male,15.0,No,No,No,Private,Urban,65.05,24.6,Unknown,No,0.1681505691423419,0.0458406425999446,0.1638029782359679
949,Male,20.0,No,No,No,Private,Rural,75.9,32.2,never smoked,No,0.2245012960667192,0.0959283537992798,0.2508591065292097
10995,Male,76.0,Yes,No,Yes,Private,Rural,267.6,30.5,never smoked,No,0.8556294376197453,0.9808881913027422,0.2313860252004582
1503,Male,31.0,No,No,No,Private,Urban,215.07,28.1,smokes,No,0.3484728953003493,0.7383898070353614,0.2038946162657503
37431,Female,39.0,No,No,Yes,Govt_job,Urban,109.03,24.9,Unknown,No,0.4386340583793531,0.2488689871664666,0.1672394043528064
53697,Male,43.93,No,Yes,Yes,Private,Rural,225.35,26.5,smokes,No,0.4941958751267891,0.7858461822546394,0.1855670103092783
67012,Male,64.0,Yes,No,Yes,Private,Rural,196.26,34.5,Unknown,No,0.7203876930012397,0.6515557196934724,0.277205040091638
30525,Female,79.0,No,No,Yes,Govt_job,Urban,95.42,21.5,formerly smoked,No,0.8894398737743716,0.1860400701689595,0.1282932416953035
25860,Female,11.0,No,No,No,children,Rural,123.04,15.9,Unknown,No,0.12306998760284,0.3135444557289263,0.0641466208476517
21743,Male,4.0,No,No,No,children,Urban,85.88,17.7,Unknown,No,0.0441789699087118,0.1419998153448435,0.0847651775486827
25833,Female,43.0,No,No,Yes,Private,Rural,107.43,26.5,never smoked,No,0.4837146399188549,0.2414827809066568,0.1855670103092783
64652,Female,44.0,No,No,Yes,Private,Rural,56.85,24.4,never smoked,No,0.4949847853037304,0.0079863355184193,0.1615120274914089
45710,Female,37.0,No,No,Yes,Govt_job,Rural,102.15,26.6,Unknown,No,0.4160937676096021,0.2171083002492844,0.1867124856815578
27853,Female,34.0,No,No,Yes,Self-employed,Rural,88.68,23.9,never smoked,No,0.3822833314549758,0.1549256762995107,0.1557846506300114
5964,Female,59.0,No,No,Yes,Private,Urban,182.52,30.1,Unknown,No,0.6640369660768624,0.5881266734373558,0.2268041237113402
6976,Female,40.0,No,No,Yes,Private,Urban,93.97,23.6,never smoked,No,0.4499042037642285,0.1793463207460068,0.1523482245131729
11145,Female,8.0,No,No,No,children,Urban,104.03,18.4,Unknown,No,0.0892595514482136,0.225787092604561,0.0927835051546391
39229,Female,24.0,No,No,Yes,Private,Rural,67.99,32.1,never smoked,No,0.2695818776062211,0.0594127966023451,0.2497136311569301
14189,Male,18.0,No,No,No,Private,Rural,83.37,24.4,Unknown,No,0.2019610052969683,0.1304127042747669,0.1615120274914089
49929,Male,20.0,No,No,No,Private,Rural,124.66,27.3,never smoked,No,0.2245012960667192,0.3210229895669836,0.1947308132875143
56328,Female,70.0,No,No,Yes,Private,Rural,212.87,34.8,never smoked,No,0.7880085653104925,0.728233773428123,0.2806414662084764
26742,Female,68.0,No,No,Yes,Govt_job,Urban,96.75,28.4,formerly smoked,No,0.7654682745407415,0.1921798541224263,0.2073310423825887
63158,Male,17.0,No,No,No,Private,Urban,63.28,40.2,Unknown,No,0.1906908599120928,0.03766965192503,0.3424971363115693
27435,Female,17.0,No,No,No,Private,Urban,82.64,31.1,Unknown,No,0.1906908599120928,0.1270427476687286,0.2382588774341351
10829,Female,21.0,No,No,No,Private,Rural,71.34,24.0,never smoked,No,0.2357714414515947,0.0748776659588219,0.1569301260022909
70593,Female,38.0,No,No,Yes,Private,Rural,183.43,38.1,formerly smoked,No,0.4273639129944776,0.5923275782476226,0.3184421534936999
42647,Female,59.0,No,No,Yes,Govt_job,Urban,101.19,29.9,formerly smoked,No,0.6640369660768624,0.2126765764933985,0.2245131729667812
48109,Female,79.0,No,Yes,Yes,Private,Rural,88.51,24.5,never smoked,No,0.8894398737743716,0.1541408918844059,0.1626575028636884
40732,Female,50.0,No,No,Yes,Self-employed,Rural,126.85,49.5,formerly smoked,No,0.5626056576129832,0.3311328593850983,0.4490263459335625
58635,Female,72.0,No,No,Yes,Self-employed,Urban,74.17,35.5,formerly smoked,No,0.8105488560802434,0.0879420182808605,0.2886597938144329
844,Female,54.0,No,No,Yes,Private,Urban,76.04,29.5,smokes,No,0.6076862391524851,0.0965746468470132,0.2199312714776632
14688,Female,44.0,No,No,Yes,Private,Urban,73.87,28.8,smokes,No,0.4949847853037304,0.0865571046071461,0.2119129438717067
23026,Female,48.0,No,No,Yes,Private,Rural,99.07,22.1,never smoked,No,0.5400653668432323,0.2028898531991505,0.1351660939289805
30463,Male,29.0,No,No,No,Private,Urban,82.93,29.4,formerly smoked,No,0.3259326045305984,0.1283814975533192,0.2187857961053837
50140,Female,44.0,No,No,Yes,Govt_job,Rural,133.24,45.0,smokes,No,0.4949847853037304,0.3606315206352137,0.3974799541809851
36837,Female,61.0,No,No,Yes,Self-employed,Urban,69.88,27.1,never smoked,No,0.6865772568466133,0.0681377527467454,0.1924398625429553
57333,Female,58.0,No,No,Yes,Govt_job,Rural,69.12,28.3,Unknown,No,0.6527668206919869,0.0646293047733358,0.2061855670103093
19826,Female,81.0,No,No,Yes,Self-employed,Rural,86.05,20.1,formerly smoked,No,0.9119801645441226,0.1427845997599482,0.1122565864833906
37713,Male,68.4,No,No,Yes,Private,Urban,185.27,31.3,never smoked,No,0.7699763326946918,0.6008217154464038,0.2405498281786941
6278,Male,5.0,No,No,No,children,Urban,97.46,17.6,Unknown,No,0.0554491152935872,0.1954574831502169,0.0836197021764032
15517,Female,35.0,No,No,Yes,Private,Urban,81.9,24.5,never smoked,No,0.3935534768398512,0.1236266272735666,0.1626575028636884
25326,Female,40.0,No,No,No,Private,Rural,99.58,24.1,Unknown,No,0.4499042037642285,0.2052442064444649,0.1580756013745704
57034,Female,37.0,No,No,No,Private,Rural,124.54,31.3,never smoked,No,0.4160937676096021,0.320469024097498,0.2405498281786941
70718,Male,33.0,No,No,Yes,Private,Rural,153.34,31.5,never smoked,No,0.3710131860701003,0.4534207367740744,0.2428407789232531
47461,Female,35.0,No,No,Yes,Private,Urban,112.35,29.9,Unknown,No,0.3935534768398512,0.2641953651555719,0.2245131729667812
50091,Female,38.0,No,No,No,Govt_job,Urban,160.76,30.2,smokes,No,0.4273639129944776,0.4876742683039423,0.2279495990836197
62416,Female,31.21,No,No,Yes,Private,Rural,73.29,27.8,never smoked,No,0.3508396258311732,0.0838796048379651,0.2004581901489118
5288,Male,10.0,No,No,No,children,Urban,108.08,15.6,Unknown,No,0.1117998422179646,0.2444834271997045,0.0607101947308132
66951,Female,72.0,No,No,Yes,Private,Urban,206.49,26.3,never smoked,No,0.8105488560802434,0.6987812759671314,0.1832760595647193
28335,Male,21.0,No,No,Yes,Private,Rural,77.42,24.8,never smoked,No,0.2357714414515947,0.1029452497460991,0.1660939289805269
67465,Female,20.0,No,No,No,Private,Rural,117.59,17.1,never smoked,No,0.2245012960667192,0.2883851906564491,0.0778923253150057
67426,Female,1.24,No,No,No,children,Rural,61.94,20.3,Unknown,No,0.0130733686464555,0.0314837041824392,0.1145475372279496
19508,Female,26.0,No,No,No,Private,Urban,116.68,18.7,formerly smoked,No,0.292122168375972,0.2841842858461822,0.0962199312714776
65405,Female,79.0,No,No,No,Private,Urban,253.86,28.8,formerly smoked,No,0.8894398737743716,0.9174591450466254,0.2119129438717067
49773,Female,78.0,No,No,Yes,Private,Urban,203.36,28.7,formerly smoked,No,0.8781697283894963,0.6843320099713784,0.2107674684994272
57159,Male,56.0,No,No,Yes,Self-employed,Rural,125.87,24.6,never smoked,No,0.6302265299222359,0.3266088080509648,0.1638029782359679
69710,Female,46.0,No,No,No,Self-employed,Rural,64.09,25.3,never smoked,No,0.5175250760734813,0.0414089188440587,0.1718213058419244
58834,Male,55.0,No,No,Yes,Govt_job,Urban,65.33,29.7,Unknown,No,0.6189563845373606,0.0471332286954113,0.2222222222222222
42007,Male,41.0,No,No,No,Private,Rural,70.15,28.1,formerly smoked,No,0.461174349149104,0.0693841750530883,0.2038946162657503
5121,Male,30.0,No,No,Yes,Private,Urban,96.84,21.1,Unknown,No,0.3372027499154739,0.1925953282245407,0.1237113402061855
44878,Male,53.0,No,No,Yes,Private,Rural,175.92,26.9,smokes,No,0.5964160937676096,0.5576585726156402,0.1901489117983963
40220,Male,32.0,No,No,No,Private,Rural,100.65,26.2,formerly smoked,No,0.3597430406852248,0.2101837318807128,0.1821305841924398
19692,Male,38.0,No,No,No,Private,Rural,112.39,26.3,Unknown,No,0.4273639129944776,0.2643800203120672,0.1832760595647193
27616,Male,33.0,No,No,Yes,Govt_job,Rural,81.1,24.8,never smoked,No,0.3710131860701003,0.1199335241436617,0.1660939289805269
19801,Female,44.0,No,No,Yes,Private,Rural,98.3,25.0,never smoked,No,0.4949847853037304,0.1993352414366171,0.1683848797250859
21467,Male,44.0,No,No,Yes,Private,Urban,89.68,34.6,Unknown,No,0.4949847853037304,0.1595420552118918,0.2783505154639175
25102,Female,51.0,No,No,Yes,Govt_job,Urban,95.16,42.7,formerly smoked,No,0.5738758029978587,0.1848398116517403,0.3711340206185567
28788,Male,40.0,No,No,Yes,Private,Urban,191.15,28.1,smokes,No,0.4499042037642285,0.6279660234512049,0.2038946162657503
29028,Female,41.0,No,No,Yes,Private,Rural,91.04,24.5,never smoked,No,0.461174349149104,0.1658203305327301,0.1626575028636884
15581,Male,5.0,No,No,No,children,Urban,101.87,19.3,Unknown,No,0.0554491152935872,0.2158157141538177,0.1030927835051546
16738,Female,42.0,No,No,Yes,Private,Rural,96.86,29.3,never smoked,No,0.4724444945339794,0.1926876558027883,0.2176403207331042
31836,Female,6.0,No,No,No,children,Urban,91.05,22.1,Unknown,No,0.0667192606784627,0.1658664943218539,0.1351660939289805
43496,Female,46.0,No,No,Yes,Govt_job,Urban,55.84,27.8,never smoked,No,0.5175250760734813,0.0033237928169144,0.2004581901489118
52677,Female,47.0,No,No,Yes,Private,Urban,84.04,24.7,never smoked,No,0.5287952214583568,0.1335056781460622,0.1649484536082474
11630,Female,25.0,No,No,No,Private,Urban,92.06,25.3,smokes,No,0.2808520229910966,0.1705290370233589,0.1718213058419244
53478,Female,40.0,No,No,Yes,Private,Urban,89.61,41.2,formerly smoked,No,0.4499042037642285,0.1592189086880251,0.3539518900343643
38349,Female,49.0,No,No,Yes,Govt_job,Urban,69.92,47.6,never smoked,No,0.5513355122281077,0.0683224079032407,0.427262313860252
48425,Male,21.0,No,No,No,Private,Rural,89.29,23.4,never smoked,No,0.2357714414515947,0.1577416674360632,0.1500572737686139
64420,Female,61.0,No,No,Yes,Govt_job,Rural,120.23,22.7,Unknown,No,0.6865772568466133,0.3005724309851353,0.1420389461626575
60271,Male,78.0,No,No,Yes,Private,Urban,60.22,29.7,formerly smoked,No,0.8781697283894963,0.0235435324531437,0.2222222222222222
38009,Male,41.0,No,No,Yes,Private,Urban,223.78,32.3,never smoked,No,0.461174349149104,0.7785984673622011,0.2520045819014891
11184,Female,82.0,No,No,Yes,Self-employed,Rural,211.58,36.9,never smoked,No,0.923250309928998,0.7222786446311513,0.3046964490263459
68967,Male,39.0,No,No,Yes,Private,Urban,179.38,27.7,Unknown,No,0.4386340583793531,0.573631243652479,0.1993127147766323
66684,Male,70.0,No,No,Yes,Self-employed,Rural,193.88,24.3,Unknown,No,0.7880085653104925,0.6405687378820053,0.1603665521191294
7789,Female,31.0,No,No,Yes,Private,Urban,89.01,37.4,never smoked,No,0.3484728953003493,0.1564490813405964,0.3104238258877434
40112,Female,37.0,No,No,No,Private,Urban,118.41,25.1,never smoked,No,0.4160937676096021,0.2921706213646016,0.1695303550973654
65814,Female,21.0,No,No,No,Private,Urban,138.51,24.3,never smoked,No,0.2357714414515947,0.3849598375034622,0.1603665521191294
49598,Male,80.0,No,No,Yes,Self-employed,Urban,120.03,24.3,formerly smoked,No,0.9007100191592471,0.299649155202659,0.1603665521191294
15599,Female,21.0,No,No,No,Private,Urban,91.01,28.7,never smoked,No,0.2357714414515947,0.1656818391653587,0.2107674684994272
62425,Female,5.0,No,No,No,children,Urban,61.98,16.8,Unknown,No,0.0554491152935872,0.0316683593389345,0.0744558991981672
52652,Male,81.0,No,No,Yes,Private,Rural,135.32,35.8,Unknown,No,0.9119801645441226,0.3702335887729664,0.2920962199312714
71957,Female,35.0,No,No,Yes,Private,Rural,58.72,40.0,smokes,No,0.3935534768398512,0.016618964084572,0.3402061855670103
17231,Female,24.0,No,No,No,Private,Urban,90.42,24.3,never smoked,No,0.2695818776062211,0.1629581756070538,0.1603665521191294
30379,Female,52.0,No,No,Yes,Govt_job,Urban,104.0,25.6,smokes,No,0.5851459483827341,0.2256486012371895,0.1752577319587629
63997,Male,70.0,No,No,Yes,Private,Urban,102.5,37.8,Unknown,No,0.7880085653104925,0.2187240328686178,0.3150057273768614
39935,Female,34.0,No,No,Yes,Private,Rural,174.37,23.0,never smoked,No,0.3822833314549758,0.5505031853014495,0.1454753722794959
8203,Female,17.0,No,No,No,Private,Rural,106.56,21.0,Unknown,No,0.1906908599120928,0.2374665312528852,0.122565864833906
27446,Female,8.0,No,No,No,children,Urban,76.31,15.5,Unknown,No,0.0892595514482136,0.0978210691533561,0.0595647193585337
42709,Male,1.72,No,No,No,children,Urban,77.28,17.1,Unknown,No,0.0184830384311957,0.1022989566983658,0.0778923253150057
22691,Female,29.0,No,No,Yes,Self-employed,Urban,90.52,28.0,never smoked,No,0.3259326045305984,0.1634198134982919,0.2027491408934708
37680,Male,55.0,No,No,Yes,Govt_job,Rural,108.35,40.8,formerly smoked,No,0.6189563845373606,0.2457298495060474,0.3493699885452462
24552,Female,44.0,No,No,Yes,Private,Rural,72.03,37.5,smokes,No,0.4949847853037304,0.0780629674083649,0.3115693012600229
72914,Female,19.0,No,No,No,Private,Urban,90.57,24.2,Unknown,No,0.2132311506818438,0.1636506324439109,0.1592210767468499
29540,Male,67.0,No,No,Yes,Private,Rural,97.04,26.9,smokes,No,0.7541981291558661,0.1935186040070169,0.1901489117983963
53525,Female,72.0,No,No,Yes,Private,Urban,83.89,33.1,formerly smoked,No,0.8105488560802434,0.132813221309205,0.2611683848797251
65411,Female,51.0,No,No,Yes,Private,Urban,152.56,21.8,Unknown,No,0.5738758029978587,0.4498199612224171,0.131729667812142
26214,Female,63.0,No,No,Yes,Self-employed,Rural,75.93,34.7,formerly smoked,No,0.7091175476163643,0.0960668451666513,0.279495990836197
22190,Female,64.0,Yes,No,Yes,Self-employed,Urban,76.89,30.2,Unknown,No,0.7203876930012397,0.1004985689225371,0.2279495990836197
56714,Female,0.72,No,No,No,children,Rural,62.13,16.8,Unknown,No,0.0072128930463202,0.0323608161757917,0.0744558991981672
4211,Male,26.0,No,No,No,Govt_job,Rural,100.85,21.0,smokes,No,0.292122168375972,0.211107007663189,0.122565864833906
6369,Male,59.0,Yes,No,Yes,Private,Rural,95.05,30.9,never smoked,No,0.6640369660768624,0.1843320099713784,0.2359679266895761
56799,Male,76.0,No,No,Yes,Govt_job,Urban,82.35,38.9,never smoked,No,0.8556294376197453,0.1257039977841381,0.3276059564719358
32235,Female,45.0,Yes,No,Yes,Govt_job,Rural,95.02,28.1,smokes,No,0.5062549306886058,0.184193518604007,0.2038946162657503
28048,Male,13.0,No,No,No,children,Urban,82.38,24.3,Unknown,No,0.145610278372591,0.1258424891515095,0.1603665521191294
68598,Male,1.08,No,No,No,children,Rural,79.15,17.4,Unknown,No,0.0112701453848754,0.1109315852645185,0.0813287514318441
41512,Male,57.0,No,No,Yes,Govt_job,Rural,76.62,28.2,never smoked,No,0.6414966753071114,0.0992521466161942,0.2050400916380297
64520,Male,68.0,No,No,Yes,Self-employed,Urban,91.68,40.8,Unknown,No,0.7654682745407415,0.1687748130366541,0.3493699885452462
579,Male,9.0,No,No,No,children,Urban,71.88,17.5,Unknown,No,0.1005296968330891,0.0773705105715076,0.0824742268041237
7293,Male,40.0,No,No,Yes,Private,Rural,83.94,28.1,smokes,No,0.4499042037642285,0.1330440402548241,0.2038946162657503
68398,Male,82.0,Yes,No,Yes,Self-employed,Rural,71.97,28.3,never smoked,No,0.923250309928998,0.077785984673622,0.2061855670103093
36901,Female,45.0,No,No,Yes,Private,Urban,97.95,24.5,Unknown,No,0.5062549306886058,0.1977195088172837,0.1626575028636884
45010,Female,57.0,No,No,Yes,Private,Rural,77.93,21.7,never smoked,No,0.6414966753071114,0.1052996029914135,0.1305841924398625
22127,Female,18.0,No,No,No,Private,Urban,82.85,46.9,Unknown,No,0.2019610052969683,0.1280121872403286,0.4192439862542955
14180,Female,13.0,No,No,No,children,Rural,103.08,18.6,Unknown,No,0.145610278372591,0.2214015326377989,0.0950744558991981
18234,Female,45.0,Yes,No,Yes,Private,Urban,83.75,28.1,never smoked,No,0.5062549306886058,0.1321669282614717,0.2038946162657503
44873,Female,81.0,No,No,Yes,Self-employed,Urban,125.2,40.0,never smoked,No,0.9119801645441226,0.3235158341796695,0.3402061855670103
19723,Female,35.0,No,No,Yes,Self-employed,Rural,82.99,30.6,never smoked,No,0.3935534768398512,0.128658480288062,0.2325315005727377
37544,Male,51.0,No,No,Yes,Private,Rural,166.29,25.6,formerly smoked,No,0.5738758029978587,0.5132028436894099,0.1752577319587629
44679,Female,44.0,No,No,Yes,Govt_job,Urban,85.28,26.2,Unknown,No,0.4949847853037304,0.1392299879974148,0.1821305841924398
